transaction_amount,attempt_number,prior_failed_attempt_count,prior_temporary_failure_count,has_failure_reason,currency__INR,currency__USD,currency__AED,payment_method_attempted__UPI,payment_method_attempted__CARD,payment_method_attempted__NET_BANKING,failure_category__TEMPORARY_FAILURE,failure_category__PAYMENT_METHOD_FAILURE,failure_category__CUSTOMER_ACTION_REQUIRED,failure_category__UNKNOWN_FAILURE,candidate_action_type__RETRY,candidate_action_type__ALTERNATE_METHOD,candidate_action_type__CUSTOMER_ACTION,candidate_action_type__ESCALATE
19820,1,0,0,1,1,0,0,0,1,0,0,0,1,0,0,0,1,0
10990,5,0,0,1,1,0,0,0,1,0,1,0,0,0,1,0,0,0
800,3,0,0,1,1,0,0,0,1,0,0,0,1,0,0,0,1,0
28820,2,0,0,1,1,0,0,0,0,1,1,0,0,0,1,0,0,0
750,4,3,0,1,1,0,0,1,0,0,1,0,0,0,1,0,0,0
15670,3,1,1,1,1,0,0,0,0,1,0,0,0,1,0,0,1,0
34400,2,1,1,1,1,0,0,0,1,0,1,0,0,0,0,1,0,0
1430,4,1,0,1,1,0,0,0,1,0,1,0,0,0,1,0,0,0
6970,5,4,1,1,1,0,0,1,0,0,0,1,0,0,0,1,0,0
1590,5,0,0,1,1,0,0,1,0,0,0,0,0,1,0,0,0,1
730,3,0,0,1,1,0,0,1,0,0,0,1,0,0,0,1,0,0
2620,2,1,1,1,1,0,0,1,0,0,1,0,0,0,1,0,0,0
630,3,2,1,1,1,0,0,0,1,0,1,0,0,0,1,0,0,0
6050,4,3,3,1,1,0,0,0,1,0,0,0,0,1,0,0,0,1
7040,1,0,0,1,0,1,0,1,0,0,1,0,0,0,1,0,0,0
1770,3,2,2,1,1,0,0,1,0,0,1,0,0,0,1,0,0,0
700,2,1,1,1,1,0,0,1,0,0,1,0,0,0,1,0,0,0
5410,2,0,0,1,1,0,0,1,0,0,0,0,1,0,1,0,0,0
1160,2,1,1,1,1,0,0,1,0,0,1,0,0,0,1,0,0,0
1060,2,1,1,1,1,0,0,0,1,0,0,0,0,1,0,0,0,1
19330,5,3,1,1,1,0,0,0,1,0,0,1,0,0,0,0,0,1
950,4,3,2,1,1,0,0,1,0,0,0,1,0,0,0,0,0,1
1770,3,1,0,1,1,0,0,0,1,0,0,0,1,0,0,0,0,1
6750,2,1,1,1,1,0,0,1,0,0,1,0,0,0,1,0,0,0
2530,1,0,0,1,0,1,0,0,1,0,0,0,0,1,0,1,0,0
15380,1,0,0,1,1,0,0,0,1,0,0,0,0,1,1,0,0,0
11560,4,2,0,1,1,0,0,0,1,0,1,0,0,0,1,0,0,0
25250,4,0,0,1,1,0,0,1,0,0,0,1,0,0,0,1,0,0
4880,2,1,1,1,1,0,0,0,0,1,1,0,0,0,1,0,0,0
14420,3,1,1,1,1,0,0,1,0,0,0,0,0,1,0,1,0,0
610,3,0,0,1,1,0,0,0,1,0,0,1,0,0,0,1,0,0
590,3,1,0,1,1,0,0,0,1,0,0,0,1,0,1,0,0,0
1990,4,3,1,1,1,0,0,1,0,0,0,0,0,1,0,1,0,0
16530,5,0,0,1,0,1,0,0,0,1,1,0,0,0,1,0,0,0
10510,1,0,0,1,1,0,0,0,0,1,0,0,0,1,0,0,0,1
1330,1,0,0,1,0,1,0,1,0,0,0,1,0,0,0,1,0,0
4580,5,1,1,1,1,0,0,0,1,0,1,0,0,0,0,1,0,0
3640,1,0,0,1,0,0,1,0,1,0,1,0,0,0,0,1,0,0
23410,3,1,1,1,1,0,0,1,0,0,0,1,0,0,0,1,0,0
610,1,0,0,1,1,0,0,0,1,0,0,1,0,0,0,1,0,0
28740,3,0,0,1,1,0,0,0,1,0,0,1,0,0,0,1,0,0
36540,2,1,1,1,0,0,1,0,1,0,0,0,0,1,0,0,0,1
980,5,1,1,1,1,0,0,0,1,0,0,0,0,1,0,1,0,0
4570,5,3,2,1,1,0,0,1,0,0,1,0,0,0,0,1,0,0
610,4,1,0,1,1,0,0,0,1,0,1,0,0,0,1,0,0,0
1190,2,0,0,1,1,0,0,0,1,0,1,0,0,0,0,1,0,0
600,5,2,1,1,1,0,0,1,0,0,0,1,0,0,0,0,1,0
6880,3,2,2,1,0,0,1,0,1,0,0,1,0,0,0,1,0,0
1530,5,1,1,1,1,0,0,1,0,0,0,1,0,0,0,0,0,1
1210,4,2,1,1,1,0,0,1,0,0,1,0,0,0,1,0,0,0
760,5,0,0,1,0,1,0,1,0,0,1,0,0,0,1,0,0,0
680,2,0,0,1,1,0,0,1,0,0,1,0,0,0,1,0,0,0
23200,2,1,1,1,0,0,1,0,1,0,0,0,1,0,0,0,0,1
1300,4,2,2,1,1,0,0,0,0,1,0,1,0,0,1,0,0,0
10050,1,0,0,1,0,0,1,0,0,1,0,1,0,0,0,1,0,0
1580,4,2,1,1,1,0,0,1,0,0,0,1,0,0,0,1,0,0
630,4,2,1,1,1,0,0,0,0,1,1,0,0,0,0,1,0,0
1690,1,0,0,1,0,1,0,0,0,1,0,1,0,0,0,0,1,0
1910,2,1,0,1,1,0,0,0,0,1,0,1,0,0,0,0,1,0
2960,4,0,0,1,1,0,0,1,0,0,1,0,0,0,1,0,0,0
1540,4,2,1,1,1,0,0,0,1,0,0,0,1,0,0,0,0,1
16840,3,2,2,1,1,0,0,1,0,0,0,1,0,0,0,0,1,0
17160,1,0,0,1,1,0,0,0,1,0,1,0,0,0,0,1,0,0
11870,5,2,0,1,1,0,0,1,0,0,0,1,0,0,0,0,1,0
1430,1,0,0,1,1,0,0,0,0,1,0,0,0,1,0,0,0,1
980,5,4,2,1,1,0,0,1,0,0,1,0,0,0,1,0,0,0
3410,2,1,1,1,1,0,0,0,1,0,1,0,0,0,1,0,0,0
18830,2,1,1,1,1,0,0,1,0,0,0,1,0,0,0,1,0,0
15310,1,0,0,1,1,0,0,0,1,0,1,0,0,0,1,0,0,0
8180,2,1,0,1,1,0,0,0,1,0,1,0,0,0,1,0,0,0
35470,1,0,0,1,0,1,0,0,1,0,1,0,0,0,1,0,0,0
3880,5,3,2,1,1,0,0,1,0,0,0,1,0,0,0,1,0,0
28750,4,0,0,1,1,0,0,1,0,0,0,1,0,0,0,1,0,0
870,3,2,2,1,1,0,0,0,1,0,1,0,0,0,1,0,0,0
2400,5,1,1,1,0,0,1,1,0,0,1,0,0,0,0,1,0,0
27910,4,3,0,1,1,0,0,1,0,0,1,0,0,0,1,0,0,0
5130,3,1,1,1,1,0,0,1,0,0,1,0,0,0,0,1,0,0
2260,2,0,0,1,0,0,1,0,1,0,1,0,0,0,1,0,0,0
14040,4,1,1,1,1,0,0,1,0,0,0,0,0,1,0,0,0,1
1280,2,0,0,1,1,0,0,0,1,0,1,0,0,0,1,0,0,0
830,4,1,0,1,1,0,0,0,1,0,1,0,0,0,0,0,1,0
4850,2,0,0,1,1,0,0,0,1,0,0,0,1,0,0,0,1,0
19060,3,0,0,1,0,1,0,1,0,0,0,1,0,0,0,1,0,0
4060,2,1,1,1,1,0,0,1,0,0,1,0,0,0,1,0,0,0
26220,1,0,0,1,1,0,0,0,1,0,0,0,1,0,0,0,1,0
8470,1,0,0,1,1,0,0,1,0,0,1,0,0,0,0,0,1,0
800,1,0,0,1,0,0,1,1,0,0,0,1,0,0,1,0,0,0
1560,1,0,0,1,1,0,0,1,0,0,0,0,0,1,0,0,1,0
26020,4,1,0,1,1,0,0,0,1,0,0,0,0,1,0,0,0,1
650,2,1,1,1,1,0,0,0,0,1,1,0,0,0,1,0,0,0
11010,4,3,0,1,1,0,0,0,1,0,1,0,0,0,0,1,0,0
2790,5,1,0,1,0,1,0,1,0,0,0,0,0,1,0,0,0,1
2010,3,0,0,1,1,0,0,0,0,1,1,0,0,0,1,0,0,0
670,5,2,2,1,1,0,0,0,0,1,0,1,0,0,0,1,0,0
830,1,0,0,1,1,0,0,1,0,0,0,1,0,0,0,0,1,0
760,2,0,0,1,1,0,0,0,0,1,1,0,0,0,1,0,0,0
710,2,1,1,1,1,0,0,0,0,1,1,0,0,0,0,1,0,0
6610,4,0,0,1,0,0,1,1,0,0,0,1,0,0,0,1,0,0
10270,1,0,0,1,1,0,0,0,1,0,0,1,0,0,0,0,1,0
630,5,4,2,1,1,0,0,1,0,0,0,1,0,0,0,1,0,0
2330,5,0,0,1,1,0,0,1,0,0,1,0,0,0,0,0,0,1
8260,3,1,0,1,1,0,0,0,1,0,0,0,1,0,0,0,0,1
670,1,0,0,1,1,0,0,1,0,0,1,0,0,0,0,1,0,0
1380,2,0,0,1,1,0,0,0,0,1,0,0,1,0,0,0,1,0
11180,5,4,1,1,0,0,1,0,1,0,1,0,0,0,1,0,0,0
860,4,2,1,1,1,0,0,1,0,0,0,0,0,1,0,0,0,1
930,2,1,1,1,1,0,0,0,0,1,0,0,1,0,0,0,1,0
1090,1,0,0,1,1,0,0,1,0,0,0,1,0,0,1,0,0,0
1080,5,0,0,1,1,0,0,0,1,0,1,0,0,0,0,1,0,0
22580,4,3,2,1,1,0,0,1,0,0,1,0,0,0,0,0,0,1
2790,2,1,0,1,1,0,0,0,0,1,0,1,0,0,0,1,0,0
19290,3,0,0,1,1,0,0,1,0,0,0,1,0,0,0,0,0,1
670,5,3,2,1,0,1,0,0,1,0,0,1,0,0,0,1,0,0
610,1,0,0,1,1,0,0,0,1,0,1,0,0,0,1,0,0,0
8500,2,1,1,1,1,0,0,0,0,1,1,0,0,0,1,0,0,0
730,1,0,0,1,1,0,0,0,0,1,1,0,0,0,0,0,1,0
22030,1,0,0,1,1,0,0,0,1,0,0,1,0,0,0,1,0,0
5580,5,4,4,1,0,1,0,1,0,0,0,0,1,0,0,1,0,0
610,1,0,0,1,1,0,0,1,0,0,1,0,0,0,1,0,0,0
1000,2,0,0,1,1,0,0,0,1,0,0,0,0,1,0,1,0,0
1030,2,1,0,1,1,0,0,0,1,0,1,0,0,0,1,0,0,0
830,1,0,0,1,1,0,0,0,1,0,1,0,0,0,0,0,0,1
19370,4,1,0,1,0,0,1,1,0,0,1,0,0,0,1,0,0,0
690,3,1,0,1,1,0,0,1,0,0,1,0,0,0,1,0,0,0
590,5,4,2,1,1,0,0,1,0,0,1,0,0,0,0,1,0,0
1920,1,0,0,1,0,0,1,0,1,0,1,0,0,0,0,1,0,0
38090,5,1,1,1,1,0,0,0,1,0,1,0,0,0,0,0,0,1
1740,5,2,2,1,1,0,0,1,0,0,1,0,0,0,1,0,0,0
14350,2,0,0,1,1,0,0,1,0,0,0,1,0,0,0,1,0,0
2520,4,2,0,1,0,1,0,1,0,0,1,0,0,0,1,0,0,0
1360,5,0,0,1,1,0,0,1,0,0,1,0,0,0,0,1,0,0
4970,1,0,0,1,0,0,1,1,0,0,1,0,0,0,1,0,0,0
7930,3,2,1,1,1,0,0,0,1,0,1,0,0,0,1,0,0,0
6090,3,0,0,1,1,0,0,0,1,0,1,0,0,0,0,0,0,1
4600,1,0,0,1,1,0,0,1,0,0,0,1,0,0,0,1,0,0
3130,4,0,0,1,1,0,0,1,0,0,1,0,0,0,1,0,0,0
12280,3,0,0,1,0,1,0,0,0,1,1,0,0,0,1,0,0,0
710,4,3,2,1,1,0,0,0,0,1,0,1,0,0,0,0,1,0
1980,1,0,0,1,1,0,0,1,0,0,1,0,0,0,1,0,0,0
3240,4,2,2,1,1,0,0,1,0,0,0,0,1,0,0,0,1,0
11590,5,3,3,1,0,1,0,1,0,0,1,0,0,0,0,0,0,1
6220,5,4,3,1,1,0,0,1,0,0,1,0,0,0,0,1,0,0
23910,1,0,0,1,1,0,0,0,1,0,0,1,0,0,0,0,1,0
660,5,4,3,1,1,0,0,1,0,0,0,1,0,0,0,0,0,1
1090,3,1,0,1,1,0,0,0,1,0,1,0,0,0,0,1,0,0
620,5,2,0,1,0,1,0,1,0,0,0,1,0,0,0,1,0,0
7390,1,0,0,1,0,1,0,0,0,1,0,1,0,0,1,0,0,0
610,5,3,3,1,1,0,0,0,1,0,0,0,0,1,0,0,0,1
2350,5,2,2,1,1,0,0,0,1,0,1,0,0,0,0,1,0,0
2960,1,0,0,1,1,0,0,0,1,0,0,0,0,1,1,0,0,0
750,5,3,1,1,1,0,0,0,1,0,1,0,0,0,1,0,0,0
13710,4,0,0,1,1,0,0,1,0,0,1,0,0,0,1,0,0,0
7460,5,2,2,1,1,0,0,1,0,0,0,1,0,0,0,1,0,0
810,1,0,0,1,1,0,0,0,0,1,0,0,1,0,0,0,1,0
3900,4,3,0,1,1,0,0,1,0,0,0,1,0,0,0,0,0,1
610,2,0,0,1,1,0,0,0,1,0,0,1,0,0,0,1,0,0
5030,1,0,0,1,1,0,0,1,0,0,0,0,0,1,0,0,0,1
1820,1,0,0,1,1,0,0,0,1,0,1,0,0,0,0,0,0,1
14690,1,0,0,1,0,1,0,0,1,0,0,0,0,1,0,0,0,1
1020,2,0,0,1,1,0,0,0,1,0,1,0,0,0,1,0,0,0
1310,1,0,0,1,1,0,0,0,0,1,1,0,0,0,0,1,0,0
1270,5,4,3,1,1,0,0,0,1,0,0,0,1,0,0,0,1,0
6000,2,1,1,1,1,0,0,1,0,0,1,0,0,0,1,0,0,0
2240,1,0,0,1,0,1,0,1,0,0,0,1,0,0,0,1,0,0
36170,3,2,0,1,1,0,0,1,0,0,1,0,0,0,1,0,0,0
19150,5,2,2,1,1,0,0,1,0,0,0,1,0,0,0,0,0,1
13200,3,1,1,1,1,0,0,1,0,0,1,0,0,0,0,0,1,0
5670,2,1,0,1,0,1,0,0,1,0,0,0,0,1,1,0,0,0
1110,3,0,0,1,1,0,0,1,0,0,0,0,0,1,0,0,0,1
610,2,1,1,1,1,0,0,0,0,1,0,0,0,1,0,0,0,1
1200,5,2,0,1,1,0,0,1,0,0,0,0,1,0,0,0,1,0
600,1,0,0,1,1,0,0,1,0,0,0,1,0,0,0,1,0,0
13910,4,2,2,1,1,0,0,1,0,0,0,0,0,1,0,0,0,1
670,4,3,0,1,1,0,0,0,1,0,0,1,0,0,0,1,0,0
1320,3,2,1,1,1,0,0,1,0,0,1,0,0,0,1,0,0,0
1130,4,3,1,1,1,0,0,0,1,0,0,0,1,0,0,0,1,0
5960,4,2,1,1,1,0,0,0,1,0,0,0,0,1,0,0,0,1
35710,5,1,0,1,1,0,0,1,0,0,0,1,0,0,0,0,0,1
9200,1,0,0,1,1,0,0,1,0,0,0,1,0,0,0,0,0,1
590,4,1,0,1,1,0,0,1,0,0,0,0,1,0,1,0,0,0
3930,3,2,1,1,1,0,0,0,1,0,0,0,1,0,0,0,1,0
2610,5,0,0,1,1,0,0,1,0,0,1,0,0,0,0,0,0,1
8580,4,3,2,1,1,0,0,1,0,0,0,0,0,1,0,0,0,1
1170,2,0,0,1,1,0,0,0,1,0,0,1,0,0,0,1,0,0
16520,5,2,1,1,1,0,0,1,0,0,1,0,0,0,1,0,0,0
1410,2,0,0,1,1,0,0,0,1,0,0,1,0,0,0,1,0,0
2240,2,1,0,1,1,0,0,0,1,0,1,0,0,0,0,0,0,1
610,1,0,0,1,1,0,0,1,0,0,0,0,1,0,1,0,0,0
33020,5,4,4,1,0,1,0,0,1,0,0,0,0,1,0,0,0,1
2170,5,0,0,1,1,0,0,1,0,0,0,1,0,0,0,0,0,1
1300,2,0,0,1,1,0,0,1,0,0,0,0,0,1,0,0,0,1
2120,2,1,1,1,1,0,0,0,1,0,0,0,0,1,0,0,1,0
930,1,0,0,1,1,0,0,1,0,0,0,0,1,0,0,0,0,1
1460,4,1,0,1,1,0,0,1,0,0,0,1,0,0,0,0,0,1
1100,1,0,0,1,1,0,0,1,0,0,1,0,0,0,1,0,0,0
2270,1,0,0,1,1,0,0,1,0,0,1,0,0,0,0,0,1,0
630,5,4,2,1,1,0,0,1,0,0,1,0,0,0,1,0,0,0
24010,3,1,0,1,1,0,0,0,1,0,0,1,0,0,0,0,0,1
680,3,1,1,1,1,0,0,0,1,0,0,1,0,0,0,1,0,0
4190,5,3,0,1,1,0,0,0,1,0,0,1,0,0,0,1,0,0
1580,5,1,1,1,1,0,0,0,1,0,1,0,0,0,0,0,0,1
1760,4,2,1,1,1,0,0,0,1,0,1,0,0,0,0,1,0,0
27830,5,1,0,1,1,0,0,0,1,0,1,0,0,0,0,1,0,0
600,3,2,2,1,1,0,0,1,0,0,1,0,0,0,1,0,0,0
650,4,2,1,1,1,0,0,0,1,0,0,0,0,1,0,0,0,1
650,2,0,0,1,1,0,0,0,1,0,0,1,0,0,0,0,1,0
820,5,3,3,1,1,0,0,1,0,0,0,0,1,0,0,0,1,0
640,1,0,0,1,1,0,0,1,0,0,0,1,0,0,0,0,1,0
2910,4,2,1,1,1,0,0,1,0,0,0,0,0,1,1,0,0,0
1460,2,1,1,1,0,0,1,1,0,0,1,0,0,0,1,0,0,0
610,3,1,0,1,1,0,0,1,0,0,0,1,0,0,0,0,1,0
29460,3,2,0,1,1,0,0,1,0,0,1,0,0,0,0,1,0,0
590,2,1,0,1,1,0,0,0,1,0,0,0,0,1,0,0,0,1
1000,5,4,1,1,1,0,0,1,0,0,1,0,0,0,0,0,1,0
3770,3,2,2,1,1,0,0,1,0,0,0,0,1,0,0,0,1,0
6170,3,2,1,1,0,1,0,1,0,0,0,1,0,0,1,0,0,0
2760,2,0,0,1,1,0,0,0,0,1,0,0,1,0,0,0,1,0
600,4,3,2,1,1,0,0,0,1,0,0,1,0,0,0,1,0,0
23320,1,0,0,1,1,0,0,1,0,0,0,1,0,0,0,1,0,0
1020,1,0,0,1,0,1,0,0,1,0,0,0,0,1,0,0,0,1
24570,5,3,3,1,1,0,0,1,0,0,1,0,0,0,0,0,0,1
990,2,0,0,1,1,0,0,1,0,0,1,0,0,0,1,0,0,0
31790,4,3,3,1,1,0,0,0,1,0,1,0,0,0,1,0,0,0
4330,3,2,2,1,0,1,0,0,1,0,1,0,0,0,0,0,0,1
8440,2,0,0,1,1,0,0,1,0,0,0,1,0,0,0,1,0,0
2080,2,1,0,1,1,0,0,1,0,0,1,0,0,0,1,0,0,0
790,2,0,0,1,1,0,0,1,0,0,0,0,0,1,0,0,0,1
660,4,1,1,1,1,0,0,1,0,0,0,1,0,0,0,1,0,0
10340,2,0,0,1,1,0,0,0,1,0,0,0,1,0,0,0,1,0
950,4,0,0,1,1,0,0,1,0,0,0,0,1,0,0,0,1,0
18250,2,0,0,1,1,0,0,0,1,0,0,0,0,1,1,0,0,0
1070,4,1,0,1,1,0,0,1,0,0,1,0,0,0,0,1,0,0
3230,5,3,0,1,1,0,0,0,1,0,0,1,0,0,0,0,0,1
21430,1,0,0,1,0,1,0,0,1,0,0,0,1,0,0,0,1,0
13050,1,0,0,1,1,0,0,0,1,0,1,0,0,0,0,0,0,1
940,1,0,0,1,1,0,0,1,0,0,0,0,0,1,0,1,0,0
4180,3,1,0,1,1,0,0,1,0,0,0,1,0,0,0,1,0,0
2730,3,0,0,1,1,0,0,0,1,0,0,0,0,1,0,0,1,0
640,5,3,1,1,1,0,0,1,0,0,1,0,0,0,1,0,0,0
2050,1,0,0,1,1,0,0,0,0,1,0,1,0,0,0,1,0,0
840,2,0,0,1,1,0,0,0,1,0,1,0,0,0,1,0,0,0
20500,3,1,0,1,0,1,0,0,0,1,1,0,0,0,1,0,0,0
670,2,1,0,1,0,1,0,1,0,0,1,0,0,0,0,1,0,0
750,4,3,1,1,0,0,1,0,0,1,0,0,0,1,1,0,0,0
1690,5,1,1,1,1,0,0,1,0,0,1,0,0,0,0,0,0,1
2800,4,2,0,1,1,0,0,0,0,1,0,1,0,0,0,0,1,0
15690,2,0,0,1,1,0,0,1,0,0,0,1,0,0,0,1,0,0
710,2,0,0,1,1,0,0,1,0,0,1,0,0,0,0,1,0,0
10960,4,2,1,1,1,0,0,1,0,0,1,0,0,0,1,0,0,0
15510,5,2,0,1,0,1,0,0,1,0,1,0,0,0,0,1,0,0
1360,5,2,1,1,1,0,0,0,1,0,1,0,0,0,1,0,0,0
930,2,0,0,1,1,0,0,0,1,0,0,0,0,1,0,0,1,0
10870,2,0,0,1,1,0,0,1,0,0,0,0,1,0,0,0,1,0
1190,4,1,1,1,1,0,0,0,1,0,1,0,0,0,1,0,0,0
1740,1,0,0,1,1,0,0,0,1,0,1,0,0,0,1,0,0,0
7430,1,0,0,1,1,0,0,0,0,1,1,0,0,0,0,1,0,0
6240,3,1,0,1,1,0,0,0,1,0,0,1,0,0,0,1,0,0
30390,3,0,0,1,1,0,0,1,0,0,0,1,0,0,0,0,0,1
770,3,0,0,1,1,0,0,0,1,0,1,0,0,0,0,0,0,1
710,5,2,1,1,1,0,0,1,0,0,1,0,0,0,0,0,0,1
1580,2,1,1,1,1,0,0,1,0,0,1,0,0,0,1,0,0,0
5250,4,0,0,1,0,1,0,0,1,0,1,0,0,0,1,0,0,0
640,1,0,0,1,1,0,0,0,1,0,0,1,0,0,0,1,0,0
2320,5,2,0,1,1,0,0,1,0,0,0,0,0,1,0,0,0,1
710,2,0,0,1,1,0,0,1,0,0,1,0,0,0,1,0,0,0
13220,1,0,0,1,1,0,0,1,0,0,1,0,0,0,0,1,0,0
35680,1,0,0,1,1,0,0,0,1,0,0,1,0,0,0,1,0,0
2760,5,1,1,1,1,0,0,0,0,1,1,0,0,0,1,0,0,0
590,1,0,0,1,1,0,0,1,0,0,1,0,0,0,0,1,0,0
31060,4,1,0,1,1,0,0,0,0,1,0,0,0,1,1,0,0,0
1450,3,2,0,1,1,0,0,1,0,0,1,0,0,0,1,0,0,0
11030,5,2,0,1,1,0,0,0,1,0,0,0,1,0,0,0,0,1
7480,2,0,0,1,1,0,0,0,1,0,0,0,1,0,1,0,0,0
38340,2,1,0,1,0,1,0,0,1,0,0,1,0,0,0,1,0,0
2480,4,3,1,1,1,0,0,0,1,0,1,0,0,0,1,0,0,0
1960,1,0,0,1,1,0,0,0,1,0,1,0,0,0,0,0,0,1
820,5,1,0,1,0,0,1,1,0,0,1,0,0,0,1,0,0,0
2670,1,0,0,1,1,0,0,0,1,0,0,0,0,1,0,0,0,1
12150,5,0,0,1,1,0,0,1,0,0,0,1,0,0,0,1,0,0
12810,5,0,0,1,1,0,0,1,0,0,1,0,0,0,1,0,0,0
2070,4,3,0,1,1,0,0,1,0,0,1,0,0,0,1,0,0,0
910,5,2,2,1,1,0,0,0,0,1,1,0,0,0,1,0,0,0
7750,5,1,1,1,1,0,0,0,0,1,0,1,0,0,0,0,0,1
19530,3,1,1,1,1,0,0,1,0,0,0,1,0,0,0,1,0,0
5930,3,0,0,1,1,0,0,1,0,0,1,0,0,0,0,0,0,1
18220,2,1,0,1,1,0,0,1,0,0,0,1,0,0,0,1,0,0
1240,4,1,0,1,1,0,0,1,0,0,0,1,0,0,0,1,0,0
620,5,4,4,1,0,1,0,0,1,0,1,0,0,0,1,0,0,0
840,3,0,0,1,1,0,0,1,0,0,0,0,1,0,0,0,1,0
3190,2,0,0,1,1,0,0,0,0,1,1,0,0,0,0,0,0,1
2280,4,2,1,1,1,0,0,1,0,0,1,0,0,0,0,1,0,0
620,2,1,1,1,1,0,0,1,0,0,1,0,0,0,0,0,1,0
33360,5,1,0,1,1,0,0,0,1,0,0,1,0,0,1,0,0,0
8600,2,1,1,1,1,0,0,0,1,0,0,0,0,1,0,1,0,0
26410,1,0,0,1,0,1,0,0,0,1,0,1,0,0,0,1,0,0
17270,3,1,0,1,1,0,0,1,0,0,0,1,0,0,0,1,0,0
7150,5,1,1,1,1,0,0,0,1,0,0,1,0,0,0,1,0,0
710,3,1,1,1,1,0,0,0,1,0,1,0,0,0,1,0,0,0
15990,5,2,0,1,1,0,0,0,0,1,1,0,0,0,1,0,0,0
8230,3,0,0,1,1,0,0,0,1,0,1,0,0,0,1,0,0,0
11640,2,1,0,1,1,0,0,0,1,0,0,1,0,0,0,0,1,0
19150,1,0,0,1,0,0,1,0,1,0,0,1,0,0,0,1,0,0
4600,1,0,0,1,1,0,0,1,0,0,1,0,0,0,1,0,0,0
1080,1,0,0,1,1,0,0,1,0,0,1,0,0,0,1,0,0,0
34940,2,0,0,1,1,0,0,0,0,1,1,0,0,0,1,0,0,0
1300,2,0,0,1,1,0,0,0,1,0,1,0,0,0,1,0,0,0
25550,1,0,0,1,1,0,0,0,1,0,0,1,0,0,0,1,0,0
800,1,0,0,1,0,1,0,1,0,0,0,1,0,0,0,0,1,0
10540,2,1,1,1,0,1,0,0,0,1,1,0,0,0,0,1,0,0
780,2,1,0,1,1,0,0,1,0,0,1,0,0,0,1,0,0,0
19250,2,0,0,1,0,1,0,1,0,0,0,1,0,0,0,1,0,0
23070,1,0,0,1,0,0,1,1,0,0,0,0,0,1,0,1,0,0
740,1,0,0,1,1,0,0,0,0,1,1,0,0,0,1,0,0,0
2950,4,1,1,1,1,0,0,1,0,0,0,1,0,0,0,0,1,0
600,2,0,0,1,1,0,0,0,1,0,0,0,0,1,0,0,0,1
34970,5,4,2,1,1,0,0,1,0,0,0,1,0,0,1,0,0,0
2780,4,1,0,1,1,0,0,0,0,1,0,0,1,0,0,0,1,0
760,5,2,2,1,1,0,0,1,0,0,0,0,0,1,0,0,0,1
4090,2,1,1,1,1,0,0,1,0,0,0,1,0,0,0,1,0,0
33730,4,3,2,1,0,0,1,0,0,1,0,1,0,0,0,0,1,0
19000,4,2,0,1,0,1,0,1,0,0,0,0,0,1,0,1,0,0
4940,5,0,0,1,1,0,0,0,0,1,0,0,0,1,0,0,0,1
830,3,0,0,1,1,0,0,0,1,0,0,0,1,0,0,0,0,1
630,1,0,0,1,1,0,0,0,1,0,1,0,0,0,1,0,0,0
11670,5,4,4,1,1,0,0,0,1,0,0,1,0,0,0,1,0,0
20310,2,1,0,1,1,0,0,1,0,0,0,0,1,0,0,1,0,0
6600,2,0,0,1,1,0,0,0,1,0,1,0,0,0,1,0,0,0
670,3,2,2,1,1,0,0,1,0,0,0,0,0,1,1,0,0,0
2200,1,0,0,1,1,0,0,0,0,1,1,0,0,0,0,0,1,0
4460,5,0,0,1,1,0,0,0,1,0,0,1,0,0,0,1,0,0
5150,2,1,1,1,1,0,0,1,0,0,0,1,0,0,0,0,1,0
2270,5,2,1,1,1,0,0,0,1,0,0,1,0,0,0,0,1,0
25940,4,2,1,1,1,0,0,0,1,0,0,1,0,0,0,0,0,1
33890,1,0,0,1,1,0,0,1,0,0,0,0,0,1,1,0,0,0
5670,5,3,2,1,1,0,0,1,0,0,1,0,0,0,0,1,0,0
8200,1,0,0,1,1,0,0,0,1,0,0,1,0,0,0,0,0,1
600,3,0,0,1,1,0,0,0,1,0,1,0,0,0,0,1,0,0
5680,4,0,0,1,1,0,0,0,1,0,0,1,0,0,0,1,0,0
5540,5,3,2,1,0,1,0,0,1,0,1,0,0,0,1,0,0,0
21970,3,1,1,1,1,0,0,1,0,0,1,0,0,0,1,0,0,0
37810,1,0,0,1,1,0,0,0,1,0,1,0,0,0,0,1,0,0
14480,3,0,0,1,1,0,0,1,0,0,1,0,0,0,0,0,1,0
11140,3,0,0,1,1,0,0,1,0,0,0,0,1,0,0,0,0,1
810,5,3,3,1,1,0,0,1,0,0,1,0,0,0,1,0,0,0
2010,4,3,2,1,1,0,0,1,0,0,1,0,0,0,0,0,0,1
4000,1,0,0,1,1,0,0,1,0,0,1,0,0,0,1,0,0,0
810,5,0,0,1,0,0,1,1,0,0,1,0,0,0,0,0,0,1
2610,5,4,2,1,1,0,0,1,0,0,0,1,0,0,0,1,0,0
3170,3,0,0,1,1,0,0,0,1,0,1,0,0,0,1,0,0,0
3570,1,0,0,1,1,0,0,0,1,0,0,1,0,0,1,0,0,0
30280,5,0,0,1,0,1,0,0,1,0,0,1,0,0,0,0,0,1
1180,1,0,0,1,1,0,0,0,1,0,1,0,0,0,1,0,0,0
3150,3,1,0,1,1,0,0,0,1,0,1,0,0,0,1,0,0,0
610,3,0,0,1,1,0,0,1,0,0,0,1,0,0,1,0,0,0
1970,1,0,0,1,1,0,0,0,1,0,1,0,0,0,1,0,0,0
4190,4,1,1,1,1,0,0,0,1,0,1,0,0,0,0,1,0,0
20000,1,0,0,1,1,0,0,1,0,0,1,0,0,0,0,0,1,0
29510,3,0,0,1,1,0,0,1,0,0,1,0,0,0,1,0,0,0
12310,5,2,0,1,1,0,0,0,1,0,0,0,1,0,0,0,1,0
4850,1,0,0,1,0,0,1,1,0,0,1,0,0,0,1,0,0,0
1060,4,2,2,1,1,0,0,0,1,0,0,0,1,0,0,0,0,1
860,5,0,0,1,1,0,0,1,0,0,1,0,0,0,0,0,0,1
25490,4,3,2,1,1,0,0,0,0,1,0,1,0,0,0,0,1,0
800,4,3,2,1,1,0,0,0,0,1,0,1,0,0,0,1,0,0
25490,4,1,1,1,0,1,0,0,1,0,0,0,1,0,0,0,1,0
1420,4,1,1,1,1,0,0,1,0,0,1,0,0,0,1,0,0,0
620,3,0,0,1,1,0,0,1,0,0,1,0,0,0,1,0,0,0
1070,3,0,0,1,1,0,0,0,1,0,0,1,0,0,0,0,0,1
1230,5,2,2,1,1,0,0,0,0,1,0,1,0,0,0,1,0,0
18420,4,0,0,1,1,0,0,1,0,0,1,0,0,0,1,0,0,0
630,3,2,0,1,1,0,0,1,0,0,1,0,0,0,0,0,0,1
12920,1,0,0,1,1,0,0,0,1,0,0,1,0,0,0,1,0,0
1410,5,0,0,1,1,0,0,1,0,0,0,1,0,0,0,1,0,0
1650,1,0,0,1,0,1,0,0,0,1,1,0,0,0,0,0,0,1
1980,1,0,0,1,1,0,0,1,0,0,1,0,0,0,0,0,1,0
1110,5,0,0,1,1,0,0,0,0,1,0,0,1,0,0,1,0,0
2770,2,1,0,1,1,0,0,1,0,0,0,0,0,1,0,1,0,0
9210,4,1,1,1,1,0,0,1,0,0,1,0,0,0,0,0,0,1
690,2,1,1,1,1,0,0,1,0,0,0,1,0,0,0,0,0,1
16360,2,1,0,1,1,0,0,1,0,0,0,1,0,0,0,0,0,1
24000,1,0,0,1,1,0,0,1,0,0,1,0,0,0,1,0,0,0
840,2,1,0,1,0,1,0,1,0,0,1,0,0,0,1,0,0,0
7550,1,0,0,1,1,0,0,1,0,0,1,0,0,0,0,1,0,0
11190,1,0,0,1,1,0,0,1,0,0,1,0,0,0,0,1,0,0
1560,1,0,0,1,1,0,0,1,0,0,1,0,0,0,0,1,0,0
13520,4,1,1,1,1,0,0,1,0,0,0,0,1,0,0,0,1,0
590,2,0,0,1,1,0,0,1,0,0,0,1,0,0,0,1,0,0
39160,1,0,0,1,1,0,0,1,0,0,0,0,1,0,0,0,1,0
2080,2,1,1,1,1,0,0,0,1,0,0,1,0,0,0,0,0,1
1250,2,0,0,1,1,0,0,1,0,0,1,0,0,0,1,0,0,0
1690,3,2,1,1,1,0,0,1,0,0,1,0,0,0,0,1,0,0
930,4,2,1,1,1,0,0,0,1,0,1,0,0,0,1,0,0,0
590,3,0,0,1,1,0,0,1,0,0,1,0,0,0,0,0,0,1
18150,2,1,1,1,1,0,0,0,0,1,1,0,0,0,1,0,0,0
6840,5,2,2,1,1,0,0,1,0,0,1,0,0,0,0,0,0,1
22390,2,0,0,1,1,0,0,0,0,1,1,0,0,0,1,0,0,0
750,2,0,0,1,0,1,0,1,0,0,1,0,0,0,0,1,0,0
600,3,1,1,1,1,0,0,1,0,0,0,1,0,0,0,1,0,0
1070,2,1,1,1,1,0,0,0,1,0,1,0,0,0,0,1,0,0
4550,3,1,0,1,1,0,0,0,1,0,0,0,1,0,0,0,1,0
2480,3,1,0,1,1,0,0,0,1,0,0,0,1,0,1,0,0,0
730,5,4,3,1,1,0,0,1,0,0,0,1,0,0,0,0,0,1
24550,5,3,3,1,1,0,0,1,0,0,0,0,0,1,0,0,0,1
1890,2,1,1,1,1,0,0,0,1,0,0,1,0,0,0,1,0,0
2580,4,2,1,1,1,0,0,1,0,0,1,0,0,0,1,0,0,0
13010,1,0,0,1,0,0,1,0,0,1,0,1,0,0,0,1,0,0
7460,3,2,0,1,0,0,1,0,1,0,1,0,0,0,1,0,0,0
590,5,0,0,1,1,0,0,1,0,0,0,1,0,0,0,1,0,0
1350,2,0,0,1,0,1,0,1,0,0,0,0,0,1,0,0,0,1
3730,1,0,0,1,1,0,0,0,1,0,1,0,0,0,1,0,0,0
16620,5,0,0,1,1,0,0,0,1,0,1,0,0,0,0,0,0,1
1130,2,0,0,1,1,0,0,1,0,0,0,1,0,0,0,1,0,0
34660,1,0,0,1,1,0,0,1,0,0,1,0,0,0,1,0,0,0
770,3,1,0,1,1,0,0,1,0,0,0,0,0,1,0,0,1,0
10550,4,1,0,1,1,0,0,1,0,0,0,1,0,0,0,1,0,0
3400,2,0,0,1,1,0,0,0,1,0,0,0,0,1,0,0,1,0
720,4,1,0,1,0,0,1,1,0,0,0,1,0,0,0,0,1,0
590,5,1,1,1,1,0,0,1,0,0,0,0,0,1,0,0,0,1
5430,2,1,1,1,0,0,1,0,1,0,1,0,0,0,1,0,0,0
10500,1,0,0,1,1,0,0,1,0,0,0,1,0,0,0,1,0,0
9660,1,0,0,1,1,0,0,1,0,0,1,0,0,0,1,0,0,0
10570,3,2,2,1,1,0,0,0,0,1,0,1,0,0,0,0,1,0
1360,4,3,1,1,1,0,0,0,1,0,0,0,0,1,0,0,0,1
1560,1,0,0,1,0,1,0,1,0,0,1,0,0,0,0,0,1,0
740,3,1,1,1,1,0,0,0,0,1,0,0,0,1,0,0,0,1
7590,5,1,1,1,0,1,0,0,1,0,0,1,0,0,0,1,0,0
1240,2,1,0,1,0,1,0,1,0,0,0,1,0,0,0,1,0,0
600,3,0,0,1,1,0,0,1,0,0,0,0,1,0,0,0,1,0
34790,5,0,0,1,1,0,0,0,0,1,1,0,0,0,1,0,0,0
3710,2,0,0,1,1,0,0,0,1,0,1,0,0,0,0,1,0,0
5850,5,3,3,1,0,1,0,1,0,0,0,0,1,0,0,0,1,0
4340,2,0,0,1,1,0,0,0,1,0,1,0,0,0,1,0,0,0
1570,3,2,1,1,1,0,0,1,0,0,1,0,0,0,0,0,0,1
4700,2,1,1,1,1,0,0,1,0,0,0,0,0,1,0,0,0,1
800,5,1,0,1,0,1,0,0,1,0,1,0,0,0,1,0,0,0
720,5,2,1,1,1,0,0,1,0,0,1,0,0,0,1,0,0,0
590,2,0,0,1,1,0,0,0,1,0,1,0,0,0,1,0,0,0
28750,5,4,3,1,1,0,0,1,0,0,0,0,0,1,1,0,0,0
19870,4,2,2,1,1,0,0,0,1,0,0,1,0,0,0,1,0,0
29360,5,0,0,1,1,0,0,1,0,0,1,0,0,0,0,0,0,1
4080,5,1,0,1,0,0,1,0,1,0,0,0,1,0,0,1,0,0
4680,4,0,0,1,1,0,0,1,0,0,1,0,0,0,0,1,0,0
990,3,1,0,1,0,1,0,1,0,0,1,0,0,0,1,0,0,0
5360,4,2,0,1,1,0,0,1,0,0,0,0,0,1,1,0,0,0
820,5,1,1,1,0,0,1,1,0,0,1,0,0,0,0,0,0,1
1080,2,1,1,1,1,0,0,0,1,0,1,0,0,0,1,0,0,0
640,3,1,0,1,1,0,0,1,0,0,1,0,0,0,0,0,0,1
9300,4,2,2,1,1,0,0,1,0,0,0,0,1,0,0,0,1,0
1580,2,0,0,1,1,0,0,1,0,0,1,0,0,0,1,0,0,0
5660,5,0,0,1,1,0,0,0,1,0,0,0,0,1,0,1,0,0
20120,1,0,0,1,1,0,0,1,0,0,0,0,0,1,0,0,1,0
650,3,1,1,1,1,0,0,0,0,1,0,1,0,0,0,1,0,0
4040,4,0,0,1,1,0,0,1,0,0,0,1,0,0,0,0,0,1
1450,5,3,3,1,1,0,0,1,0,0,1,0,0,0,0,1,0,0
1910,1,0,0,1,1,0,0,1,0,0,0,1,0,0,0,1,0,0
730,3,1,0,1,0,1,0,1,0,0,0,1,0,0,0,1,0,0
710,2,1,1,1,1,0,0,1,0,0,0,1,0,0,0,0,1,0
870,5,2,0,1,1,0,0,1,0,0,1,0,0,0,0,0,1,0
22300,2,1,0,1,1,0,0,1,0,0,1,0,0,0,0,0,0,1
970,3,2,0,1,1,0,0,0,1,0,0,0,0,1,1,0,0,0
14690,5,3,1,1,1,0,0,0,1,0,0,0,0,1,0,0,0,1
6670,2,0,0,1,1,0,0,0,1,0,1,0,0,0,1,0,0,0
2060,3,0,0,1,1,0,0,1,0,0,1,0,0,0,1,0,0,0
810,3,0,0,1,1,0,0,1,0,0,0,1,0,0,0,1,0,0
16970,5,3,1,1,1,0,0,0,0,1,0,1,0,0,0,0,1,0
640,1,0,0,1,1,0,0,1,0,0,0,0,0,1,0,0,1,0
3040,1,0,0,1,1,0,0,1,0,0,0,1,0,0,0,1,0,0
580,2,0,0,1,1,0,0,0,1,0,0,0,0,1,0,0,1,0
810,2,1,1,1,0,1,0,0,1,0,0,0,0,1,0,0,0,1
1140,2,0,0,1,1,0,0,1,0,0,1,0,0,0,0,0,1,0
1860,4,0,0,1,1,0,0,0,1,0,1,0,0,0,1,0,0,0
5320,3,1,0,1,0,1,0,0,1,0,1,0,0,0,0,1,0,0
13110,2,0,0,1,1,0,0,1,0,0,0,1,0,0,0,1,0,0
590,2,0,0,1,0,1,0,0,1,0,1,0,0,0,0,0,0,1
1560,3,0,0,1,1,0,0,1,0,0,0,0,1,0,0,0,1,0
780,1,0,0,1,0,0,1,1,0,0,0,1,0,0,0,0,0,1
9760,4,3,2,1,0,0,1,1,0,0,0,1,0,0,0,0,0,1
4620,3,1,0,1,1,0,0,0,1,0,0,1,0,0,0,1,0,0
820,1,0,0,1,0,0,1,0,1,0,0,0,1,0,0,0,1,0
3300,4,0,0,1,0,1,0,0,1,0,1,0,0,0,1,0,0,0
720,2,0,0,1,0,1,0,0,1,0,1,0,0,0,0,0,0,1
630,5,3,2,1,0,1,0,1,0,0,1,0,0,0,0,1,0,0
3180,5,0,0,1,1,0,0,0,1,0,1,0,0,0,0,0,0,1
2250,1,0,0,1,1,0,0,0,1,0,1,0,0,0,1,0,0,0
5510,4,3,0,1,1,0,0,1,0,0,1,0,0,0,1,0,0,0
8850,3,0,0,1,1,0,0,0,0,1,1,0,0,0,1,0,0,0
700,3,1,1,1,1,0,0,0,1,0,0,0,0,1,0,0,0,1
1640,5,4,1,1,1,0,0,1,0,0,0,1,0,0,0,1,0,0
5810,2,0,0,1,1,0,0,1,0,0,0,1,0,0,0,1,0,0
860,4,2,0,1,1,0,0,1,0,0,0,1,0,0,0,0,1,0
21020,5,3,3,1,1,0,0,0,1,0,0,0,0,1,0,0,0,1
800,3,1,1,1,1,0,0,1,0,0,0,1,0,0,0,1,0,0
1060,3,0,0,1,0,1,0,0,1,0,1,0,0,0,0,0,0,1
1270,1,0,0,1,1,0,0,1,0,0,0,1,0,0,0,0,0,1
850,2,1,0,1,1,0,0,0,0,1,1,0,0,0,0,1,0,0
1830,5,4,1,1,1,0,0,0,1,0,0,1,0,0,1,0,0,0
6090,1,0,0,1,0,0,1,1,0,0,0,0,1,0,0,0,0,1
590,4,0,0,1,1,0,0,0,1,0,1,0,0,0,0,1,0,0
6840,5,4,0,1,1,0,0,1,0,0,0,0,0,1,0,1,0,0
970,1,0,0,1,1,0,0,0,0,1,1,0,0,0,1,0,0,0
590,1,0,0,1,0,1,0,1,0,0,0,0,1,0,0,0,1,0
850,2,0,0,1,1,0,0,1,0,0,0,1,0,0,0,0,1,0
1170,1,0,0,1,1,0,0,1,0,0,0,1,0,0,0,1,0,0
2920,3,1,0,1,1,0,0,1,0,0,1,0,0,0,0,1,0,0
1100,5,2,1,1,1,0,0,1,0,0,0,0,1,0,0,1,0,0
610,5,0,0,1,1,0,0,0,1,0,0,0,1,0,0,0,1,0
5260,5,0,0,1,1,0,0,1,0,0,1,0,0,0,0,1,0,0
790,4,1,0,1,1,0,0,1,0,0,0,0,1,0,0,0,1,0
29110,3,1,0,1,1,0,0,1,0,0,0,0,0,1,0,0,0,1
1830,1,0,0,1,1,0,0,0,1,0,0,1,0,0,0,0,1,0
2140,2,1,0,1,1,0,0,1,0,0,1,0,0,0,0,1,0,0
34590,2,0,0,1,0,0,1,0,1,0,1,0,0,0,1,0,0,0
5540,1,0,0,1,1,0,0,1,0,0,0,0,1,0,0,1,0,0
2290,4,3,0,1,1,0,0,1,0,0,1,0,0,0,0,0,0,1
31000,3,1,1,1,1,0,0,0,1,0,0,1,0,0,0,0,0,1
2800,2,1,0,1,1,0,0,0,1,0,0,1,0,0,0,0,1,0
610,2,0,0,1,1,0,0,0,1,0,0,0,0,1,0,0,0,1
15820,4,0,0,1,0,1,0,1,0,0,0,1,0,0,0,0,0,1
1250,1,0,0,1,1,0,0,1,0,0,1,0,0,0,1,0,0,0
1760,4,1,1,1,1,0,0,0,1,0,1,0,0,0,1,0,0,0
870,5,4,3,1,1,0,0,0,0,1,1,0,0,0,1,0,0,0
620,3,2,1,1,1,0,0,1,0,0,0,0,0,1,0,0,0,1
1890,1,0,0,1,1,0,0,0,1,0,0,1,0,0,0,0,0,1
1600,1,0,0,1,1,0,0,1,0,0,0,0,0,1,0,0,0,1
650,1,0,0,1,1,0,0,1,0,0,0,1,0,0,0,1,0,0
830,1,0,0,1,1,0,0,0,1,0,0,0,1,0,0,0,1,0
670,5,2,1,1,1,0,0,1,0,0,1,0,0,0,0,0,0,1
11040,5,1,1,1,1,0,0,1,0,0,0,0,1,0,1,0,0,0
740,4,3,0,1,1,0,0,0,1,0,1,0,0,0,1,0,0,0
880,2,1,0,1,1,0,0,0,1,0,0,0,1,0,0,0,1,0
13940,4,3,1,1,1,0,0,0,1,0,1,0,0,0,0,0,0,1
27120,3,0,0,1,1,0,0,1,0,0,0,0,0,1,0,1,0,0
7650,3,0,0,1,0,0,1,0,1,0,1,0,0,0,0,0,0,1
26920,2,0,0,1,1,0,0,0,0,1,1,0,0,0,0,1,0,0
16960,5,2,1,1,1,0,0,0,1,0,1,0,0,0,0,0,0,1
960,1,0,0,1,1,0,0,0,0,1,1,0,0,0,0,0,1,0
2260,3,0,0,1,1,0,0,1,0,0,0,0,0,1,0,0,0,1
14280,1,0,0,1,1,0,0,0,1,0,0,1,0,0,0,1,0,0
1020,5,4,2,1,1,0,0,1,0,0,0,0,0,1,0,1,0,0
2870,2,1,0,1,1,0,0,1,0,0,1,0,0,0,0,0,0,1
1030,1,0,0,1,1,0,0,1,0,0,1,0,0,0,1,0,0,0
600,2,0,0,1,1,0,0,0,0,1,1,0,0,0,1,0,0,0
1460,4,1,0,1,1,0,0,0,1,0,0,1,0,0,1,0,0,0
1210,1,0,0,1,1,0,0,1,0,0,1,0,0,0,0,0,1,0
1980,4,1,0,1,0,1,0,1,0,0,0,1,0,0,0,1,0,0
9050,5,2,1,1,1,0,0,1,0,0,1,0,0,0,0,1,0,0
5020,1,0,0,1,1,0,0,1,0,0,1,0,0,0,0,0,1,0
2020,4,3,2,1,1,0,0,0,1,0,1,0,0,0,1,0,0,0
6470,1,0,0,1,0,1,0,1,0,0,1,0,0,0,0,0,1,0
880,4,1,1,1,0,0,1,0,1,0,1,0,0,0,1,0,0,0
1250,3,2,0,1,1,0,0,1,0,0,0,0,0,1,0,0,0,1
5850,1,0,0,1,1,0,0,1,0,0,0,0,1,0,0,0,0,1
4010,2,1,1,1,1,0,0,0,1,0,0,0,1,0,0,1,0,0
3470,3,1,0,1,1,0,0,0,1,0,1,0,0,0,0,1,0,0
1380,2,0,0,1,1,0,0,1,0,0,0,0,1,0,0,0,1,0
4510,1,0,0,1,1,0,0,1,0,0,0,0,0,1,0,1,0,0
620,3,0,0,1,1,0,0,1,0,0,1,0,0,0,1,0,0,0
2070,4,1,0,1,1,0,0,0,1,0,0,0,0,1,0,0,0,1
640,4,2,0,1,0,0,1,0,1,0,0,1,0,0,0,0,1,0
690,1,0,0,1,1,0,0,0,1,0,1,0,0,0,1,0,0,0
1170,5,1,0,1,1,0,0,0,1,0,1,0,0,0,1,0,0,0
23870,2,1,0,1,1,0,0,1,0,0,1,0,0,0,0,0,0,1
12610,3,0,0,1,1,0,0,1,0,0,0,0,0,1,0,0,0,1
4020,3,0,0,1,1,0,0,1,0,0,1,0,0,0,1,0,0,0
15120,2,1,0,1,1,0,0,0,1,0,0,1,0,0,0,0,0,1
1590,1,0,0,1,1,0,0,1,0,0,1,0,0,0,1,0,0,0
2740,5,0,0,1,1,0,0,1,0,0,0,0,1,0,0,0,1,0
29210,3,2,0,1,1,0,0,1,0,0,0,0,0,1,0,0,0,1
9530,3,2,0,1,0,1,0,1,0,0,1,0,0,0,0,0,0,1
38100,2,1,1,1,0,1,0,1,0,0,1,0,0,0,1,0,0,0
5920,2,0,0,1,1,0,0,0,0,1,1,0,0,0,1,0,0,0
11710,2,0,0,1,1,0,0,1,0,0,1,0,0,0,0,1,0,0
2990,1,0,0,1,1,0,0,1,0,0,0,0,1,0,0,0,1,0
1380,4,2,0,1,1,0,0,1,0,0,1,0,0,0,1,0,0,0
1190,5,2,1,1,1,0,0,0,1,0,1,0,0,0,1,0,0,0
1010,4,3,3,1,1,0,0,0,1,0,0,0,1,0,0,0,1,0
1590,1,0,0,1,0,1,0,0,1,0,0,0,0,1,0,0,0,1
700,1,0,0,1,0,1,0,0,1,0,1,0,0,0,1,0,0,0
5660,3,0,0,1,0,1,0,0,0,1,1,0,0,0,0,1,0,0
30770,3,0,0,1,1,0,0,1,0,0,0,1,0,0,0,1,0,0
2250,3,0,0,1,1,0,0,0,0,1,0,0,1,0,0,0,1,0
850,5,4,2,1,1,0,0,0,0,1,0,1,0,0,1,0,0,0
2680,2,1,1,1,1,0,0,1,0,0,1,0,0,0,0,1,0,0
670,3,2,2,1,1,0,0,1,0,0,0,0,0,1,0,0,0,1
3080,4,1,1,1,0,1,0,1,0,0,0,1,0,0,0,0,0,1
21400,3,0,0,1,1,0,0,0,0,1,1,0,0,0,0,0,0,1
38110,1,0,0,1,1,0,0,1,0,0,0,0,1,0,0,0,1,0
12030,4,1,0,1,1,0,0,0,1,0,0,1,0,0,1,0,0,0
1310,3,1,0,1,1,0,0,0,0,1,0,0,0,1,1,0,0,0
39220,5,0,0,1,1,0,0,0,1,0,0,1,0,0,1,0,0,0
700,4,3,0,1,1,0,0,0,1,0,1,0,0,0,0,0,1,0
9970,3,0,0,1,1,0,0,1,0,0,0,1,0,0,0,1,0,0
720,1,0,0,1,1,0,0,1,0,0,0,0,1,0,0,0,1,0
1180,3,2,2,1,1,0,0,0,0,1,1,0,0,0,1,0,0,0
17740,3,1,0,1,1,0,0,0,1,0,0,0,0,1,1,0,0,0
580,5,0,0,1,0,1,0,1,0,0,1,0,0,0,1,0,0,0
21460,4,0,0,1,1,0,0,1,0,0,0,1,0,0,0,0,0,1
1180,5,0,0,1,1,0,0,0,1,0,0,0,1,0,0,1,0,0
2450,4,1,1,1,0,1,0,1,0,0,0,0,0,1,0,1,0,0
8580,2,1,1,1,0,1,0,1,0,0,0,0,1,0,0,0,0,1
15100,3,1,1,1,1,0,0,1,0,0,1,0,0,0,1,0,0,0
15410,5,1,0,1,1,0,0,0,0,1,0,0,1,0,0,0,1,0
720,4,3,2,1,1,0,0,1,0,0,0,0,1,0,0,0,1,0
8090,2,0,0,1,1,0,0,1,0,0,0,1,0,0,0,0,1,0
7850,5,3,0,1,1,0,0,1,0,0,0,1,0,0,0,1,0,0
5690,1,0,0,1,1,0,0,1,0,0,1,0,0,0,0,0,0,1
9910,4,0,0,1,0,0,1,0,1,0,1,0,0,0,0,1,0,0
1170,3,2,1,1,1,0,0,1,0,0,1,0,0,0,0,1,0,0
2750,2,0,0,1,0,1,0,0,0,1,0,0,1,0,0,0,1,0
30110,4,2,2,1,1,0,0,0,1,0,1,0,0,0,1,0,0,0
1340,5,0,0,1,1,0,0,0,1,0,1,0,0,0,1,0,0,0
650,1,0,0,1,0,1,0,1,0,0,0,1,0,0,0,1,0,0
1800,5,3,2,1,1,0,0,0,1,0,1,0,0,0,0,0,0,1
24640,5,3,2,1,1,0,0,0,1,0,1,0,0,0,0,0,0,1
1510,3,2,2,1,0,1,0,0,1,0,0,0,1,0,1,0,0,0
1220,2,1,1,1,1,0,0,1,0,0,1,0,0,0,1,0,0,0
770,2,1,0,1,1,0,0,1,0,0,0,0,0,1,0,0,0,1
610,3,0,0,1,1,0,0,0,1,0,0,1,0,0,0,0,0,1
700,4,1,0,1,1,0,0,1,0,0,1,0,0,0,1,0,0,0
7590,4,3,3,1,1,0,0,1,0,0,0,1,0,0,0,1,0,0
850,2,1,1,1,1,0,0,0,1,0,0,0,0,1,0,0,0,1
5690,5,2,2,1,1,0,0,1,0,0,1,0,0,0,1,0,0,0
1100,5,0,0,1,1,0,0,0,0,1,1,0,0,0,1,0,0,0
30210,1,0,0,1,1,0,0,1,0,0,1,0,0,0,0,1,0,0
1620,1,0,0,1,1,0,0,1,0,0,0,0,0,1,1,0,0,0
1700,4,1,0,1,0,0,1,1,0,0,1,0,0,0,1,0,0,0
3310,5,3,1,1,1,0,0,1,0,0,0,0,0,1,0,1,0,0
3990,1,0,0,1,1,0,0,1,0,0,0,1,0,0,0,0,0,1
1480,4,2,2,1,1,0,0,0,1,0,1,0,0,0,0,1,0,0
700,5,2,0,1,0,1,0,1,0,0,0,1,0,0,0,1,0,0
27930,5,0,0,1,1,0,0,1,0,0,0,1,0,0,1,0,0,0
720,4,0,0,1,1,0,0,0,0,1,0,1,0,0,0,0,1,0
800,3,1,0,1,1,0,0,0,1,0,1,0,0,0,1,0,0,0
14050,1,0,0,1,1,0,0,0,0,1,0,0,1,0,0,0,0,1
1510,4,0,0,1,1,0,0,1,0,0,1,0,0,0,1,0,0,0
14610,5,0,0,1,0,1,0,1,0,0,1,0,0,0,1,0,0,0
15410,1,0,0,1,0,0,1,0,1,0,1,0,0,0,0,1,0,0
1960,5,1,1,1,1,0,0,1,0,0,0,1,0,0,0,0,1,0
720,1,0,0,1,1,0,0,0,1,0,0,0,1,0,0,0,1,0
1460,3,2,2,1,1,0,0,1,0,0,1,0,0,0,0,0,0,1
28660,2,1,1,1,1,0,0,0,1,0,0,1,0,0,0,1,0,0
690,1,0,0,1,0,1,0,0,1,0,0,1,0,0,1,0,0,0
860,3,0,0,1,1,0,0,0,1,0,0,1,0,0,0,1,0,0
1810,2,0,0,1,0,1,0,0,1,0,1,0,0,0,1,0,0,0
1400,4,3,3,1,1,0,0,0,1,0,1,0,0,0,1,0,0,0
2330,5,0,0,1,0,1,0,0,0,1,1,0,0,0,0,1,0,0
850,4,2,0,1,0,1,0,1,0,0,0,0,1,0,1,0,0,0
770,1,0,0,1,1,0,0,1,0,0,1,0,0,0,1,0,0,0
2110,1,0,0,1,1,0,0,1,0,0,1,0,0,0,0,0,1,0
660,3,0,0,1,1,0,0,0,1,0,1,0,0,0,0,1,0,0
3820,2,1,1,1,1,0,0,1,0,0,0,0,1,0,0,0,1,0
38780,3,1,0,1,0,1,0,1,0,0,0,0,0,1,0,0,1,0
7240,5,3,3,1,1,0,0,0,1,0,0,0,0,1,1,0,0,0
36180,1,0,0,1,0,1,0,1,0,0,1,0,0,0,1,0,0,0
3420,5,0,0,1,1,0,0,1,0,0,1,0,0,0,0,0,0,1
760,4,2,1,1,1,0,0,1,0,0,1,0,0,0,0,1,0,0
710,1,0,0,1,1,0,0,0,1,0,0,1,0,0,0,0,1,0
970,2,0,0,1,1,0,0,1,0,0,0,0,0,1,0,0,0,1
7310,5,0,0,1,1,0,0,1,0,0,0,1,0,0,1,0,0,0
17340,3,2,1,1,1,0,0,1,0,0,0,1,0,0,0,1,0,0
10440,2,1,0,1,1,0,0,0,1,0,0,0,0,1,0,0,1,0
19410,1,0,0,1,1,0,0,1,0,0,0,0,0,1,1,0,0,0
26920,5,1,0,1,1,0,0,0,1,0,0,0,0,1,1,0,0,0
10910,1,0,0,1,0,0,1,0,1,0,1,0,0,0,0,0,0,1
8470,3,0,0,1,0,1,0,1,0,0,1,0,0,0,1,0,0,0
610,3,2,0,1,1,0,0,1,0,0,1,0,0,0,0,1,0,0
1650,2,1,1,1,1,0,0,1,0,0,0,0,0,1,0,1,0,0
10660,4,3,0,1,1,0,0,1,0,0,0,1,0,0,0,1,0,0
20690,5,0,0,1,1,0,0,1,0,0,1,0,0,0,1,0,0,0
1050,2,0,0,1,1,0,0,0,0,1,1,0,0,0,1,0,0,0
2460,2,1,1,1,1,0,0,0,0,1,0,1,0,0,0,0,0,1
610,2,0,0,1,1,0,0,0,1,0,1,0,0,0,0,1,0,0
11930,2,0,0,1,1,0,0,1,0,0,0,0,0,1,0,0,0,1
22970,3,1,1,1,0,1,0,1,0,0,1,0,0,0,0,1,0,0
810,5,1,1,1,1,0,0,1,0,0,1,0,0,0,1,0,0,0
1470,5,2,1,1,1,0,0,0,1,0,0,0,0,1,0,0,0,1
8090,2,0,0,1,1,0,0,1,0,0,0,1,0,0,0,1,0,0
40000,1,0,0,1,1,0,0,1,0,0,0,1,0,0,0,1,0,0
620,3,2,1,1,0,1,0,1,0,0,0,1,0,0,0,0,0,1
1270,1,0,0,1,1,0,0,1,0,0,0,1,0,0,0,1,0,0
1320,4,0,0,1,0,0,1,0,1,0,0,0,1,0,0,0,1,0
27370,2,0,0,1,1,0,0,0,1,0,1,0,0,0,0,1,0,0
800,1,0,0,1,0,1,0,0,1,0,1,0,0,0,0,0,0,1
27700,4,3,1,1,1,0,0,1,0,0,1,0,0,0,1,0,0,0
630,2,1,1,1,1,0,0,1,0,0,0,0,0,1,1,0,0,0
33270,4,0,0,1,1,0,0,1,0,0,1,0,0,0,0,1,0,0
2290,3,2,0,1,1,0,0,0,1,0,0,1,0,0,0,1,0,0
14580,4,2,1,1,0,1,0,1,0,0,1,0,0,0,1,0,0,0
1070,2,0,0,1,1,0,0,1,0,0,1,0,0,0,1,0,0,0
640,2,0,0,1,1,0,0,0,1,0,0,1,0,0,0,1,0,0
620,5,3,1,1,1,0,0,0,1,0,0,0,1,0,0,0,1,0
2810,5,2,2,1,1,0,0,1,0,0,1,0,0,0,0,0,0,1
28620,3,2,0,1,1,0,0,0,1,0,1,0,0,0,1,0,0,0
12650,4,1,0,1,1,0,0,1,0,0,0,0,1,0,0,0,1,0
2290,4,2,2,1,1,0,0,1,0,0,0,1,0,0,0,1,0,0
1680,1,0,0,1,1,0,0,1,0,0,0,0,1,0,0,1,0,0
2990,4,0,0,1,1,0,0,0,1,0,1,0,0,0,1,0,0,0
650,1,0,0,1,1,0,0,1,0,0,0,1,0,0,0,0,1,0
1520,4,1,1,1,0,0,1,1,0,0,1,0,0,0,1,0,0,0
8300,2,0,0,1,1,0,0,0,1,0,0,0,1,0,0,0,0,1
700,5,2,2,1,1,0,0,1,0,0,0,0,0,1,0,1,0,0
1420,4,3,0,1,0,1,0,0,1,0,0,1,0,0,1,0,0,0
13020,3,2,2,1,1,0,0,1,0,0,0,1,0,0,0,0,0,1
14630,3,2,2,1,1,0,0,1,0,0,0,1,0,0,0,1,0,0
2590,1,0,0,1,0,1,0,0,1,0,0,1,0,0,0,0,0,1
36630,2,1,1,1,1,0,0,0,1,0,1,0,0,0,0,0,0,1
2580,4,0,0,1,1,0,0,1,0,0,0,0,0,1,0,0,0,1
4820,2,0,0,1,1,0,0,0,1,0,1,0,0,0,1,0,0,0
18780,4,1,0,1,0,1,0,0,0,1,1,0,0,0,0,1,0,0
5830,5,1,0,1,1,0,0,0,1,0,0,1,0,0,0,1,0,0
5240,2,1,0,1,0,1,0,1,0,0,1,0,0,0,1,0,0,0
1100,3,0,0,1,0,1,0,1,0,0,0,1,0,0,0,0,0,1
5790,5,4,4,1,1,0,0,0,0,1,1,0,0,0,0,0,0,1
4480,5,2,2,1,1,0,0,1,0,0,1,0,0,0,0,1,0,0
22780,5,0,0,1,1,0,0,1,0,0,0,0,0,1,0,0,0,1
640,5,3,1,1,1,0,0,0,1,0,1,0,0,0,1,0,0,0
1010,3,2,0,1,1,0,0,1,0,0,0,1,0,0,0,1,0,0
1640,5,3,2,1,1,0,0,1,0,0,0,1,0,0,0,0,0,1
1960,4,2,0,1,1,0,0,0,1,0,0,0,1,0,0,0,1,0
1700,2,1,1,1,1,0,0,0,0,1,0,0,0,1,0,0,0,1
6520,2,1,1,1,1,0,0,1,0,0,1,0,0,0,1,0,0,0
7000,3,0,0,1,1,0,0,1,0,0,1,0,0,0,1,0,0,0
1520,5,1,0,1,0,1,0,0,1,0,0,1,0,0,0,1,0,0
590,4,3,1,1,1,0,0,1,0,0,0,0,1,0,0,0,0,1
7360,3,2,0,1,0,1,0,0,1,0,0,1,0,0,0,0,0,1
780,3,2,2,1,1,0,0,0,1,0,1,0,0,0,0,0,1,0
730,3,2,2,1,1,0,0,0,1,0,0,1,0,0,0,1,0,0
35620,2,0,0,1,1,0,0,0,1,0,0,1,0,0,0,1,0,0
2070,4,3,2,1,1,0,0,1,0,0,0,0,0,1,1,0,0,0
650,2,1,1,1,1,0,0,1,0,0,1,0,0,0,0,0,0,1
8410,5,3,3,1,1,0,0,1,0,0,1,0,0,0,1,0,0,0
10430,1,0,0,1,0,0,1,1,0,0,0,1,0,0,0,1,0,0
990,5,1,0,1,1,0,0,0,1,0,0,0,0,1,1,0,0,0
690,3,2,2,1,1,0,0,0,1,0,1,0,0,0,1,0,0,0
1030,5,0,0,1,1,0,0,0,0,1,0,1,0,0,0,0,0,1
1800,2,1,1,1,1,0,0,0,0,1,1,0,0,0,1,0,0,0
1090,4,0,0,1,0,1,0,0,0,1,0,1,0,0,0,1,0,0
790,2,1,1,1,1,0,0,0,0,1,0,0,1,0,0,0,1,0
13730,2,1,0,1,1,0,0,1,0,0,0,0,0,1,0,0,0,1
19940,4,0,0,1,1,0,0,1,0,0,0,1,0,0,0,1,0,0
37960,3,0,0,1,1,0,0,1,0,0,1,0,0,0,1,0,0,0
1080,2,0,0,1,0,1,0,0,1,0,1,0,0,0,1,0,0,0
1070,3,2,0,1,1,0,0,1,0,0,1,0,0,0,1,0,0,0
5140,2,0,0,1,1,0,0,0,1,0,1,0,0,0,1,0,0,0
670,4,0,0,1,1,0,0,1,0,0,1,0,0,0,0,0,0,1
610,3,1,1,1,1,0,0,1,0,0,0,0,0,1,1,0,0,0
2710,2,1,1,1,1,0,0,0,1,0,1,0,0,0,1,0,0,0
19940,2,1,1,1,1,0,0,0,1,0,0,1,0,0,0,1,0,0
26210,1,0,0,1,1,0,0,1,0,0,0,1,0,0,0,0,0,1
1180,1,0,0,1,1,0,0,0,0,1,0,1,0,0,0,0,1,0
1590,3,0,0,1,1,0,0,1,0,0,1,0,0,0,1,0,0,0
2870,4,2,2,1,1,0,0,0,0,1,1,0,0,0,0,1,0,0
1490,5,2,2,1,1,0,0,0,0,1,0,0,0,1,0,0,0,1
23770,1,0,0,1,1,0,0,1,0,0,1,0,0,0,1,0,0,0
640,1,0,0,1,1,0,0,1,0,0,1,0,0,0,1,0,0,0
1650,2,0,0,1,1,0,0,0,1,0,0,1,0,0,0,0,0,1
4930,5,4,1,1,1,0,0,1,0,0,0,1,0,0,0,0,0,1
11200,1,0,0,1,1,0,0,1,0,0,0,0,0,1,0,0,0,1
1050,2,1,1,1,1,0,0,0,0,1,0,1,0,0,0,0,0,1
1090,2,1,1,1,1,0,0,0,0,1,1,0,0,0,0,1,0,0
4870,3,0,0,1,1,0,0,0,0,1,1,0,0,0,0,1,0,0
1980,3,0,0,1,1,0,0,0,1,0,1,0,0,0,1,0,0,0
1780,4,2,2,1,1,0,0,1,0,0,1,0,0,0,0,0,1,0
710,5,0,0,1,0,0,1,0,1,0,0,0,1,0,0,0,0,1
600,1,0,0,1,1,0,0,1,0,0,1,0,0,0,1,0,0,0
610,2,0,0,1,1,0,0,0,1,0,1,0,0,0,1,0,0,0
690,1,0,0,1,1,0,0,1,0,0,1,0,0,0,1,0,0,0
28380,5,2,0,1,1,0,0,1,0,0,0,0,0,1,0,0,0,1
2490,3,0,0,1,1,0,0,1,0,0,0,0,1,0,0,0,1,0
920,5,1,0,1,1,0,0,0,1,0,1,0,0,0,0,1,0,0
11680,4,1,1,1,1,0,0,1,0,0,1,0,0,0,0,1,0,0
810,2,0,0,1,1,0,0,1,0,0,0,1,0,0,0,0,1,0
2370,3,0,0,1,1,0,0,0,0,1,0,0,0,1,0,0,0,1
610,3,0,0,1,0,1,0,1,0,0,0,0,0,1,1,0,0,0
4440,2,1,1,1,1,0,0,0,0,1,0,0,0,1,0,0,0,1
1570,1,0,0,1,1,0,0,1,0,0,1,0,0,0,0,1,0,0
26830,1,0,0,1,0,1,0,0,0,1,0,1,0,0,0,0,1,0
2460,3,1,0,1,1,0,0,1,0,0,1,0,0,0,1,0,0,0
6010,2,0,0,1,0,0,1,0,1,0,0,1,0,0,0,1,0,0
2570,5,4,4,1,1,0,0,0,1,0,0,0,1,0,0,0,1,0
1930,3,2,0,1,1,0,0,0,1,0,0,0,1,0,0,1,0,0
16110,5,4,2,1,1,0,0,1,0,0,1,0,0,0,0,0,0,1
18960,5,0,0,1,1,0,0,1,0,0,1,0,0,0,0,1,0,0
680,1,0,0,1,1,0,0,1,0,0,1,0,0,0,1,0,0,0
680,1,0,0,1,1,0,0,0,1,0,1,0,0,0,1,0,0,0
1050,2,0,0,1,1,0,0,0,0,1,1,0,0,0,0,0,0,1
6650,4,1,1,1,1,0,0,1,0,0,0,1,0,0,0,0,1,0
610,2,1,1,1,1,0,0,0,1,0,1,0,0,0,1,0,0,0
640,5,1,1,1,1,0,0,0,0,1,1,0,0,0,1,0,0,0
1400,1,0,0,1,1,0,0,0,1,0,0,0,0,1,0,0,1,0
3860,3,2,0,1,1,0,0,1,0,0,0,0,0,1,0,1,0,0
600,2,0,0,1,0,1,0,0,1,0,1,0,0,0,1,0,0,0
720,2,0,0,1,1,0,0,1,0,0,1,0,0,0,0,0,1,0
7650,1,0,0,1,1,0,0,0,1,0,1,0,0,0,0,1,0,0
790,3,2,1,1,1,0,0,0,1,0,0,1,0,0,0,1,0,0
5370,5,2,0,1,1,0,0,0,1,0,0,0,0,1,0,0,0,1
5340,2,0,0,1,1,0,0,1,0,0,1,0,0,0,1,0,0,0
1050,5,4,0,1,0,1,0,1,0,0,1,0,0,0,1,0,0,0
800,1,0,0,1,1,0,0,0,1,0,1,0,0,0,0,0,1,0
4370,2,1,1,1,0,1,0,1,0,0,1,0,0,0,1,0,0,0
7820,1,0,0,1,1,0,0,0,1,0,1,0,0,0,0,1,0,0
2840,1,0,0,1,0,0,1,1,0,0,0,1,0,0,0,1,0,0
13240,1,0,0,1,0,1,0,1,0,0,1,0,0,0,0,0,1,0
17670,3,0,0,1,1,0,0,0,0,1,0,1,0,0,0,1,0,0
1720,3,0,0,1,1,0,0,0,0,1,1,0,0,0,0,1,0,0
4590,2,1,1,1,1,0,0,1,0,0,0,1,0,0,0,1,0,0
1170,2,0,0,1,1,0,0,1,0,0,1,0,0,0,1,0,0,0
640,1,0,0,1,1,0,0,0,0,1,0,1,0,0,0,1,0,0
760,4,3,0,1,0,1,0,1,0,0,0,1,0,0,0,1,0,0
8260,4,3,3,1,0,0,1,1,0,0,1,0,0,0,1,0,0,0
12010,1,0,0,1,1,0,0,0,1,0,1,0,0,0,0,0,0,1
4860,2,0,0,1,1,0,0,0,1,0,0,0,0,1,0,1,0,0
38980,5,2,1,1,1,0,0,1,0,0,0,0,1,0,0,0,0,1
25950,3,2,1,1,1,0,0,1,0,0,0,1,0,0,0,1,0,0
2570,4,3,2,1,1,0,0,1,0,0,0,0,0,1,0,0,1,0
4450,4,3,2,1,1,0,0,1,0,0,0,1,0,0,1,0,0,0
16110,4,3,1,1,1,0,0,0,0,1,1,0,0,0,0,0,1,0
2630,3,1,1,1,0,1,0,0,1,0,0,1,0,0,0,0,0,1
2730,2,0,0,1,1,0,0,1,0,0,1,0,0,0,0,1,0,0
4090,4,0,0,1,0,1,0,1,0,0,1,0,0,0,0,1,0,0
1690,4,0,0,1,1,0,0,0,0,1,0,1,0,0,0,1,0,0
980,4,1,0,1,0,0,1,0,1,0,0,0,1,0,0,0,1,0
710,2,1,0,1,1,0,0,1,0,0,1,0,0,0,0,1,0,0
600,3,1,0,1,1,0,0,1,0,0,0,0,0,1,0,1,0,0
9880,2,1,1,1,1,0,0,1,0,0,0,1,0,0,0,0,1,0
630,1,0,0,1,1,0,0,1,0,0,1,0,0,0,1,0,0,0
8900,5,1,0,1,1,0,0,1,0,0,1,0,0,0,1,0,0,0
1170,3,2,0,1,1,0,0,1,0,0,0,1,0,0,0,1,0,0
700,5,2,1,1,0,1,0,1,0,0,0,0,1,0,0,0,1,0
1520,3,0,0,1,1,0,0,1,0,0,1,0,0,0,0,0,0,1
690,2,0,0,1,1,0,0,0,1,0,1,0,0,0,1,0,0,0
18100,2,0,0,1,1,0,0,1,0,0,1,0,0,0,1,0,0,0
580,2,0,0,1,1,0,0,1,0,0,1,0,0,0,1,0,0,0
1730,3,2,0,1,1,0,0,1,0,0,0,0,0,1,0,0,1,0
590,3,2,0,1,1,0,0,0,0,1,1,0,0,0,1,0,0,0
16930,1,0,0,1,1,0,0,0,0,1,0,0,1,0,0,0,1,0
2310,1,0,0,1,1,0,0,1,0,0,1,0,0,0,0,1,0,0
1870,4,3,2,1,1,0,0,1,0,0,0,1,0,0,0,0,0,1
920,3,1,0,1,0,1,0,1,0,0,1,0,0,0,1,0,0,0
590,5,4,0,1,1,0,0,0,0,1,0,1,0,0,0,0,0,1
630,1,0,0,1,1,0,0,1,0,0,1,0,0,0,0,0,1,0
750,5,0,0,1,1,0,0,1,0,0,1,0,0,0,1,0,0,0
980,5,0,0,1,1,0,0,0,0,1,0,0,1,0,0,0,1,0
660,2,1,1,1,1,0,0,1,0,0,0,0,0,1,0,1,0,0
14670,4,3,2,1,0,0,1,1,0,0,0,1,0,0,0,1,0,0
31530,2,1,0,1,1,0,0,1,0,0,1,0,0,0,1,0,0,0
1040,1,0,0,1,1,0,0,1,0,0,1,0,0,0,1,0,0,0
4890,4,3,3,1,1,0,0,0,0,1,0,0,1,0,0,1,0,0
1320,2,1,1,1,0,1,0,1,0,0,1,0,0,0,1,0,0,0
23060,5,2,2,1,1,0,0,1,0,0,1,0,0,0,1,0,0,0
720,3,2,1,1,1,0,0,0,0,1,0,0,0,1,0,0,0,1
690,3,0,0,1,1,0,0,0,1,0,0,1,0,0,0,0,1,0
830,2,1,1,1,1,0,0,0,1,0,0,1,0,0,1,0,0,0
2260,3,1,1,1,1,0,0,0,1,0,1,0,0,0,1,0,0,0
9180,2,1,1,1,1,0,0,1,0,0,1,0,0,0,1,0,0,0
17770,2,1,1,1,1,0,0,1,0,0,0,1,0,0,1,0,0,0
11450,2,1,1,1,1,0,0,0,0,1,0,1,0,0,0,1,0,0
37770,5,3,2,1,1,0,0,1,0,0,0,0,1,0,0,0,0,1
840,3,0,0,1,1,0,0,0,1,0,0,1,0,0,0,1,0,0
20810,2,1,0,1,0,1,0,1,0,0,0,0,1,0,0,0,1,0
1130,3,0,0,1,1,0,0,1,0,0,0,1,0,0,0,0,1,0
1100,2,1,0,1,1,0,0,1,0,0,1,0,0,0,0,0,1,0
8230,3,1,1,1,1,0,0,1,0,0,1,0,0,0,0,0,1,0
680,4,1,0,1,0,0,1,1,0,0,1,0,0,0,0,1,0,0
1420,5,3,0,1,1,0,0,1,0,0,0,1,0,0,0,1,0,0
1240,5,4,2,1,0,1,0,0,1,0,0,1,0,0,0,1,0,0
3630,5,4,1,1,1,0,0,0,0,1,0,0,0,1,1,0,0,0
770,2,0,0,1,1,0,0,0,0,1,0,0,1,0,0,0,1,0
1970,5,0,0,1,0,1,0,0,1,0,1,0,0,0,1,0,0,0
3940,3,2,1,1,1,0,0,0,1,0,1,0,0,0,0,1,0,0
1980,3,2,0,1,0,1,0,0,1,0,1,0,0,0,1,0,0,0
4580,5,1,1,1,1,0,0,0,1,0,1,0,0,0,0,1,0,0
27680,1,0,0,1,1,0,0,0,1,0,1,0,0,0,1,0,0,0
2390,2,1,0,1,1,0,0,0,1,0,1,0,0,0,0,0,0,1
4490,4,3,2,1,1,0,0,1,0,0,1,0,0,0,0,1,0,0
31470,1,0,0,1,1,0,0,0,1,0,0,1,0,0,0,0,1,0
670,3,1,0,1,1,0,0,0,1,0,0,1,0,0,0,1,0,0
2190,3,1,1,1,1,0,0,0,0,1,1,0,0,0,1,0,0,0
5960,4,1,0,1,1,0,0,1,0,0,0,0,0,1,0,0,0,1
840,4,0,0,1,1,0,0,1,0,0,0,1,0,0,0,1,0,0
12850,5,3,3,1,1,0,0,0,1,0,1,0,0,0,0,1,0,0
4810,2,1,1,1,1,0,0,1,0,0,0,1,0,0,0,1,0,0
4550,1,0,0,1,1,0,0,0,0,1,1,0,0,0,1,0,0,0
940,3,2,0,1,1,0,0,0,1,0,0,1,0,0,0,0,0,1
760,3,1,0,1,1,0,0,0,1,0,1,0,0,0,0,0,0,1
3590,3,1,0,1,1,0,0,1,0,0,1,0,0,0,1,0,0,0
25750,4,1,1,1,1,0,0,1,0,0,1,0,0,0,0,0,0,1
920,5,4,1,1,1,0,0,1,0,0,0,1,0,0,0,0,1,0
17630,5,2,0,1,1,0,0,0,1,0,0,0,1,0,0,0,1,0
610,5,1,0,1,1,0,0,0,1,0,1,0,0,0,0,1,0,0
2360,1,0,0,1,1,0,0,0,1,0,1,0,0,0,1,0,0,0
15740,5,1,1,1,0,1,0,1,0,0,0,0,1,0,0,0,1,0
4300,5,0,0,1,1,0,0,1,0,0,1,0,0,0,0,1,0,0
750,3,1,0,1,1,0,0,1,0,0,0,0,0,1,0,0,0,1
1060,4,2,1,1,0,1,0,0,0,1,1,0,0,0,0,1,0,0
2010,4,1,0,1,1,0,0,0,1,0,0,1,0,0,0,0,1,0
2110,5,3,3,1,1,0,0,1,0,0,1,0,0,0,1,0,0,0
25060,3,0,0,1,1,0,0,1,0,0,1,0,0,0,0,0,1,0
2150,1,0,0,1,1,0,0,1,0,0,0,0,0,1,0,1,0,0
640,1,0,0,1,0,0,1,0,1,0,0,1,0,0,0,1,0,0
740,5,3,1,1,1,0,0,0,1,0,1,0,0,0,1,0,0,0
15170,4,3,2,1,0,1,0,1,0,0,1,0,0,0,1,0,0,0
2110,5,3,2,1,1,0,0,0,1,0,0,1,0,0,0,1,0,0
12300,5,0,0,1,1,0,0,1,0,0,1,0,0,0,1,0,0,0
1100,2,0,0,1,0,1,0,1,0,0,1,0,0,0,1,0,0,0
40380,2,0,0,1,1,0,0,0,1,0,1,0,0,0,0,0,0,1
4340,5,3,2,1,1,0,0,0,1,0,0,1,0,0,0,0,0,1
720,2,0,0,1,1,0,0,1,0,0,0,1,0,0,0,0,0,1
3330,4,1,1,1,1,0,0,1,0,0,0,1,0,0,0,1,0,0
980,1,0,0,1,1,0,0,0,0,1,1,0,0,0,1,0,0,0
5910,1,0,0,1,1,0,0,0,0,1,1,0,0,0,0,0,1,0
12120,2,0,0,1,1,0,0,0,1,0,0,1,0,0,1,0,0,0
890,3,1,0,1,1,0,0,0,1,0,0,0,1,0,0,0,1,0
1610,1,0,0,1,1,0,0,1,0,0,0,0,1,0,0,1,0,0
1030,5,0,0,1,1,0,0,1,0,0,1,0,0,0,0,1,0,0
640,3,0,0,1,1,0,0,0,1,0,0,1,0,0,0,0,1,0
580,2,0,0,1,1,0,0,1,0,0,0,1,0,0,1,0,0,0
670,1,0,0,1,1,0,0,1,0,0,0,0,0,1,0,0,0,1
1590,2,1,1,1,1,0,0,0,0,1,1,0,0,0,1,0,0,0
4240,5,3,0,1,1,0,0,0,0,1,1,0,0,0,0,1,0,0
5820,5,1,0,1,1,0,0,0,1,0,1,0,0,0,0,0,0,1
1250,2,1,1,1,1,0,0,1,0,0,0,1,0,0,0,0,1,0
2900,1,0,0,1,0,1,0,1,0,0,0,0,1,0,0,0,1,0
34770,2,0,0,1,1,0,0,1,0,0,0,0,1,0,0,0,1,0
820,3,2,0,1,1,0,0,0,1,0,0,1,0,0,0,1,0,0
19240,1,0,0,1,1,0,0,1,0,0,1,0,0,0,1,0,0,0
15450,4,1,1,1,1,0,0,1,0,0,0,0,1,0,0,0,1,0
710,1,0,0,1,1,0,0,0,0,1,0,1,0,0,0,1,0,0
1450,4,1,1,1,1,0,0,1,0,0,1,0,0,0,0,1,0,0
21200,5,0,0,1,0,1,0,1,0,0,1,0,0,0,1,0,0,0
6000,4,0,0,1,1,0,0,0,0,1,1,0,0,0,1,0,0,0
16990,5,2,2,1,1,0,0,1,0,0,1,0,0,0,1,0,0,0
1620,4,3,1,1,1,0,0,1,0,0,0,1,0,0,0,1,0,0
870,5,2,1,1,1,0,0,1,0,0,0,0,1,0,0,0,0,1
5060,1,0,0,1,1,0,0,0,0,1,1,0,0,0,0,1,0,0
4040,3,2,2,1,1,0,0,0,1,0,1,0,0,0,0,1,0,0
6090,2,1,1,1,1,0,0,1,0,0,1,0,0,0,1,0,0,0
860,2,0,0,1,1,0,0,1,0,0,1,0,0,0,0,1,0,0
630,3,2,1,1,1,0,0,1,0,0,0,0,0,1,0,0,0,1
1220,5,2,1,1,1,0,0,1,0,0,0,1,0,0,0,0,0,1
910,3,2,1,1,1,0,0,1,0,0,1,0,0,0,1,0,0,0
20300,3,1,1,1,1,0,0,1,0,0,0,1,0,0,0,0,0,1
40590,4,1,1,1,1,0,0,0,1,0,0,1,0,0,0,0,0,1
8050,1,0,0,1,1,0,0,1,0,0,0,1,0,0,0,1,0,0
3730,2,0,0,1,0,0,1,1,0,0,0,1,0,0,1,0,0,0
7460,1,0,0,1,1,0,0,0,1,0,0,0,1,0,0,0,1,0
13990,5,3,2,1,1,0,0,1,0,0,0,1,0,0,1,0,0,0
3120,2,0,0,1,1,0,0,1,0,0,0,0,1,0,0,1,0,0
19350,2,1,1,1,1,0,0,0,1,0,1,0,0,0,0,0,0,1
7750,5,1,0,1,1,0,0,0,0,1,0,1,0,0,0,0,1,0
8700,3,0,0,1,1,0,0,1,0,0,0,1,0,0,1,0,0,0
670,4,3,3,1,1,0,0,0,1,0,0,1,0,0,0,1,0,0
3240,3,0,0,1,1,0,0,1,0,0,1,0,0,0,0,1,0,0
1020,5,4,0,1,1,0,0,1,0,0,1,0,0,0,1,0,0,0
6970,2,0,0,1,1,0,0,0,1,0,0,1,0,0,0,1,0,0
4690,1,0,0,1,1,0,0,0,1,0,0,0,0,1,1,0,0,0
1090,2,1,0,1,1,0,0,0,1,0,0,0,0,1,0,1,0,0
580,1,0,0,1,1,0,0,1,0,0,0,0,1,0,0,0,1,0
28090,1,0,0,1,1,0,0,1,0,0,1,0,0,0,1,0,0,0
1160,5,0,0,1,0,1,0,0,0,1,1,0,0,0,0,1,0,0
9430,5,3,2,1,1,0,0,1,0,0,0,1,0,0,0,0,1,0
19170,2,0,0,1,1,0,0,0,1,0,0,1,0,0,0,0,1,0
650,3,0,0,1,1,0,0,0,0,1,0,0,1,0,0,0,1,0
1870,5,3,1,1,0,0,1,0,1,0,0,1,0,0,0,0,0,1
3340,2,1,0,1,1,0,0,0,1,0,1,0,0,0,1,0,0,0
23770,5,4,2,1,0,1,0,1,0,0,1,0,0,0,1,0,0,0
2480,2,0,0,1,1,0,0,0,1,0,0,0,0,1,0,1,0,0
1490,1,0,0,1,1,0,0,1,0,0,1,0,0,0,0,1,0,0
3770,1,0,0,1,1,0,0,0,1,0,0,1,0,0,0,1,0,0
3590,1,0,0,1,1,0,0,1,0,0,1,0,0,0,0,0,0,1
590,2,1,1,1,1,0,0,0,1,0,0,0,1,0,0,0,1,0
3130,2,0,0,1,1,0,0,0,1,0,0,0,1,0,0,0,1,0
610,4,3,3,1,1,0,0,0,0,1,1,0,0,0,0,0,0,1
23660,3,0,0,1,0,1,0,0,0,1,0,0,1,0,0,1,0,0
6980,5,1,1,1,0,1,0,1,0,0,1,0,0,0,1,0,0,0
1930,1,0,0,1,1,0,0,1,0,0,1,0,0,0,0,0,0,1
3180,1,0,0,1,1,0,0,0,0,1,0,0,0,1,0,0,0,1
1720,5,3,3,1,1,0,0,0,1,0,0,0,0,1,0,0,0,1
37660,4,1,0,1,1,0,0,1,0,0,1,0,0,0,1,0,0,0
6690,4,1,1,1,1,0,0,1,0,0,0,1,0,0,0,0,0,1
8870,2,1,1,1,1,0,0,0,1,0,0,0,0,1,0,0,0,1
23860,4,1,1,1,0,1,0,0,1,0,1,0,0,0,0,0,0,1
2140,5,2,1,1,1,0,0,0,1,0,1,0,0,0,1,0,0,0
2400,2,0,0,1,1,0,0,1,0,0,1,0,0,0,1,0,0,0
7380,3,1,1,1,1,0,0,0,0,1,1,0,0,0,0,1,0,0
630,1,0,0,1,1,0,0,0,0,1,1,0,0,0,1,0,0,0
1230,5,4,3,1,1,0,0,0,1,0,1,0,0,0,0,1,0,0
1610,3,1,0,1,1,0,0,0,1,0,1,0,0,0,1,0,0,0
1030,1,0,0,1,1,0,0,0,1,0,1,0,0,0,1,0,0,0
36920,5,2,2,1,1,0,0,0,1,0,1,0,0,0,1,0,0,0
830,1,0,0,1,1,0,0,1,0,0,0,1,0,0,0,0,1,0
830,5,2,0,1,1,0,0,1,0,0,1,0,0,0,1,0,0,0
4600,3,0,0,1,1,0,0,0,1,0,1,0,0,0,1,0,0,0
600,1,0,0,1,1,0,0,1,0,0,0,0,0,1,1,0,0,0
4750,3,1,0,1,1,0,0,0,1,0,0,0,0,1,0,0,0,1
4630,5,0,0,1,1,0,0,0,1,0,0,1,0,0,0,0,0,1
4690,4,2,0,1,1,0,0,1,0,0,0,1,0,0,0,0,1,0
630,4,2,2,1,1,0,0,0,1,0,1,0,0,0,1,0,0,0
2740,3,0,0,1,1,0,0,0,1,0,1,0,0,0,1,0,0,0
2890,3,0,0,1,1,0,0,0,1,0,1,0,0,0,1,0,0,0
640,4,0,0,1,0,1,0,0,1,0,1,0,0,0,0,1,0,0
31160,1,0,0,1,1,0,0,0,1,0,0,1,0,0,0,1,0,0
740,3,0,0,1,1,0,0,1,0,0,0,1,0,0,0,0,0,1
810,5,4,2,1,1,0,0,1,0,0,0,0,0,1,0,0,0,1
1260,3,0,0,1,1,0,0,1,0,0,1,0,0,0,0,0,0,1
2510,3,1,1,1,1,0,0,1,0,0,1,0,0,0,1,0,0,0
1970,5,0,0,1,1,0,0,1,0,0,0,0,0,1,0,0,0,1
35660,2,1,0,1,1,0,0,1,0,0,1,0,0,0,1,0,0,0
920,1,0,0,1,1,0,0,0,1,0,1,0,0,0,1,0,0,0
1600,2,1,1,1,1,0,0,1,0,0,1,0,0,0,0,0,1,0
770,2,0,0,1,1,0,0,1,0,0,0,0,1,0,0,0,1,0
1950,2,0,0,1,1,0,0,1,0,0,0,1,0,0,0,0,1,0
680,5,3,2,1,1,0,0,1,0,0,0,1,0,0,0,0,1,0
650,3,2,2,1,1,0,0,1,0,0,0,1,0,0,0,1,0,0
7840,2,1,0,1,1,0,0,0,1,0,0,0,1,0,0,0,1,0
2270,1,0,0,1,1,0,0,1,0,0,0,0,0,1,0,0,0,1
20550,5,0,0,1,0,1,0,1,0,0,1,0,0,0,1,0,0,0
1510,1,0,0,1,0,1,0,1,0,0,1,0,0,0,0,0,0,1
3490,3,2,1,1,1,0,0,1,0,0,0,0,0,1,1,0,0,0
630,2,0,0,1,1,0,0,0,1,0,1,0,0,0,0,0,0,1
740,3,0,0,1,0,1,0,1,0,0,1,0,0,0,0,0,0,1
2500,2,0,0,1,1,0,0,1,0,0,0,0,1,0,0,0,1,0
4200,3,0,0,1,1,0,0,0,1,0,0,1,0,0,0,1,0,0
600,3,2,1,1,1,0,0,0,0,1,1,0,0,0,1,0,0,0
2800,4,2,1,1,1,0,0,0,0,1,1,0,0,0,1,0,0,0
2430,4,0,0,1,1,0,0,1,0,0,0,1,0,0,1,0,0,0
14060,1,0,0,1,1,0,0,1,0,0,0,0,0,1,0,0,0,1
37560,1,0,0,1,1,0,0,1,0,0,0,0,1,0,0,0,1,0
610,4,3,2,1,1,0,0,1,0,0,0,1,0,0,0,1,0,0
10350,4,2,1,1,0,1,0,1,0,0,1,0,0,0,0,0,0,1
810,3,1,0,1,0,1,0,1,0,0,0,0,0,1,0,1,0,0
17840,1,0,0,1,1,0,0,1,0,0,1,0,0,0,1,0,0,0
3890,2,0,0,1,0,0,1,1,0,0,0,1,0,0,0,1,0,0
3980,5,1,1,1,1,0,0,0,1,0,0,1,0,0,0,1,0,0
630,4,0,0,1,1,0,0,1,0,0,0,0,1,0,1,0,0,0
1050,5,3,2,1,1,0,0,1,0,0,0,1,0,0,0,1,0,0
3930,4,3,3,1,1,0,0,1,0,0,1,0,0,0,1,0,0,0
690,5,4,4,1,1,0,0,0,1,0,0,0,1,0,0,0,1,0
1340,4,0,0,1,0,1,0,0,0,1,0,1,0,0,0,0,1,0
12000,2,0,0,1,1,0,0,0,0,1,0,1,0,0,0,1,0,0
980,3,1,0,1,1,0,0,1,0,0,0,1,0,0,0,1,0,0
1480,2,1,1,1,1,0,0,0,1,0,0,1,0,0,0,1,0,0
3560,3,0,0,1,1,0,0,1,0,0,1,0,0,0,1,0,0,0
7700,5,4,1,1,1,0,0,1,0,0,1,0,0,0,1,0,0,0
28490,3,1,0,1,1,0,0,1,0,0,1,0,0,0,1,0,0,0
40360,3,0,0,1,1,0,0,0,1,0,0,1,0,0,1,0,0,0
2360,5,4,4,1,1,0,0,0,0,1,1,0,0,0,1,0,0,0
1550,5,3,2,1,1,0,0,0,1,0,1,0,0,0,1,0,0,0
3010,5,4,4,1,1,0,0,0,1,0,0,1,0,0,0,1,0,0
1660,1,0,0,1,1,0,0,0,1,0,0,1,0,0,0,1,0,0
1370,1,0,0,1,1,0,0,0,1,0,1,0,0,0,1,0,0,0
620,1,0,0,1,1,0,0,0,0,1,0,0,0,1,1,0,0,0
35610,3,2,1,1,0,0,1,0,1,0,1,0,0,0,1,0,0,0
1250,3,1,1,1,1,0,0,0,1,0,1,0,0,0,1,0,0,0
1410,2,0,0,1,1,0,0,1,0,0,0,0,1,0,0,0,1,0
28010,2,0,0,1,0,0,1,1,0,0,1,0,0,0,0,0,1,0
5330,4,0,0,1,1,0,0,0,1,0,0,0,1,0,0,0,1,0
1530,4,3,2,1,1,0,0,0,1,0,1,0,0,0,1,0,0,0
590,5,1,1,1,0,1,0,0,1,0,1,0,0,0,1,0,0,0
12510,1,0,0,1,1,0,0,1,0,0,1,0,0,0,0,1,0,0
19140,2,0,0,1,1,0,0,0,0,1,0,0,1,0,1,0,0,0
2620,3,0,0,1,1,0,0,0,1,0,1,0,0,0,1,0,0,0
760,1,0,0,1,1,0,0,0,1,0,1,0,0,0,0,0,1,0
640,4,0,0,1,1,0,0,1,0,0,0,0,0,1,1,0,0,0
5730,4,0,0,1,0,1,0,1,0,0,1,0,0,0,1,0,0,0
780,3,0,0,1,1,0,0,0,0,1,0,0,1,0,0,0,1,0
22640,4,3,2,1,1,0,0,1,0,0,0,1,0,0,0,1,0,0
4740,5,2,0,1,1,0,0,1,0,0,0,0,0,1,0,0,1,0
2450,3,0,0,1,1,0,0,0,1,0,0,1,0,0,0,0,0,1
7250,3,2,2,1,0,0,1,1,0,0,1,0,0,0,0,0,0,1
1200,2,0,0,1,1,0,0,1,0,0,0,1,0,0,0,1,0,0
2450,4,2,2,1,1,0,0,0,1,0,0,1,0,0,0,0,1,0
3440,2,1,0,1,1,0,0,1,0,0,0,1,0,0,0,1,0,0
1120,4,3,0,1,1,0,0,0,1,0,0,1,0,0,0,0,1,0
6470,4,2,2,1,1,0,0,1,0,0,0,1,0,0,0,1,0,0
2620,4,2,2,1,1,0,0,1,0,0,1,0,0,0,0,0,1,0
7650,4,2,2,1,1,0,0,0,1,0,1,0,0,0,1,0,0,0
810,2,1,1,1,1,0,0,1,0,0,0,0,1,0,0,0,1,0
14690,4,1,1,1,0,1,0,0,1,0,0,1,0,0,0,0,1,0
2260,5,1,0,1,1,0,0,1,0,0,1,0,0,0,0,0,0,1
610,2,0,0,1,1,0,0,1,0,0,1,0,0,0,1,0,0,0
850,4,2,2,1,1,0,0,0,1,0,1,0,0,0,1,0,0,0
580,3,2,2,1,0,1,0,0,1,0,0,0,0,1,0,1,0,0
5850,5,1,0,1,1,0,0,1,0,0,0,1,0,0,0,0,0,1
9310,4,1,1,1,0,1,0,1,0,0,0,1,0,0,0,1,0,0
32350,3,0,0,1,1,0,0,1,0,0,0,0,0,1,0,1,0,0
590,3,1,0,1,1,0,0,1,0,0,1,0,0,0,1,0,0,0
640,4,2,2,1,1,0,0,0,1,0,1,0,0,0,1,0,0,0
1720,5,3,3,1,1,0,0,0,1,0,0,1,0,0,0,1,0,0
3670,5,0,0,1,1,0,0,0,1,0,0,0,1,0,0,0,1,0
3630,5,2,0,1,1,0,0,1,0,0,0,1,0,0,0,0,1,0
650,4,0,0,1,0,0,1,0,0,1,1,0,0,0,1,0,0,0
2820,1,0,0,1,1,0,0,0,0,1,0,0,1,0,0,0,0,1
24750,3,0,0,1,1,0,0,1,0,0,0,0,1,0,0,0,1,0
13090,4,2,1,1,1,0,0,0,0,1,1,0,0,0,0,1,0,0
28840,3,0,0,1,0,0,1,0,1,0,0,1,0,0,0,1,0,0
6060,1,0,0,1,1,0,0,1,0,0,0,1,0,0,1,0,0,0
1330,3,2,2,1,1,0,0,1,0,0,1,0,0,0,1,0,0,0
930,3,1,0,1,1,0,0,1,0,0,1,0,0,0,1,0,0,0
600,1,0,0,1,1,0,0,1,0,0,0,1,0,0,0,1,0,0
10840,1,0,0,1,1,0,0,0,0,1,0,1,0,0,0,1,0,0
900,3,1,1,1,1,0,0,1,0,0,0,0,0,1,0,0,0,1
8690,2,0,0,1,1,0,0,0,1,0,1,0,0,0,0,1,0,0
7110,2,0,0,1,1,0,0,0,0,1,1,0,0,0,1,0,0,0
1820,4,2,0,1,1,0,0,1,0,0,1,0,0,0,0,1,0,0
19360,5,3,0,1,0,1,0,1,0,0,1,0,0,0,0,1,0,0
600,2,0,0,1,1,0,0,1,0,0,1,0,0,0,1,0,0,0
990,3,0,0,1,1,0,0,1,0,0,1,0,0,0,0,1,0,0
590,5,3,3,1,1,0,0,0,1,0,0,0,1,0,0,0,1,0
2170,2,0,0,1,1,0,0,0,0,1,1,0,0,0,1,0,0,0
4300,1,0,0,1,1,0,0,1,0,0,0,0,0,1,0,0,0,1
17090,2,1,1,1,1,0,0,1,0,0,0,1,0,0,0,1,0,0
630,1,0,0,1,1,0,0,1,0,0,0,0,0,1,0,1,0,0
690,5,0,0,1,1,0,0,1,0,0,0,1,0,0,0,0,0,1
970,2,0,0,1,0,1,0,1,0,0,1,0,0,0,0,1,0,0
2790,1,0,0,1,1,0,0,1,0,0,0,1,0,0,0,1,0,0
13880,4,0,0,1,1,0,0,0,1,0,0,0,1,0,0,0,1,0
3300,2,1,0,1,1,0,0,1,0,0,1,0,0,0,0,0,0,1
3120,4,3,0,1,0,0,1,1,0,0,0,1,0,0,1,0,0,0
650,5,3,3,1,1,0,0,0,1,0,1,0,0,0,0,0,0,1
720,2,0,0,1,1,0,0,0,0,1,1,0,0,0,1,0,0,0
4280,1,0,0,1,1,0,0,1,0,0,0,1,0,0,0,1,0,0
2220,3,1,1,1,1,0,0,1,0,0,1,0,0,0,0,1,0,0
2690,1,0,0,1,1,0,0,0,1,0,1,0,0,0,0,0,1,0
1100,2,0,0,1,1,0,0,1,0,0,0,1,0,0,1,0,0,0
620,5,1,1,1,1,0,0,1,0,0,0,0,1,0,0,0,1,0
650,2,0,0,1,1,0,0,0,1,0,1,0,0,0,0,0,0,1
620,1,0,0,1,1,0,0,0,0,1,1,0,0,0,1,0,0,0
870,5,0,0,1,1,0,0,0,1,0,0,1,0,0,0,1,0,0
840,5,4,2,1,0,1,0,1,0,0,0,0,1,0,0,0,1,0
2650,3,0,0,1,1,0,0,1,0,0,0,1,0,0,0,1,0,0
1630,3,0,0,1,1,0,0,1,0,0,1,0,0,0,0,1,0,0
2180,5,3,0,1,1,0,0,1,0,0,1,0,0,0,1,0,0,0
600,4,0,0,1,1,0,0,0,1,0,0,1,0,0,0,0,0,1
26780,3,1,1,1,1,0,0,1,0,0,0,1,0,0,0,0,1,0
20020,5,0,0,1,1,0,0,1,0,0,1,0,0,0,0,1,0,0
4430,1,0,0,1,1,0,0,0,0,1,0,1,0,0,0,0,0,1
920,3,0,0,1,1,0,0,0,0,1,0,0,1,0,0,0,0,1
36620,2,0,0,1,1,0,0,1,0,0,1,0,0,0,1,0,0,0
1460,1,0,0,1,1,0,0,1,0,0,0,0,1,0,0,0,0,1
610,4,1,0,1,1,0,0,0,0,1,1,0,0,0,0,1,0,0
3290,5,3,2,1,0,1,0,0,1,0,0,0,1,0,0,0,1,0
1100,3,2,1,1,0,1,0,1,0,0,1,0,0,0,0,0,1,0
650,3,0,0,1,1,0,0,0,1,0,0,0,1,0,0,1,0,0
6750,2,0,0,1,1,0,0,0,1,0,0,0,0,1,0,0,0,1
3700,1,0,0,1,1,0,0,1,0,0,1,0,0,0,0,0,0,1
13730,3,0,0,1,1,0,0,1,0,0,1,0,0,0,0,1,0,0
850,4,0,0,1,1,0,0,0,1,0,1,0,0,0,0,1,0,0
1110,5,1,0,1,1,0,0,1,0,0,0,1,0,0,0,1,0,0
26310,3,1,0,1,1,0,0,0,1,0,1,0,0,0,1,0,0,0
720,3,2,1,1,1,0,0,1,0,0,1,0,0,0,1,0,0,0
630,3,0,0,1,1,0,0,1,0,0,0,0,1,0,0,0,1,0
3120,2,1,1,1,1,0,0,0,1,0,1,0,0,0,0,0,1,0
3940,2,0,0,1,0,0,1,1,0,0,0,0,1,0,0,0,1,0
29110,3,0,0,1,1,0,0,0,1,0,1,0,0,0,0,1,0,0
1940,3,0,0,1,0,0,1,0,1,0,0,1,0,0,0,1,0,0
15500,2,1,0,1,1,0,0,1,0,0,0,0,0,1,0,1,0,0
3510,2,1,0,1,0,0,1,1,0,0,1,0,0,0,1,0,0,0
10080,3,2,0,1,1,0,0,0,1,0,0,1,0,0,0,1,0,0
35400,3,0,0,1,0,1,0,1,0,0,0,0,1,0,1,0,0,0
1000,2,1,0,1,1,0,0,1,0,0,0,0,0,1,0,0,0,1
20130,4,1,1,1,1,0,0,0,1,0,0,0,1,0,0,0,0,1
840,4,1,1,1,1,0,0,1,0,0,1,0,0,0,1,0,0,0
2030,5,4,3,1,1,0,0,0,1,0,1,0,0,0,1,0,0,0
930,1,0,0,1,1,0,0,0,0,1,0,1,0,0,0,0,0,1
7700,1,0,0,1,1,0,0,1,0,0,0,1,0,0,0,1,0,0
21450,5,0,0,1,1,0,0,0,1,0,1,0,0,0,0,1,0,0
810,4,0,0,1,0,1,0,1,0,0,1,0,0,0,0,1,0,0
17820,2,0,0,1,1,0,0,1,0,0,1,0,0,0,0,0,1,0
990,1,0,0,1,1,0,0,1,0,0,1,0,0,0,0,1,0,0
28300,4,1,1,1,1,0,0,0,1,0,0,1,0,0,0,1,0,0
9440,2,0,0,1,1,0,0,1,0,0,1,0,0,0,1,0,0,0
1320,3,0,0,1,1,0,0,0,1,0,0,0,0,1,0,0,0,1
730,4,1,1,1,1,0,0,0,1,0,0,0,0,1,1,0,0,0
760,5,3,3,1,0,1,0,0,1,0,0,0,0,1,0,1,0,0
37710,1,0,0,1,1,0,0,0,1,0,0,1,0,0,0,0,1,0
2130,2,1,1,1,1,0,0,0,1,0,0,0,0,1,0,0,0,1
3210,2,0,0,1,1,0,0,0,1,0,1,0,0,0,1,0,0,0
1870,4,1,0,1,1,0,0,0,1,0,1,0,0,0,0,1,0,0
4330,5,0,0,1,1,0,0,1,0,0,0,1,0,0,1,0,0,0
590,3,1,1,1,1,0,0,0,1,0,1,0,0,0,1,0,0,0
22720,4,0,0,1,1,0,0,0,1,0,1,0,0,0,0,0,1,0
2850,5,2,1,1,1,0,0,1,0,0,0,0,1,0,0,0,1,0
860,4,0,0,1,1,0,0,0,1,0,0,0,1,0,0,1,0,0
990,3,0,0,1,1,0,0,1,0,0,1,0,0,0,0,0,1,0
39730,4,2,2,1,1,0,0,1,0,0,1,0,0,0,1,0,0,0
2930,2,1,1,1,1,0,0,1,0,0,1,0,0,0,1,0,0,0
1480,2,1,0,1,1,0,0,0,1,0,0,1,0,0,0,1,0,0
8900,1,0,0,1,1,0,0,0,0,1,1,0,0,0,0,0,0,1
25380,1,0,0,1,1,0,0,1,0,0,0,0,0,1,0,0,1,0
26380,1,0,0,1,1,0,0,0,1,0,1,0,0,0,0,1,0,0
3640,4,2,1,1,1,0,0,0,1,0,0,0,1,0,0,0,1,0
7610,2,1,1,1,1,0,0,0,1,0,1,0,0,0,1,0,0,0
1990,2,1,1,1,1,0,0,1,0,0,1,0,0,0,0,0,0,1
1120,4,3,1,1,0,1,0,1,0,0,0,0,0,1,0,1,0,0
8850,3,2,2,1,1,0,0,0,1,0,0,0,1,0,0,0,1,0
3760,1,0,0,1,1,0,0,0,0,1,1,0,0,0,1,0,0,0
1270,2,1,0,1,1,0,0,0,0,1,0,1,0,0,0,0,0,1
7440,4,0,0,1,1,0,0,0,1,0,0,1,0,0,0,1,0,0
2020,3,1,0,1,1,0,0,1,0,0,0,0,0,1,0,0,0,1
4140,2,1,0,1,1,0,0,0,1,0,0,0,0,1,1,0,0,0
720,5,3,0,1,1,0,0,1,0,0,0,0,1,0,0,0,1,0
11800,2,0,0,1,1,0,0,0,1,0,0,1,0,0,0,1,0,0
720,4,2,0,1,1,0,0,0,1,0,0,0,1,0,0,1,0,0
630,4,0,0,1,1,0,0,1,0,0,1,0,0,0,1,0,0,0
2990,3,2,0,1,1,0,0,1,0,0,0,1,0,0,0,1,0,0
9550,5,0,0,1,1,0,0,1,0,0,1,0,0,0,1,0,0,0
990,5,1,0,1,1,0,0,1,0,0,0,0,0,1,0,0,0,1
630,1,0,0,1,0,1,0,0,0,1,0,0,0,1,0,1,0,0
630,1,0,0,1,1,0,0,0,0,1,1,0,0,0,1,0,0,0
1330,5,0,0,1,1,0,0,1,0,0,1,0,0,0,0,1,0,0
660,3,0,0,1,1,0,0,0,0,1,1,0,0,0,1,0,0,0
23740,2,0,0,1,1,0,0,0,1,0,1,0,0,0,0,1,0,0
7840,5,3,2,1,1,0,0,0,1,0,0,0,0,1,1,0,0,0
14470,1,0,0,1,1,0,0,0,1,0,1,0,0,0,1,0,0,0
40570,4,0,0,1,1,0,0,0,1,0,1,0,0,0,1,0,0,0
1290,2,0,0,1,1,0,0,1,0,0,0,1,0,0,0,1,0,0
27250,3,1,1,1,1,0,0,1,0,0,1,0,0,0,1,0,0,0
1440,3,2,2,1,1,0,0,0,1,0,0,0,0,1,0,0,0,1
6930,3,2,2,1,1,0,0,1,0,0,0,1,0,0,1,0,0,0
38600,3,0,0,1,0,1,0,0,1,0,0,1,0,0,0,1,0,0
2390,1,0,0,1,1,0,0,1,0,0,1,0,0,0,0,0,0,1
1750,2,1,0,1,1,0,0,1,0,0,1,0,0,0,1,0,0,0
810,4,0,0,1,1,0,0,0,0,1,0,1,0,0,0,1,0,0
29370,3,0,0,1,1,0,0,1,0,0,1,0,0,0,0,1,0,0
1520,5,4,3,1,1,0,0,0,1,0,1,0,0,0,1,0,0,0
590,3,0,0,1,1,0,0,0,1,0,0,1,0,0,0,0,0,1
3230,1,0,0,1,0,1,0,1,0,0,1,0,0,0,1,0,0,0
15320,4,0,0,1,0,1,0,1,0,0,1,0,0,0,1,0,0,0
860,2,1,1,1,1,0,0,1,0,0,1,0,0,0,1,0,0,0
750,2,1,1,1,1,0,0,0,1,0,0,1,0,0,0,1,0,0
9860,4,2,2,1,1,0,0,0,0,1,1,0,0,0,1,0,0,0
16530,3,1,0,1,1,0,0,0,0,1,1,0,0,0,0,1,0,0
32380,1,0,0,1,0,0,1,1,0,0,0,1,0,0,0,1,0,0
14960,2,1,0,1,1,0,0,0,1,0,1,0,0,0,0,0,0,1
20190,2,1,1,1,1,0,0,0,1,0,1,0,0,0,0,1,0,0
870,2,1,0,1,1,0,0,1,0,0,0,1,0,0,0,1,0,0
8310,5,3,3,1,1,0,0,1,0,0,1,0,0,0,0,0,1,0
2620,4,2,1,1,0,1,0,1,0,0,1,0,0,0,0,1,0,0
1480,3,1,0,1,0,1,0,0,1,0,0,0,0,1,0,0,0,1
2600,3,0,0,1,0,1,0,1,0,0,1,0,0,0,1,0,0,0
1760,1,0,0,1,1,0,0,1,0,0,1,0,0,0,0,0,0,1
15510,2,1,0,1,1,0,0,0,1,0,1,0,0,0,0,0,0,1
3850,4,3,0,1,1,0,0,0,0,1,1,0,0,0,1,0,0,0
8650,3,1,1,1,1,0,0,1,0,0,0,1,0,0,0,0,1,0
1460,5,4,4,1,1,0,0,0,1,0,0,1,0,0,0,0,0,1
28740,5,1,0,1,1,0,0,1,0,0,1,0,0,0,1,0,0,0
2380,1,0,0,1,1,0,0,0,1,0,0,0,1,0,1,0,0,0
660,2,0,0,1,0,1,0,0,0,1,1,0,0,0,1,0,0,0
6000,3,2,2,1,1,0,0,1,0,0,1,0,0,0,0,1,0,0
2720,4,1,0,1,1,0,0,1,0,0,0,1,0,0,0,1,0,0
1100,1,0,0,1,1,0,0,1,0,0,0,1,0,0,0,1,0,0
19150,1,0,0,1,1,0,0,1,0,0,1,0,0,0,0,1,0,0
17290,2,0,0,1,1,0,0,1,0,0,1,0,0,0,0,1,0,0
22810,2,1,0,1,1,0,0,1,0,0,0,1,0,0,0,0,0,1
720,2,0,0,1,1,0,0,0,0,1,1,0,0,0,1,0,0,0
23900,4,2,1,1,0,0,1,1,0,0,0,0,1,0,0,0,0,1
5030,3,2,0,1,1,0,0,0,0,1,0,0,0,1,0,0,0,1
3350,2,1,1,1,1,0,0,0,1,0,0,0,1,0,0,0,1,0
8870,5,0,0,1,1,0,0,0,1,0,1,0,0,0,0,0,1,0
3520,5,2,1,1,1,0,0,1,0,0,1,0,0,0,0,1,0,0
1080,5,1,1,1,1,0,0,0,1,0,0,1,0,0,0,1,0,0
1960,4,0,0,1,1,0,0,0,0,1,1,0,0,0,0,1,0,0
3890,3,0,0,1,1,0,0,0,1,0,1,0,0,0,0,0,1,0
3350,3,1,0,1,1,0,0,0,1,0,0,1,0,0,0,1,0,0
610,2,1,1,1,1,0,0,0,1,0,0,1,0,0,0,1,0,0
8210,4,2,0,1,1,0,0,0,1,0,0,1,0,0,0,1,0,0
1630,3,1,0,1,1,0,0,1,0,0,0,1,0,0,0,1,0,0
970,1,0,0,1,1,0,0,0,1,0,1,0,0,0,0,0,0,1
1070,2,0,0,1,1,0,0,1,0,0,1,0,0,0,1,0,0,0
1350,2,1,0,1,1,0,0,1,0,0,1,0,0,0,1,0,0,0
2380,3,2,0,1,1,0,0,0,1,0,1,0,0,0,0,0,0,1
680,3,2,1,1,1,0,0,0,0,1,1,0,0,0,1,0,0,0
3430,5,3,0,1,1,0,0,1,0,0,0,1,0,0,0,0,1,0
20120,3,0,0,1,1,0,0,0,1,0,1,0,0,0,0,1,0,0
33590,2,0,0,1,1,0,0,0,0,1,0,0,1,0,0,0,1,0
8380,4,2,1,1,1,0,0,0,1,0,0,1,0,0,0,1,0,0
9480,2,0,0,1,1,0,0,0,0,1,0,1,0,0,0,1,0,0
14580,5,1,0,1,1,0,0,1,0,0,1,0,0,0,0,0,0,1
7550,1,0,0,1,1,0,0,1,0,0,0,0,0,1,0,1,0,0
720,4,1,1,1,1,0,0,1,0,0,0,1,0,0,0,1,0,0
620,5,0,0,1,1,0,0,1,0,0,0,1,0,0,0,1,0,0
5850,4,0,0,1,1,0,0,1,0,0,1,0,0,0,1,0,0,0
3130,4,2,1,1,1,0,0,0,1,0,1,0,0,0,1,0,0,0
25240,3,1,0,1,1,0,0,0,0,1,0,1,0,0,0,1,0,0
13260,3,0,0,1,1,0,0,0,0,1,0,1,0,0,0,1,0,0
1330,5,2,2,1,1,0,0,0,1,0,0,1,0,0,0,1,0,0
1110,3,1,0,1,1,0,0,0,0,1,1,0,0,0,0,1,0,0
9140,4,2,0,1,1,0,0,0,0,1,0,0,1,0,0,0,1,0
7540,4,0,0,1,1,0,0,1,0,0,0,0,1,0,0,0,1,0
4580,2,1,0,1,1,0,0,1,0,0,1,0,0,0,0,1,0,0
2450,2,1,0,1,1,0,0,1,0,0,1,0,0,0,1,0,0,0
1270,5,0,0,1,1,0,0,1,0,0,1,0,0,0,1,0,0,0
1940,5,0,0,1,1,0,0,0,1,0,0,1,0,0,1,0,0,0
1980,4,2,0,1,1,0,0,1,0,0,1,0,0,0,1,0,0,0
2840,3,2,1,1,1,0,0,0,1,0,1,0,0,0,1,0,0,0
2340,4,0,0,1,1,0,0,1,0,0,0,1,0,0,0,1,0,0
590,3,1,0,1,1,0,0,1,0,0,0,1,0,0,0,0,1,0
3510,2,0,0,1,1,0,0,0,1,0,1,0,0,0,1,0,0,0
850,5,1,0,1,1,0,0,1,0,0,1,0,0,0,0,0,1,0
590,5,2,0,1,1,0,0,0,0,1,1,0,0,0,0,0,1,0
600,5,2,2,1,1,0,0,1,0,0,0,1,0,0,0,0,0,1
1330,1,0,0,1,1,0,0,1,0,0,0,1,0,0,0,0,1,0
6510,2,0,0,1,1,0,0,1,0,0,1,0,0,0,1,0,0,0
820,5,1,0,1,1,0,0,1,0,0,0,1,0,0,0,1,0,0
23570,2,0,0,1,0,1,0,0,1,0,0,1,0,0,0,1,0,0
7070,4,2,2,1,1,0,0,0,0,1,0,1,0,0,0,1,0,0
26330,4,0,0,1,0,0,1,0,1,0,0,0,1,0,0,0,1,0
700,3,1,0,1,1,0,0,0,0,1,0,1,0,0,0,1,0,0
750,4,2,1,1,0,0,1,0,1,0,1,0,0,0,1,0,0,0
3960,3,1,1,1,0,1,0,1,0,0,0,1,0,0,0,1,0,0
4230,2,1,0,1,0,0,1,0,1,0,0,0,0,1,0,1,0,0
2670,2,1,1,1,1,0,0,0,1,0,0,0,1,0,0,0,1,0
1060,3,2,2,1,1,0,0,1,0,0,1,0,0,0,0,0,0,1
2110,2,0,0,1,1,0,0,1,0,0,1,0,0,0,1,0,0,0
1510,3,1,0,1,0,1,0,1,0,0,0,0,1,0,0,0,1,0
980,4,1,1,1,1,0,0,1,0,0,0,0,0,1,0,1,0,0
27090,3,1,0,1,1,0,0,0,1,0,1,0,0,0,1,0,0,0
2910,1,0,0,1,1,0,0,1,0,0,1,0,0,0,0,0,1,0
15270,3,0,0,1,0,1,0,1,0,0,0,0,1,0,0,0,1,0
830,5,0,0,1,1,0,0,0,0,1,0,1,0,0,0,0,0,1
680,4,1,1,1,1,0,0,1,0,0,1,0,0,0,1,0,0,0
4470,2,1,1,1,1,0,0,1,0,0,1,0,0,0,0,0,0,1
770,2,1,1,1,0,1,0,0,1,0,0,0,1,0,0,0,1,0
1770,3,2,0,1,1,0,0,0,0,1,0,1,0,0,0,1,0,0
590,3,2,2,1,1,0,0,1,0,0,0,0,1,0,0,0,1,0
650,5,4,3,1,1,0,0,1,0,0,0,1,0,0,0,1,0,0
23500,4,0,0,1,0,1,0,1,0,0,0,0,1,0,0,0,1,0
610,2,0,0,1,1,0,0,0,1,0,0,1,0,0,0,1,0,0
2050,5,0,0,1,1,0,0,0,1,0,0,1,0,0,0,0,1,0
2920,1,0,0,1,0,0,1,0,1,0,1,0,0,0,0,1,0,0
730,1,0,0,1,1,0,0,1,0,0,1,0,0,0,1,0,0,0
1920,4,2,2,1,1,0,0,0,0,1,0,1,0,0,0,0,0,1
840,1,0,0,1,1,0,0,0,1,0,0,1,0,0,0,1,0,0
23570,3,1,1,1,0,1,0,0,1,0,0,1,0,0,0,1,0,0
650,1,0,0,1,1,0,0,0,1,0,1,0,0,0,1,0,0,0
9060,3,0,0,1,1,0,0,1,0,0,1,0,0,0,0,0,1,0
1110,4,3,0,1,0,0,1,1,0,0,1,0,0,0,1,0,0,0
750,2,1,1,1,0,1,0,1,0,0,1,0,0,0,0,0,0,1
750,3,2,0,1,1,0,0,1,0,0,1,0,0,0,1,0,0,0
5800,1,0,0,1,1,0,0,1,0,0,1,0,0,0,0,0,1,0
850,3,0,0,1,1,0,0,0,1,0,0,0,0,1,1,0,0,0
22340,2,0,0,1,1,0,0,1,0,0,0,1,0,0,0,1,0,0
610,5,1,1,1,1,0,0,0,0,1,1,0,0,0,1,0,0,0
6640,4,2,1,1,1,0,0,1,0,0,0,0,1,0,0,0,1,0
670,1,0,0,1,1,0,0,1,0,0,0,0,1,0,0,0,1,0
37950,1,0,0,1,1,0,0,1,0,0,1,0,0,0,0,0,0,1
2780,5,0,0,1,0,1,0,1,0,0,0,0,1,0,0,1,0,0
590,5,4,3,1,1,0,0,0,0,1,1,0,0,0,1,0,0,0
34900,4,3,1,1,1,0,0,1,0,0,1,0,0,0,1,0,0,0
5190,4,2,2,1,1,0,0,1,0,0,1,0,0,0,1,0,0,0
2990,5,2,1,1,1,0,0,1,0,0,1,0,0,0,0,0,0,1
800,5,0,0,1,1,0,0,0,1,0,0,0,0,1,0,0,0,1
790,3,2,2,1,1,0,0,1,0,0,1,0,0,0,1,0,0,0
1200,4,2,2,1,1,0,0,1,0,0,0,0,1,0,0,0,1,0
32050,5,1,0,1,0,0,1,0,1,0,0,0,0,1,0,0,1,0
19500,2,0,0,1,1,0,0,0,1,0,1,0,0,0,0,1,0,0
1520,2,0,0,1,0,1,0,0,1,0,0,0,1,0,0,0,1,0
900,3,0,0,1,1,0,0,1,0,0,0,0,1,0,0,0,1,0
5840,3,1,1,1,1,0,0,0,1,0,0,1,0,0,0,0,0,1
2920,3,0,0,1,1,0,0,0,0,1,0,1,0,0,0,1,0,0
10840,4,2,1,1,1,0,0,0,0,1,1,0,0,0,1,0,0,0
690,2,0,0,1,1,0,0,0,1,0,1,0,0,0,0,1,0,0
2500,5,4,2,1,1,0,0,0,0,1,0,1,0,0,1,0,0,0
600,3,1,0,1,0,0,1,1,0,0,1,0,0,0,1,0,0,0
1040,3,0,0,1,1,0,0,0,0,1,0,0,1,0,0,0,1,0
3980,5,1,0,1,1,0,0,0,0,1,1,0,0,0,0,0,0,1
920,2,1,1,1,1,0,0,0,1,0,1,0,0,0,0,0,0,1
1170,5,3,2,1,1,0,0,1,0,0,0,1,0,0,0,0,0,1
1390,3,0,0,1,1,0,0,1,0,0,0,0,1,0,0,0,1,0
36220,1,0,0,1,1,0,0,1,0,0,0,1,0,0,0,1,0,0
1120,3,2,0,1,1,0,0,0,1,0,0,1,0,0,0,1,0,0
1800,1,0,0,1,1,0,0,0,1,0,0,1,0,0,0,0,0,1
6400,2,1,0,1,1,0,0,0,0,1,1,0,0,0,0,0,0,1
5860,1,0,0,1,1,0,0,0,1,0,0,1,0,0,0,1,0,0
40520,2,0,0,1,0,1,0,0,1,0,0,1,0,0,0,1,0,0
880,3,2,0,1,1,0,0,1,0,0,1,0,0,0,1,0,0,0
750,3,2,1,1,1,0,0,0,0,1,0,1,0,0,0,0,1,0
650,4,3,0,1,0,0,1,0,1,0,0,0,0,1,0,0,0,1
650,4,3,1,1,1,0,0,1,0,0,0,1,0,0,0,1,0,0
2940,1,0,0,1,1,0,0,1,0,0,1,0,0,0,1,0,0,0
1050,4,1,0,1,1,0,0,0,1,0,0,1,0,0,1,0,0,0
19930,1,0,0,1,1,0,0,0,1,0,0,0,0,1,1,0,0,0
590,4,0,0,1,0,1,0,1,0,0,0,1,0,0,1,0,0,0
590,5,1,1,1,1,0,0,1,0,0,1,0,0,0,1,0,0,0
2430,2,1,1,1,1,0,0,0,1,0,0,1,0,0,1,0,0,0
2370,2,0,0,1,1,0,0,1,0,0,0,1,0,0,0,1,0,0
36820,4,2,1,1,1,0,0,0,1,0,0,1,0,0,0,1,0,0
28910,3,0,0,1,0,0,1,0,0,1,0,0,0,1,0,0,0,1
33090,3,0,0,1,1,0,0,1,0,0,0,1,0,0,0,1,0,0
10470,3,1,1,1,1,0,0,0,1,0,1,0,0,0,1,0,0,0
680,2,0,0,1,1,0,0,1,0,0,1,0,0,0,1,0,0,0
580,5,2,0,1,1,0,0,1,0,0,0,1,0,0,0,0,1,0
19880,5,4,0,1,0,0,1,1,0,0,1,0,0,0,0,1,0,0
650,5,2,0,1,1,0,0,0,1,0,0,1,0,0,0,0,1,0
4930,4,0,0,1,1,0,0,1,0,0,1,0,0,0,1,0,0,0
4520,1,0,0,1,1,0,0,1,0,0,0,0,0,1,0,0,0,1
19930,5,1,1,1,1,0,0,1,0,0,1,0,0,0,1,0,0,0
6090,1,0,0,1,1,0,0,0,1,0,1,0,0,0,1,0,0,0
2640,1,0,0,1,1,0,0,1,0,0,1,0,0,0,0,0,1,0
9730,1,0,0,1,1,0,0,0,0,1,1,0,0,0,1,0,0,0
16320,1,0,0,1,0,1,0,0,0,1,1,0,0,0,0,0,0,1
10730,2,0,0,1,1,0,0,0,1,0,0,1,0,0,0,0,0,1
790,3,2,1,1,1,0,0,1,0,0,0,1,0,0,0,1,0,0
32630,1,0,0,1,1,0,0,0,0,1,1,0,0,0,0,0,0,1
610,5,1,1,1,0,1,0,0,0,1,1,0,0,0,0,1,0,0
1110,4,1,1,1,0,0,1,1,0,0,1,0,0,0,1,0,0,0
4340,4,0,0,1,1,0,0,1,0,0,0,1,0,0,0,0,1,0
2470,1,0,0,1,1,0,0,1,0,0,1,0,0,0,0,0,0,1
740,3,0,0,1,1,0,0,0,1,0,0,1,0,0,0,1,0,0
1750,5,2,2,1,1,0,0,0,1,0,0,0,1,0,0,1,0,0
29800,3,0,0,1,0,1,0,1,0,0,0,1,0,0,1,0,0,0
3800,4,1,0,1,1,0,0,1,0,0,0,0,0,1,0,0,0,1
40070,4,1,0,1,1,0,0,1,0,0,1,0,0,0,0,0,0,1
830,4,1,0,1,1,0,0,0,0,1,0,0,0,1,0,1,0,0
18430,2,1,1,1,1,0,0,0,0,1,0,0,0,1,0,0,0,1
590,2,1,0,1,1,0,0,0,0,1,0,1,0,0,0,0,1,0
1110,4,1,1,1,1,0,0,0,0,1,0,1,0,0,0,0,1,0
3630,4,2,1,1,1,0,0,0,1,0,1,0,0,0,0,1,0,0
9550,5,4,3,1,1,0,0,0,0,1,0,1,0,0,0,0,0,1
730,3,1,1,1,1,0,0,1,0,0,0,1,0,0,0,0,0,1
1380,5,4,1,1,1,0,0,1,0,0,1,0,0,0,1,0,0,0
1060,5,2,2,1,1,0,0,1,0,0,0,0,0,1,0,0,0,1
660,1,0,0,1,1,0,0,0,1,0,1,0,0,0,1,0,0,0
3490,5,4,2,1,1,0,0,0,1,0,1,0,0,0,0,1,0,0
8330,5,3,0,1,0,0,1,0,1,0,1,0,0,0,0,1,0,0
7520,2,1,0,1,1,0,0,0,1,0,1,0,0,0,1,0,0,0
940,2,1,0,1,1,0,0,0,0,1,1,0,0,0,1,0,0,0
8100,2,1,1,1,1,0,0,1,0,0,0,1,0,0,0,1,0,0
31730,2,0,0,1,0,1,0,0,1,0,0,0,1,0,0,0,0,1
680,3,2,0,1,1,0,0,1,0,0,0,0,1,0,0,0,1,0
22050,5,3,1,1,1,0,0,1,0,0,1,0,0,0,0,1,0,0
31760,3,1,1,1,1,0,0,0,1,0,1,0,0,0,1,0,0,0
620,4,3,2,1,1,0,0,0,1,0,1,0,0,0,1,0,0,0
9860,4,2,0,1,1,0,0,1,0,0,1,0,0,0,0,1,0,0
1090,5,4,0,1,1,0,0,0,1,0,0,1,0,0,0,1,0,0
1170,3,0,0,1,1,0,0,1,0,0,1,0,0,0,1,0,0,0
1260,4,2,2,1,1,0,0,1,0,0,1,0,0,0,1,0,0,0
1500,2,0,0,1,1,0,0,1,0,0,0,0,0,1,0,0,0,1
860,2,0,0,1,1,0,0,1,0,0,1,0,0,0,1,0,0,0
4240,3,2,1,1,1,0,0,0,0,1,0,0,0,1,0,1,0,0
890,4,3,3,1,1,0,0,0,1,0,1,0,0,0,0,1,0,0
1680,4,2,1,1,1,0,0,1,0,0,0,0,1,0,0,0,1,0
22790,5,3,2,1,1,0,0,1,0,0,0,1,0,0,0,1,0,0
5270,1,0,0,1,1,0,0,0,0,1,1,0,0,0,0,1,0,0
37630,4,2,1,1,1,0,0,0,0,1,1,0,0,0,0,1,0,0
2070,4,0,0,1,1,0,0,0,1,0,0,1,0,0,0,0,0,1
1970,2,0,0,1,1,0,0,1,0,0,0,0,1,0,0,0,0,1
15050,4,0,0,1,1,0,0,0,1,0,0,1,0,0,0,0,1,0
40070,5,0,0,1,1,0,0,0,0,1,1,0,0,0,1,0,0,0
740,4,0,0,1,1,0,0,1,0,0,1,0,0,0,1,0,0,0
6980,3,2,1,1,1,0,0,1,0,0,1,0,0,0,0,0,0,1
700,5,4,3,1,1,0,0,0,1,0,0,0,1,0,0,0,1,0
3790,2,1,1,1,1,0,0,0,0,1,1,0,0,0,1,0,0,0
920,4,1,1,1,0,1,0,0,0,1,0,1,0,0,0,0,1,0
37700,2,1,0,1,1,0,0,1,0,0,0,1,0,0,0,1,0,0
2210,5,3,3,1,1,0,0,1,0,0,1,0,0,0,1,0,0,0
620,1,0,0,1,1,0,0,1,0,0,1,0,0,0,1,0,0,0
2380,2,0,0,1,0,1,0,0,1,0,1,0,0,0,1,0,0,0
13950,3,1,1,1,0,1,0,0,1,0,0,0,0,1,0,0,0,1
27830,5,0,0,1,1,0,0,1,0,0,0,1,0,0,0,1,0,0
620,3,2,2,1,1,0,0,1,0,0,1,0,0,0,1,0,0,0
21900,5,0,0,1,1,0,0,1,0,0,0,1,0,0,0,1,0,0
28350,2,0,0,1,1,0,0,1,0,0,0,1,0,0,0,1,0,0
6110,5,2,0,1,0,0,1,0,1,0,0,0,1,0,0,0,1,0
13710,2,0,0,1,1,0,0,1,0,0,0,0,0,1,1,0,0,0
31310,3,2,0,1,1,0,0,1,0,0,1,0,0,0,1,0,0,0
3640,1,0,0,1,1,0,0,0,0,1,0,0,0,1,1,0,0,0
1880,3,2,2,1,1,0,0,0,0,1,0,1,0,0,1,0,0,0
3230,4,1,1,1,0,1,0,1,0,0,0,1,0,0,0,0,0,1
1110,5,1,0,1,0,1,0,1,0,0,0,0,1,0,0,0,0,1
15300,4,1,1,1,1,0,0,0,0,1,1,0,0,0,1,0,0,0
1330,1,0,0,1,1,0,0,1,0,0,0,1,0,0,0,0,0,1
3820,1,0,0,1,1,0,0,0,1,0,1,0,0,0,1,0,0,0
2210,5,4,2,1,0,1,0,1,0,0,1,0,0,0,0,1,0,0
21970,4,2,2,1,1,0,0,0,0,1,0,1,0,0,0,1,0,0
680,2,1,0,1,1,0,0,0,1,0,1,0,0,0,1,0,0,0
18750,4,3,1,1,1,0,0,0,0,1,0,0,0,1,0,0,1,0
620,3,0,0,1,0,1,0,1,0,0,1,0,0,0,1,0,0,0
1830,4,3,1,1,0,0,1,0,0,1,1,0,0,0,0,1,0,0
3730,4,0,0,1,1,0,0,1,0,0,0,0,1,0,0,0,0,1
820,5,1,0,1,0,1,0,0,1,0,1,0,0,0,1,0,0,0
5540,1,0,0,1,1,0,0,1,0,0,0,0,0,1,1,0,0,0
2010,4,3,3,1,1,0,0,1,0,0,0,0,0,1,0,0,0,1
850,3,0,0,1,0,1,0,0,1,0,0,0,1,0,0,0,1,0
3880,2,1,0,1,1,0,0,0,1,0,0,1,0,0,0,0,0,1
1220,2,0,0,1,1,0,0,1,0,0,0,0,1,0,0,0,1,0
680,1,0,0,1,1,0,0,1,0,0,0,0,0,1,0,0,0,1
600,5,4,1,1,1,0,0,0,0,1,1,0,0,0,1,0,0,0
810,1,0,0,1,0,1,0,1,0,0,0,1,0,0,0,0,1,0
37740,4,0,0,1,0,1,0,0,0,1,0,0,1,0,0,0,1,0
3660,4,2,1,1,1,0,0,0,1,0,0,0,0,1,1,0,0,0
4740,4,0,0,1,1,0,0,0,1,0,0,1,0,0,0,1,0,0
11160,3,2,2,1,0,1,0,0,0,1,0,1,0,0,0,0,0,1
3090,5,1,0,1,1,0,0,0,1,0,0,1,0,0,0,1,0,0
2000,2,0,0,1,1,0,0,1,0,0,1,0,0,0,0,0,0,1
1730,1,0,0,1,1,0,0,0,0,1,0,0,1,0,0,0,1,0
600,2,1,0,1,0,1,0,1,0,0,0,1,0,0,1,0,0,0
1890,1,0,0,1,0,0,1,1,0,0,0,1,0,0,0,0,0,1
1020,5,4,2,1,1,0,0,0,0,1,1,0,0,0,0,1,0,0
910,4,3,3,1,1,0,0,1,0,0,0,1,0,0,0,1,0,0
2010,5,2,1,1,0,1,0,0,0,1,1,0,0,0,0,0,1,0
2240,3,2,0,1,1,0,0,0,0,1,0,1,0,0,0,1,0,0
2510,2,0,0,1,1,0,0,0,1,0,1,0,0,0,1,0,0,0
820,1,0,0,1,1,0,0,1,0,0,0,1,0,0,0,0,0,1
20230,1,0,0,1,1,0,0,1,0,0,1,0,0,0,0,0,0,1
820,5,1,1,1,1,0,0,1,0,0,0,0,0,1,0,0,0,1
1780,2,0,0,1,1,0,0,0,1,0,0,0,0,1,0,0,0,1
6450,3,1,1,1,0,1,0,1,0,0,0,1,0,0,0,1,0,0
4880,3,2,0,1,1,0,0,1,0,0,1,0,0,0,0,0,0,1
5000,2,0,0,1,0,0,1,0,0,1,0,1,0,0,0,1,0,0
660,1,0,0,1,1,0,0,0,1,0,0,1,0,0,0,0,1,0
1740,3,1,0,1,1,0,0,0,0,1,1,0,0,0,0,1,0,0
28680,5,0,0,1,1,0,0,0,1,0,1,0,0,0,0,0,0,1
13540,2,1,1,1,0,1,0,0,1,0,1,0,0,0,1,0,0,0
1520,1,0,0,1,1,0,0,0,1,0,1,0,0,0,1,0,0,0
7540,5,2,2,1,0,1,0,1,0,0,0,0,1,0,0,0,1,0
1280,1,0,0,1,1,0,0,0,1,0,1,0,0,0,0,1,0,0
2410,4,2,2,1,1,0,0,0,0,1,0,0,0,1,0,0,1,0
880,4,3,1,1,1,0,0,0,0,1,0,0,0,1,0,1,0,0
2850,5,1,0,1,1,0,0,0,1,0,1,0,0,0,0,1,0,0
710,3,2,0,1,1,0,0,0,1,0,0,0,0,1,0,0,0,1
4420,2,0,0,1,1,0,0,1,0,0,0,1,0,0,0,1,0,0
680,4,3,1,1,1,0,0,0,1,0,1,0,0,0,1,0,0,0
620,5,2,2,1,1,0,0,0,1,0,0,0,0,1,0,1,0,0
780,2,0,0,1,0,1,0,0,0,1,1,0,0,0,1,0,0,0
740,5,4,1,1,1,0,0,1,0,0,1,0,0,0,1,0,0,0
1260,3,1,1,1,1,0,0,1,0,0,1,0,0,0,0,1,0,0
1650,3,2,1,1,0,0,1,0,1,0,1,0,0,0,0,0,1,0
23190,5,3,2,1,1,0,0,1,0,0,1,0,0,0,1,0,0,0
16710,4,3,1,1,1,0,0,0,1,0,1,0,0,0,1,0,0,0
660,2,1,1,1,1,0,0,1,0,0,0,1,0,0,0,1,0,0
28020,1,0,0,1,1,0,0,1,0,0,1,0,0,0,1,0,0,0
25770,5,0,0,1,0,1,0,1,0,0,0,1,0,0,0,1,0,0
690,3,0,0,1,1,0,0,1,0,0,1,0,0,0,1,0,0,0
910,1,0,0,1,1,0,0,1,0,0,0,1,0,0,0,0,0,1
14770,5,2,1,1,1,0,0,0,0,1,0,1,0,0,0,1,0,0
1910,1,0,0,1,1,0,0,0,1,0,0,1,0,0,0,1,0,0
2570,5,4,3,1,1,0,0,1,0,0,0,0,1,0,1,0,0,0
35190,5,4,2,1,1,0,0,0,1,0,1,0,0,0,1,0,0,0
600,1,0,0,1,1,0,0,1,0,0,0,1,0,0,0,1,0,0
910,1,0,0,1,1,0,0,0,0,1,1,0,0,0,1,0,0,0
1160,2,0,0,1,1,0,0,0,1,0,1,0,0,0,0,1,0,0
15820,3,2,1,1,1,0,0,1,0,0,1,0,0,0,1,0,0,0
2250,3,1,1,1,1,0,0,0,1,0,0,0,1,0,0,1,0,0
8440,1,0,0,1,1,0,0,0,1,0,0,1,0,0,0,1,0,0
790,4,0,0,1,1,0,0,0,0,1,0,1,0,0,0,1,0,0
850,4,3,3,1,1,0,0,1,0,0,1,0,0,0,1,0,0,0
22940,2,1,0,1,1,0,0,0,1,0,0,1,0,0,0,0,0,1
1140,5,2,0,1,1,0,0,0,1,0,1,0,0,0,1,0,0,0
10960,2,0,0,1,1,0,0,1,0,0,1,0,0,0,1,0,0,0
8900,1,0,0,1,0,0,1,0,1,0,1,0,0,0,0,0,0,1
11610,3,0,0,1,0,1,0,1,0,0,0,1,0,0,0,1,0,0
9330,3,2,2,1,1,0,0,1,0,0,1,0,0,0,0,0,1,0
590,3,0,0,1,0,1,0,1,0,0,1,0,0,0,0,1,0,0
1600,3,1,1,1,1,0,0,1,0,0,0,1,0,0,0,1,0,0
8110,2,1,1,1,0,1,0,1,0,0,1,0,0,0,0,1,0,0
8110,4,1,0,1,1,0,0,0,1,0,1,0,0,0,1,0,0,0
18530,3,0,0,1,1,0,0,1,0,0,0,1,0,0,0,0,0,1
4870,1,0,0,1,1,0,0,0,0,1,0,0,1,0,0,0,1,0
18190,2,1,0,1,1,0,0,1,0,0,1,0,0,0,1,0,0,0
13070,3,0,0,1,1,0,0,1,0,0,1,0,0,0,0,0,0,1
9790,5,2,2,1,0,1,0,0,1,0,1,0,0,0,1,0,0,0
1100,3,1,1,1,0,1,0,0,0,1,0,0,0,1,0,0,0,1
660,5,0,0,1,1,0,0,0,1,0,1,0,0,0,0,0,0,1
8550,1,0,0,1,1,0,0,1,0,0,0,1,0,0,0,1,0,0
3550,3,0,0,1,0,1,0,0,0,1,1,0,0,0,0,0,0,1
950,3,1,1,1,1,0,0,1,0,0,1,0,0,0,0,0,0,1
1000,4,1,1,1,1,0,0,1,0,0,1,0,0,0,0,1,0,0
630,5,4,2,1,1,0,0,0,1,0,0,0,0,1,0,0,1,0
8940,2,1,0,1,1,0,0,1,0,0,1,0,0,0,0,0,0,1
730,3,2,1,1,1,0,0,1,0,0,1,0,0,0,0,0,1,0
1840,3,1,0,1,1,0,0,0,1,0,1,0,0,0,0,0,0,1
2140,4,1,0,1,0,1,0,1,0,0,0,1,0,0,0,0,0,1
6780,2,1,1,1,0,1,0,0,1,0,0,1,0,0,0,1,0,0
990,4,1,1,1,1,0,0,1,0,0,1,0,0,0,0,0,1,0
20250,3,2,0,1,1,0,0,0,1,0,1,0,0,0,0,1,0,0
6190,3,1,1,1,1,0,0,1,0,0,1,0,0,0,0,1,0,0
590,5,4,3,1,1,0,0,1,0,0,0,1,0,0,0,1,0,0
6370,5,1,0,1,1,0,0,0,1,0,0,0,0,1,0,0,0,1
580,5,2,1,1,1,0,0,0,1,0,0,1,0,0,0,1,0,0
1090,3,1,0,1,1,0,0,0,0,1,0,0,1,0,0,0,1,0
1520,4,2,2,1,0,1,0,0,1,0,1,0,0,0,1,0,0,0
1470,1,0,0,1,0,0,1,1,0,0,0,1,0,0,0,0,0,1
980,1,0,0,1,1,0,0,0,1,0,0,0,0,1,0,0,0,1
30600,1,0,0,1,1,0,0,1,0,0,0,1,0,0,0,0,0,1
1310,2,1,1,1,1,0,0,1,0,0,1,0,0,0,0,0,1,0
40100,5,3,0,1,1,0,0,0,1,0,0,0,1,0,0,0,1,0
9230,5,4,0,1,1,0,0,0,1,0,1,0,0,0,1,0,0,0
3460,1,0,0,1,1,0,0,1,0,0,0,1,0,0,0,0,1,0
16170,1,0,0,1,1,0,0,0,0,1,1,0,0,0,1,0,0,0
10700,5,2,1,1,0,1,0,0,1,0,0,1,0,0,0,1,0,0
4470,3,1,1,1,1,0,0,0,1,0,1,0,0,0,1,0,0,0
880,4,0,0,1,1,0,0,1,0,0,1,0,0,0,1,0,0,0
31030,5,3,3,1,1,0,0,1,0,0,1,0,0,0,1,0,0,0
5380,4,0,0,1,0,0,1,0,1,0,1,0,0,0,0,1,0,0
590,5,0,0,1,1,0,0,0,1,0,1,0,0,0,1,0,0,0
1580,3,2,2,1,0,1,0,0,0,1,0,1,0,0,0,0,1,0
33410,2,1,1,1,1,0,0,1,0,0,0,1,0,0,0,1,0,0
1360,4,2,1,1,1,0,0,0,1,0,0,0,1,0,1,0,0,0
880,1,0,0,1,0,0,1,1,0,0,0,1,0,0,0,0,1,0
870,2,1,1,1,1,0,0,0,1,0,1,0,0,0,0,0,0,1
2620,2,0,0,1,1,0,0,1,0,0,1,0,0,0,1,0,0,0
5370,4,1,1,1,1,0,0,1,0,0,1,0,0,0,1,0,0,0
1010,5,1,1,1,1,0,0,1,0,0,1,0,0,0,0,1,0,0
7490,1,0,0,1,1,0,0,1,0,0,0,0,1,0,0,0,1,0
1060,2,0,0,1,0,1,0,0,1,0,0,1,0,0,0,1,0,0
840,3,1,0,1,1,0,0,1,0,0,0,1,0,0,1,0,0,0
740,5,1,0,1,1,0,0,0,1,0,1,0,0,0,0,0,1,0
1850,2,0,0,1,1,0,0,1,0,0,1,0,0,0,0,0,1,0
17020,2,0,0,1,1,0,0,0,0,1,0,1,0,0,0,1,0,0
900,1,0,0,1,1,0,0,0,1,0,0,0,0,1,0,1,0,0
24900,1,0,0,1,0,0,1,1,0,0,0,0,1,0,0,0,1,0
1500,1,0,0,1,0,0,1,1,0,0,1,0,0,0,1,0,0,0
20720,1,0,0,1,1,0,0,0,0,1,0,1,0,0,0,1,0,0
740,1,0,0,1,1,0,0,1,0,0,1,0,0,0,1,0,0,0
18590,3,0,0,1,1,0,0,1,0,0,0,0,1,0,0,1,0,0
810,3,2,0,1,1,0,0,1,0,0,0,1,0,0,0,0,0,1
5370,4,0,0,1,1,0,0,1,0,0,1,0,0,0,1,0,0,0
720,2,1,0,1,1,0,0,1,0,0,0,1,0,0,0,0,0,1
3090,2,0,0,1,1,0,0,0,1,0,0,0,1,0,0,0,1,0
12210,5,4,0,1,1,0,0,0,1,0,0,1,0,0,0,1,0,0
650,5,4,4,1,1,0,0,1,0,0,0,0,0,1,0,0,1,0
9050,4,3,3,1,1,0,0,0,1,0,1,0,0,0,1,0,0,0
820,1,0,0,1,1,0,0,0,1,0,1,0,0,0,0,0,1,0
960,2,0,0,1,1,0,0,1,0,0,0,1,0,0,0,1,0,0
15480,1,0,0,1,1,0,0,0,1,0,0,0,1,0,0,0,1,0
5750,4,3,0,1,1,0,0,1,0,0,0,0,1,0,0,0,1,0
2600,5,0,0,1,1,0,0,0,0,1,1,0,0,0,0,1,0,0
6080,4,1,1,1,0,1,0,1,0,0,1,0,0,0,0,0,1,0
2660,4,2,2,1,0,0,1,0,1,0,0,0,1,0,0,0,1,0
29310,1,0,0,1,1,0,0,0,1,0,1,0,0,0,0,1,0,0
580,3,1,0,1,1,0,0,0,1,0,0,1,0,0,0,1,0,0
600,1,0,0,1,1,0,0,0,0,1,1,0,0,0,0,1,0,0
900,2,1,0,1,0,0,1,1,0,0,0,0,1,0,0,0,0,1
21410,4,2,0,1,1,0,0,1,0,0,1,0,0,0,1,0,0,0
20930,5,0,0,1,1,0,0,1,0,0,1,0,0,0,0,1,0,0
6050,1,0,0,1,1,0,0,1,0,0,1,0,0,0,1,0,0,0
23870,2,0,0,1,1,0,0,1,0,0,0,1,0,0,0,1,0,0
6180,5,2,1,1,1,0,0,0,1,0,0,1,0,0,0,0,1,0
15160,1,0,0,1,0,1,0,1,0,0,1,0,0,0,0,1,0,0
650,4,3,3,1,1,0,0,1,0,0,1,0,0,0,1,0,0,0
660,5,3,1,1,0,1,0,0,1,0,0,1,0,0,0,1,0,0
670,2,0,0,1,0,0,1,0,1,0,1,0,0,0,1,0,0,0
1470,2,1,1,1,0,1,0,1,0,0,1,0,0,0,0,0,1,0
610,1,0,0,1,1,0,0,0,1,0,0,0,1,0,0,0,0,1
26540,3,1,0,1,1,0,0,1,0,0,0,1,0,0,0,1,0,0
3680,5,3,1,1,1,0,0,1,0,0,0,1,0,0,0,1,0,0
4780,5,4,3,1,1,0,0,0,0,1,0,1,0,0,0,0,0,1
590,4,2,2,1,1,0,0,0,1,0,1,0,0,0,0,0,0,1
820,2,0,0,1,1,0,0,1,0,0,1,0,0,0,1,0,0,0
27950,1,0,0,1,1,0,0,1,0,0,1,0,0,0,1,0,0,0
620,4,3,0,1,1,0,0,0,1,0,1,0,0,0,1,0,0,0
600,1,0,0,1,0,1,0,0,0,1,0,1,0,0,0,0,0,1
27220,3,1,1,1,1,0,0,1,0,0,1,0,0,0,1,0,0,0
19920,5,0,0,1,1,0,0,1,0,0,0,1,0,0,0,0,0,1
7960,3,1,1,1,1,0,0,1,0,0,0,1,0,0,0,1,0,0
5620,4,2,1,1,1,0,0,0,0,1,0,0,0,1,0,0,0,1
750,4,2,1,1,1,0,0,0,1,0,1,0,0,0,1,0,0,0
7080,4,3,3,1,0,1,0,1,0,0,1,0,0,0,1,0,0,0
6140,4,0,0,1,1,0,0,1,0,0,0,1,0,0,0,1,0,0
1250,2,1,0,1,1,0,0,1,0,0,0,0,1,0,0,0,1,0
2720,1,0,0,1,1,0,0,1,0,0,0,0,1,0,0,0,1,0
3450,4,0,0,1,1,0,0,1,0,0,0,1,0,0,1,0,0,0
7130,1,0,0,1,1,0,0,0,1,0,0,0,0,1,0,1,0,0
19360,4,1,1,1,1,0,0,0,1,0,1,0,0,0,0,1,0,0
940,5,2,0,1,1,0,0,0,1,0,1,0,0,0,0,1,0,0
670,1,0,0,1,0,1,0,0,1,0,0,0,1,0,0,0,1,0
1000,4,0,0,1,1,0,0,1,0,0,0,1,0,0,0,1,0,0
30070,3,0,0,1,1,0,0,1,0,0,0,0,0,1,0,0,0,1
32620,5,3,0,1,1,0,0,0,1,0,1,0,0,0,1,0,0,0
16490,1,0,0,1,1,0,0,1,0,0,0,1,0,0,0,0,0,1
1910,2,0,0,1,1,0,0,1,0,0,1,0,0,0,0,1,0,0
18540,4,0,0,1,1,0,0,0,1,0,1,0,0,0,1,0,0,0
1050,5,0,0,1,1,0,0,0,0,1,1,0,0,0,0,0,0,1
700,3,0,0,1,0,0,1,1,0,0,0,1,0,0,0,1,0,0
6310,2,0,0,1,0,1,0,1,0,0,1,0,0,0,1,0,0,0
10980,3,1,0,1,1,0,0,1,0,0,1,0,0,0,1,0,0,0
10540,1,0,0,1,1,0,0,1,0,0,1,0,0,0,0,1,0,0
2870,1,0,0,1,1,0,0,1,0,0,0,0,0,1,1,0,0,0
900,3,2,2,1,1,0,0,0,0,1,0,1,0,0,0,1,0,0
760,3,2,0,1,1,0,0,1,0,0,0,0,1,0,0,0,1,0
990,5,0,0,1,1,0,0,1,0,0,0,0,0,1,0,0,1,0
19500,5,1,1,1,0,0,1,0,1,0,1,0,0,0,0,0,1,0
16960,1,0,0,1,1,0,0,0,1,0,0,1,0,0,0,1,0,0
590,4,2,0,1,1,0,0,0,0,1,0,0,1,0,0,0,1,0
24680,2,0,0,1,1,0,0,0,1,0,1,0,0,0,1,0,0,0
5920,3,2,2,1,1,0,0,0,1,0,0,1,0,0,0,1,0,0
710,5,3,1,1,1,0,0,1,0,0,0,1,0,0,0,1,0,0
590,5,4,3,1,1,0,0,0,1,0,1,0,0,0,1,0,0,0
640,3,2,2,1,1,0,0,1,0,0,1,0,0,0,1,0,0,0
630,2,0,0,1,1,0,0,1,0,0,1,0,0,0,0,1,0,0
700,1,0,0,1,1,0,0,1,0,0,1,0,0,0,0,0,0,1
610,4,1,1,1,0,1,0,1,0,0,1,0,0,0,0,0,0,1
630,2,1,1,1,1,0,0,1,0,0,0,1,0,0,0,0,1,0
2100,5,2,1,1,0,1,0,0,1,0,1,0,0,0,1,0,0,0
2060,4,3,3,1,0,0,1,1,0,0,0,1,0,0,0,1,0,0
810,2,0,0,1,1,0,0,0,0,1,1,0,0,0,0,0,1,0
20400,3,2,1,1,1,0,0,1,0,0,1,0,0,0,1,0,0,0
2950,4,1,1,1,1,0,0,1,0,0,1,0,0,0,1,0,0,0
730,2,1,0,1,1,0,0,1,0,0,0,0,1,0,0,0,1,0
710,3,1,0,1,1,0,0,1,0,0,1,0,0,0,1,0,0,0
590,4,0,0,1,0,0,1,0,1,0,1,0,0,0,1,0,0,0
38680,3,2,2,1,1,0,0,0,0,1,0,0,0,1,0,1,0,0
880,4,2,2,1,1,0,0,1,0,0,1,0,0,0,1,0,0,0
6980,2,0,0,1,1,0,0,1,0,0,0,1,0,0,0,0,1,0
2290,5,0,0,1,1,0,0,1,0,0,1,0,0,0,1,0,0,0
29410,3,1,0,1,1,0,0,0,1,0,1,0,0,0,1,0,0,0
920,4,3,0,1,1,0,0,1,0,0,0,1,0,0,0,1,0,0
710,5,2,1,1,1,0,0,1,0,0,1,0,0,0,0,1,0,0
580,4,2,0,1,1,0,0,1,0,0,1,0,0,0,1,0,0,0
740,4,3,3,1,1,0,0,0,1,0,0,1,0,0,0,1,0,0
1140,3,0,0,1,1,0,0,1,0,0,1,0,0,0,1,0,0,0
3390,2,0,0,1,1,0,0,1,0,0,0,1,0,0,0,0,0,1
800,2,1,1,1,1,0,0,0,0,1,0,1,0,0,0,1,0,0
2630,5,4,4,1,1,0,0,1,0,0,0,1,0,0,0,1,0,0
19630,1,0,0,1,1,0,0,1,0,0,0,0,1,0,0,0,1,0
6630,1,0,0,1,0,0,1,0,1,0,0,1,0,0,0,1,0,0
1090,5,4,2,1,1,0,0,1,0,0,0,1,0,0,0,0,0,1
2210,1,0,0,1,1,0,0,0,1,0,1,0,0,0,0,0,0,1
25010,4,0,0,1,1,0,0,0,0,1,0,1,0,0,0,1,0,0
18160,2,1,1,1,1,0,0,0,0,1,1,0,0,0,1,0,0,0
990,2,1,1,1,0,1,0,1,0,0,1,0,0,0,1,0,0,0
6520,1,0,0,1,0,0,1,0,1,0,0,0,1,0,0,0,1,0
23430,5,1,0,1,1,0,0,1,0,0,0,1,0,0,0,1,0,0
1190,3,0,0,1,1,0,0,0,0,1,1,0,0,0,1,0,0,0
730,4,1,0,1,1,0,0,0,1,0,1,0,0,0,1,0,0,0
1260,1,0,0,1,0,1,0,1,0,0,0,1,0,0,0,1,0,0
1370,2,1,1,1,1,0,0,0,0,1,1,0,0,0,1,0,0,0
5880,3,0,0,1,1,0,0,1,0,0,1,0,0,0,1,0,0,0
2280,3,0,0,1,1,0,0,0,1,0,0,0,1,0,0,0,0,1
22540,5,2,1,1,1,0,0,1,0,0,1,0,0,0,1,0,0,0
4300,1,0,0,1,1,0,0,0,0,1,1,0,0,0,1,0,0,0
32090,3,0,0,1,1,0,0,1,0,0,1,0,0,0,1,0,0,0
6770,5,4,0,1,1,0,0,0,1,0,0,0,1,0,0,0,1,0
4780,1,0,0,1,1,0,0,0,0,1,1,0,0,0,0,1,0,0
590,5,1,0,1,1,0,0,0,0,1,0,1,0,0,0,0,1,0
1740,3,2,0,1,1,0,0,1,0,0,1,0,0,0,0,1,0,0
11730,3,1,0,1,1,0,0,1,0,0,1,0,0,0,1,0,0,0
2010,1,0,0,1,1,0,0,0,1,0,1,0,0,0,0,1,0,0
13930,1,0,0,1,1,0,0,0,1,0,1,0,0,0,1,0,0,0
1130,1,0,0,1,1,0,0,0,1,0,0,1,0,0,0,0,1,0
600,3,2,1,1,1,0,0,1,0,0,1,0,0,0,1,0,0,0
2780,5,3,3,1,1,0,0,0,1,0,1,0,0,0,0,0,0,1
820,2,0,0,1,1,0,0,0,1,0,1,0,0,0,0,0,0,1
21110,3,2,0,1,1,0,0,0,1,0,1,0,0,0,0,0,0,1
3010,3,1,1,1,1,0,0,0,1,0,0,0,0,1,0,0,0,1
1150,3,2,1,1,1,0,0,1,0,0,0,1,0,0,0,0,1,0
680,5,0,0,1,0,1,0,1,0,0,1,0,0,0,0,1,0,0
1390,5,3,0,1,1,0,0,0,1,0,0,0,1,0,0,0,1,0
750,1,0,0,1,1,0,0,1,0,0,1,0,0,0,1,0,0,0
1380,4,3,3,1,1,0,0,1,0,0,1,0,0,0,1,0,0,0
1030,5,4,4,1,1,0,0,1,0,0,1,0,0,0,1,0,0,0
1250,2,0,0,1,1,0,0,1,0,0,0,0,1,0,0,0,1,0
1190,1,0,0,1,1,0,0,0,0,1,1,0,0,0,1,0,0,0
660,5,2,2,1,1,0,0,0,1,0,1,0,0,0,1,0,0,0
16740,4,1,0,1,0,0,1,1,0,0,1,0,0,0,1,0,0,0
650,4,1,1,1,1,0,0,0,0,1,0,0,1,0,0,0,1,0
15380,5,1,0,1,1,0,0,1,0,0,0,0,0,1,0,0,0,1
1160,4,2,1,1,1,0,0,0,1,0,1,0,0,0,0,1,0,0
16680,4,2,2,1,0,1,0,1,0,0,1,0,0,0,1,0,0,0
1700,5,0,0,1,1,0,0,1,0,0,0,1,0,0,0,0,0,1
3750,5,4,3,1,1,0,0,1,0,0,0,1,0,0,0,1,0,0
14280,2,1,1,1,1,0,0,1,0,0,0,1,0,0,0,1,0,0
2960,1,0,0,1,1,0,0,1,0,0,0,0,0,1,0,0,0,1
7650,4,3,3,1,1,0,0,1,0,0,0,0,1,0,0,0,0,1
7440,5,0,0,1,1,0,0,0,1,0,1,0,0,0,1,0,0,0
5350,1,0,0,1,1,0,0,0,0,1,1,0,0,0,1,0,0,0
1850,4,0,0,1,1,0,0,0,0,1,1,0,0,0,1,0,0,0
6540,4,0,0,1,1,0,0,0,1,0,0,1,0,0,0,1,0,0
4460,2,0,0,1,1,0,0,1,0,0,0,0,0,1,1,0,0,0
8890,3,2,2,1,1,0,0,0,1,0,0,1,0,0,0,1,0,0
18750,3,1,1,1,1,0,0,0,0,1,1,0,0,0,1,0,0,0
10030,2,1,0,1,1,0,0,1,0,0,0,0,1,0,0,0,1,0
600,2,0,0,1,1,0,0,0,1,0,0,0,1,0,1,0,0,0
15120,3,2,1,1,1,0,0,1,0,0,1,0,0,0,0,1,0,0
20550,5,1,1,1,1,0,0,0,1,0,0,1,0,0,0,1,0,0
1020,1,0,0,1,1,0,0,1,0,0,1,0,0,0,1,0,0,0
2690,4,1,1,1,1,0,0,0,1,0,0,1,0,0,0,1,0,0
9530,3,2,0,1,1,0,0,0,0,1,0,0,0,1,0,0,0,1
1360,5,0,0,1,1,0,0,0,0,1,1,0,0,0,0,1,0,0
870,1,0,0,1,1,0,0,1,0,0,1,0,0,0,1,0,0,0
4520,4,2,1,1,1,0,0,0,0,1,1,0,0,0,1,0,0,0
4280,2,0,0,1,1,0,0,0,1,0,1,0,0,0,1,0,0,0
3070,1,0,0,1,1,0,0,1,0,0,0,1,0,0,0,1,0,0
720,4,1,1,1,0,0,1,0,1,0,0,0,0,1,0,0,1,0
4000,3,1,0,1,0,1,0,0,0,1,1,0,0,0,1,0,0,0
1910,5,0,0,1,1,0,0,1,0,0,0,1,0,0,0,1,0,0
17060,4,1,1,1,0,0,1,0,0,1,0,0,0,1,0,1,0,0
580,4,3,1,1,1,0,0,1,0,0,1,0,0,0,0,1,0,0
25060,5,3,0,1,1,0,0,0,1,0,0,1,0,0,0,1,0,0
8260,2,1,1,1,1,0,0,1,0,0,0,1,0,0,0,0,1,0
8480,3,2,2,1,1,0,0,1,0,0,0,1,0,0,0,0,0,1
21300,5,3,3,1,1,0,0,1,0,0,0,1,0,0,0,1,0,0
7770,4,3,1,1,0,1,0,1,0,0,1,0,0,0,1,0,0,0
2640,2,0,0,1,1,0,0,0,0,1,0,1,0,0,0,1,0,0
7400,1,0,0,1,1,0,0,1,0,0,0,1,0,0,0,1,0,0
3090,5,2,2,1,1,0,0,1,0,0,0,1,0,0,0,0,1,0
3230,4,0,0,1,1,0,0,0,0,1,0,0,0,1,0,0,0,1
2050,1,0,0,1,1,0,0,0,1,0,1,0,0,0,1,0,0,0
3340,1,0,0,1,1,0,0,1,0,0,0,0,0,1,0,0,0,1
810,5,3,0,1,1,0,0,1,0,0,0,0,0,1,0,0,0,1
11220,3,2,2,1,1,0,0,0,1,0,0,1,0,0,0,1,0,0
760,1,0,0,1,1,0,0,0,0,1,1,0,0,0,1,0,0,0
870,1,0,0,1,1,0,0,0,1,0,0,1,0,0,0,1,0,0
10960,4,3,2,1,1,0,0,1,0,0,0,1,0,0,0,0,0,1
1820,4,2,1,1,1,0,0,1,0,0,1,0,0,0,1,0,0,0
750,1,0,0,1,1,0,0,1,0,0,0,1,0,0,0,1,0,0
8510,3,1,1,1,1,0,0,1,0,0,0,1,0,0,0,0,1,0
1460,2,1,1,1,1,0,0,0,1,0,1,0,0,0,0,1,0,0
3200,2,0,0,1,1,0,0,1,0,0,0,1,0,0,0,0,0,1
1210,1,0,0,1,1,0,0,0,1,0,1,0,0,0,1,0,0,0
640,4,1,0,1,1,0,0,0,0,1,1,0,0,0,1,0,0,0
3910,2,1,0,1,0,0,1,1,0,0,0,1,0,0,0,1,0,0
4610,5,0,0,1,1,0,0,1,0,0,1,0,0,0,1,0,0,0
600,3,0,0,1,1,0,0,0,1,0,1,0,0,0,0,0,0,1
19070,4,0,0,1,1,0,0,0,0,1,0,0,1,0,0,0,0,1
3060,2,0,0,1,1,0,0,1,0,0,1,0,0,0,0,1,0,0
950,3,0,0,1,0,0,1,1,0,0,1,0,0,0,0,0,0,1
3040,3,1,0,1,1,0,0,1,0,0,1,0,0,0,1,0,0,0
1160,3,2,2,1,1,0,0,0,1,0,0,0,0,1,0,0,0,1
8330,2,1,0,1,1,0,0,0,0,1,0,1,0,0,0,0,1,0
17970,2,1,1,1,1,0,0,1,0,0,0,0,0,1,1,0,0,0
680,2,0,0,1,1,0,0,1,0,0,1,0,0,0,1,0,0,0
29140,2,1,1,1,0,0,1,0,1,0,1,0,0,0,0,1,0,0
7380,1,0,0,1,1,0,0,0,1,0,1,0,0,0,0,1,0,0
31300,3,2,2,1,1,0,0,1,0,0,0,0,0,1,0,1,0,0
34820,4,0,0,1,1,0,0,1,0,0,1,0,0,0,0,0,0,1
4640,4,1,0,1,1,0,0,1,0,0,0,1,0,0,0,0,0,1
620,5,1,0,1,1,0,0,1,0,0,1,0,0,0,0,0,1,0
5170,4,1,1,1,1,0,0,0,0,1,0,1,0,0,0,0,0,1
2220,2,0,0,1,1,0,0,1,0,0,0,0,1,0,0,0,0,1
1080,3,1,0,1,1,0,0,1,0,0,0,1,0,0,0,1,0,0
2280,5,1,0,1,1,0,0,1,0,0,1,0,0,0,0,0,1,0
590,1,0,0,1,1,0,0,1,0,0,0,0,0,1,0,0,0,1
7760,3,0,0,1,1,0,0,1,0,0,1,0,0,0,1,0,0,0
11400,4,0,0,1,1,0,0,1,0,0,0,1,0,0,0,1,0,0
1800,1,0,0,1,0,1,0,1,0,0,0,0,1,0,0,1,0,0
2020,5,2,2,1,1,0,0,1,0,0,0,1,0,0,1,0,0,0
4910,5,4,3,1,1,0,0,1,0,0,0,0,0,1,1,0,0,0
700,3,2,0,1,1,0,0,1,0,0,0,1,0,0,0,1,0,0
700,2,1,0,1,0,0,1,0,1,0,1,0,0,0,0,0,0,1
21820,5,1,0,1,1,0,0,0,1,0,0,0,1,0,0,0,1,0
730,1,0,0,1,1,0,0,1,0,0,1,0,0,0,1,0,0,0
3780,2,0,0,1,1,0,0,1,0,0,0,1,0,0,0,0,0,1
950,2,1,1,1,1,0,0,0,1,0,0,0,0,1,0,0,0,1
8310,5,3,0,1,1,0,0,0,1,0,0,1,0,0,1,0,0,0
670,5,3,2,1,1,0,0,1,0,0,0,1,0,0,0,1,0,0
16040,4,0,0,1,0,1,0,0,0,1,1,0,0,0,0,1,0,0
3870,4,3,2,1,1,0,0,1,0,0,1,0,0,0,1,0,0,0
800,5,1,0,1,1,0,0,0,0,1,1,0,0,0,1,0,0,0
620,5,0,0,1,1,0,0,1,0,0,1,0,0,0,0,0,0,1
14150,5,0,0,1,1,0,0,1,0,0,0,0,1,0,0,0,1,0
27650,5,4,4,1,1,0,0,0,1,0,0,1,0,0,0,0,1,0
2030,2,0,0,1,1,0,0,1,0,0,1,0,0,0,1,0,0,0
810,1,0,0,1,1,0,0,0,0,1,0,1,0,0,0,1,0,0
6580,2,1,0,1,1,0,0,0,0,1,1,0,0,0,1,0,0,0
14280,2,1,0,1,1,0,0,0,1,0,0,0,0,1,0,0,1,0
30170,5,3,3,1,1,0,0,0,0,1,1,0,0,0,0,1,0,0
650,1,0,0,1,1,0,0,0,1,0,0,1,0,0,0,1,0,0
630,4,1,1,1,1,0,0,1,0,0,0,0,1,0,0,0,1,0
13750,5,3,2,1,1,0,0,0,0,1,0,0,1,0,0,0,0,1
21100,4,3,3,1,1,0,0,0,0,1,1,0,0,0,1,0,0,0
700,5,2,0,1,1,0,0,0,1,0,1,0,0,0,0,0,1,0
36920,2,0,0,1,1,0,0,1,0,0,1,0,0,0,1,0,0,0
610,1,0,0,1,1,0,0,0,1,0,0,1,0,0,0,1,0,0
12720,1,0,0,1,1,0,0,0,1,0,0,1,0,0,0,0,0,1
2090,2,0,0,1,1,0,0,0,1,0,0,1,0,0,0,1,0,0
4500,4,3,3,1,1,0,0,0,1,0,0,0,1,0,0,0,1,0
590,5,2,2,1,1,0,0,0,0,1,0,1,0,0,1,0,0,0
4560,5,3,0,1,1,0,0,0,1,0,0,0,0,1,0,0,1,0
4330,5,4,3,1,1,0,0,0,0,1,0,0,1,0,0,0,1,0
620,2,0,0,1,1,0,0,0,1,0,1,0,0,0,1,0,0,0
9560,3,2,0,1,0,0,1,1,0,0,1,0,0,0,1,0,0,0
4770,5,0,0,1,1,0,0,0,1,0,1,0,0,0,0,0,1,0
590,1,0,0,1,1,0,0,1,0,0,1,0,0,0,1,0,0,0
9370,1,0,0,1,1,0,0,1,0,0,1,0,0,0,0,0,1,0
1620,5,1,1,1,1,0,0,0,1,0,1,0,0,0,1,0,0,0
760,3,1,0,1,1,0,0,0,1,0,0,0,0,1,1,0,0,0
13210,3,1,1,1,1,0,0,1,0,0,0,1,0,0,0,0,0,1
2500,4,3,0,1,1,0,0,1,0,0,1,0,0,0,1,0,0,0
780,4,0,0,1,1,0,0,1,0,0,0,1,0,0,0,1,0,0
2220,2,0,0,1,1,0,0,0,0,1,0,1,0,0,0,1,0,0
5920,1,0,0,1,0,1,0,1,0,0,1,0,0,0,0,0,1,0
790,1,0,0,1,1,0,0,1,0,0,0,0,1,0,0,0,1,0
1720,5,0,0,1,0,1,0,0,1,0,0,1,0,0,0,1,0,0
1940,2,0,0,1,1,0,0,0,0,1,1,0,0,0,1,0,0,0
760,5,1,0,1,1,0,0,0,1,0,0,0,1,0,0,1,0,0
12810,4,0,0,1,1,0,0,1,0,0,0,0,1,0,0,0,0,1
820,4,0,0,1,1,0,0,1,0,0,0,0,0,1,0,0,1,0
1060,3,1,0,1,0,1,0,1,0,0,0,0,1,0,0,0,1,0
40380,4,0,0,1,1,0,0,1,0,0,0,1,0,0,0,0,0,1
590,3,0,0,1,1,0,0,1,0,0,0,0,1,0,0,0,1,0
26540,5,4,4,1,1,0,0,1,0,0,0,1,0,0,0,0,0,1
13960,3,0,0,1,0,1,0,1,0,0,0,1,0,0,0,1,0,0
940,3,1,1,1,1,0,0,1,0,0,1,0,0,0,0,1,0,0
1420,5,4,4,1,1,0,0,1,0,0,0,1,0,0,0,1,0,0
18150,4,3,2,1,1,0,0,1,0,0,1,0,0,0,0,1,0,0
810,3,2,0,1,0,1,0,1,0,0,0,0,0,1,0,0,1,0
890,3,2,2,1,1,0,0,1,0,0,0,1,0,0,0,1,0,0
7970,5,1,1,1,1,0,0,0,1,0,1,0,0,0,1,0,0,0
1280,3,1,1,1,0,1,0,0,1,0,0,1,0,0,0,1,0,0
660,4,2,0,1,1,0,0,0,1,0,1,0,0,0,1,0,0,0
880,1,0,0,1,1,0,0,1,0,0,1,0,0,0,0,1,0,0
710,5,3,3,1,1,0,0,1,0,0,0,1,0,0,0,0,1,0
660,1,0,0,1,1,0,0,1,0,0,1,0,0,0,0,0,0,1
1560,1,0,0,1,1,0,0,1,0,0,1,0,0,0,0,1,0,0
7460,1,0,0,1,1,0,0,0,0,1,1,0,0,0,1,0,0,0
2260,2,0,0,1,1,0,0,1,0,0,0,1,0,0,0,1,0,0
600,5,0,0,1,1,0,0,1,0,0,0,0,1,0,0,0,1,0
19340,3,2,2,1,0,0,1,1,0,0,1,0,0,0,0,1,0,0
21320,3,1,1,1,1,0,0,1,0,0,0,0,1,0,0,1,0,0
750,3,2,0,1,1,0,0,1,0,0,1,0,0,0,1,0,0,0
6610,2,1,0,1,1,0,0,1,0,0,1,0,0,0,0,0,1,0
11310,4,0,0,1,1,0,0,1,0,0,0,0,0,1,1,0,0,0
3370,2,1,0,1,1,0,0,1,0,0,1,0,0,0,1,0,0,0
32030,2,0,0,1,1,0,0,1,0,0,0,1,0,0,0,1,0,0
1040,3,1,1,1,1,0,0,1,0,0,0,0,1,0,0,1,0,0
610,1,0,0,1,1,0,0,0,0,1,1,0,0,0,0,1,0,0
770,2,1,0,1,1,0,0,1,0,0,0,1,0,0,0,1,0,0
2190,5,4,3,1,1,0,0,1,0,0,1,0,0,0,1,0,0,0
840,3,2,0,1,1,0,0,1,0,0,0,0,0,1,0,0,0,1
1240,2,1,0,1,0,0,1,1,0,0,0,1,0,0,1,0,0,0
12220,5,0,0,1,1,0,0,0,1,0,1,0,0,0,1,0,0,0
1070,1,0,0,1,1,0,0,0,1,0,0,1,0,0,0,0,0,1
1090,4,2,2,1,1,0,0,0,0,1,0,1,0,0,0,1,0,0
1390,1,0,0,1,1,0,0,1,0,0,0,1,0,0,0,1,0,0
1030,3,0,0,1,1,0,0,1,0,0,0,1,0,0,0,0,0,1
1990,1,0,0,1,0,1,0,1,0,0,1,0,0,0,1,0,0,0
1020,2,0,0,1,1,0,0,1,0,0,0,1,0,0,0,1,0,0
15010,4,0,0,1,1,0,0,1,0,0,1,0,0,0,1,0,0,0
13190,5,2,1,1,0,1,0,0,1,0,1,0,0,0,1,0,0,0
3060,5,4,2,1,1,0,0,0,1,0,1,0,0,0,1,0,0,0
15510,1,0,0,1,0,1,0,0,1,0,0,1,0,0,0,1,0,0
1540,2,0,0,1,1,0,0,1,0,0,1,0,0,0,0,0,1,0
5160,1,0,0,1,1,0,0,0,1,0,1,0,0,0,1,0,0,0
820,3,2,1,1,1,0,0,1,0,0,1,0,0,0,0,1,0,0
670,5,4,2,1,1,0,0,1,0,0,0,0,1,0,0,0,1,0
2700,2,1,0,1,1,0,0,0,1,0,0,1,0,0,0,1,0,0
2920,3,0,0,1,1,0,0,0,1,0,0,1,0,0,0,1,0,0
6260,5,2,2,1,1,0,0,1,0,0,0,1,0,0,0,0,1,0
4580,4,2,0,1,0,1,0,0,1,0,1,0,0,0,1,0,0,0
26880,1,0,0,1,1,0,0,1,0,0,1,0,0,0,1,0,0,0
1050,5,2,0,1,1,0,0,1,0,0,1,0,0,0,0,1,0,0
980,4,3,0,1,1,0,0,0,0,1,0,1,0,0,0,1,0,0
4330,2,1,1,1,1,0,0,0,1,0,0,0,0,1,0,0,0,1
6240,2,0,0,1,1,0,0,1,0,0,1,0,0,0,0,1,0,0
15950,5,0,0,1,1,0,0,1,0,0,1,0,0,0,1,0,0,0
1870,3,1,1,1,1,0,0,1,0,0,0,1,0,0,0,0,0,1
1300,1,0,0,1,0,1,0,0,1,0,0,1,0,0,0,1,0,0
630,5,4,0,1,1,0,0,1,0,0,0,1,0,0,0,1,0,0
960,1,0,0,1,1,0,0,0,1,0,0,1,0,0,0,1,0,0
17360,3,0,0,1,1,0,0,1,0,0,0,1,0,0,0,0,0,1
3610,5,2,0,1,0,1,0,1,0,0,1,0,0,0,0,1,0,0
4000,4,1,1,1,1,0,0,0,1,0,1,0,0,0,0,0,1,0
630,2,1,1,1,0,0,1,0,1,0,1,0,0,0,0,1,0,0
620,4,0,0,1,1,0,0,1,0,0,1,0,0,0,1,0,0,0
8230,2,1,1,1,1,0,0,0,1,0,0,1,0,0,0,1,0,0
7620,3,0,0,1,1,0,0,0,1,0,0,0,1,0,0,0,0,1
2470,2,1,0,1,0,1,0,1,0,0,1,0,0,0,1,0,0,0
610,5,4,4,1,1,0,0,0,1,0,1,0,0,0,0,1,0,0
30270,2,0,0,1,1,0,0,0,0,1,0,0,1,0,0,0,1,0
730,5,2,0,1,1,0,0,1,0,0,0,0,0,1,0,0,0,1
5080,2,1,0,1,1,0,0,1,0,0,1,0,0,0,1,0,0,0
32820,2,1,1,1,1,0,0,1,0,0,0,1,0,0,0,1,0,0
1780,1,0,0,1,1,0,0,0,0,1,0,0,0,1,1,0,0,0
620,3,2,0,1,1,0,0,0,0,1,1,0,0,0,1,0,0,0
36750,2,1,1,1,1,0,0,1,0,0,0,0,0,1,0,1,0,0
690,3,2,0,1,1,0,0,0,1,0,0,1,0,0,0,0,1,0
3610,1,0,0,1,0,1,0,1,0,0,0,0,0,1,0,0,1,0
1730,1,0,0,1,1,0,0,0,1,0,1,0,0,0,1,0,0,0
950,4,1,0,1,1,0,0,0,1,0,0,0,1,0,0,0,1,0
2740,5,2,2,1,0,1,0,0,1,0,1,0,0,0,1,0,0,0
1730,4,1,1,1,0,0,1,0,1,0,0,1,0,0,0,1,0,0
1100,5,2,2,1,1,0,0,0,1,0,0,1,0,0,0,1,0,0
1760,3,0,0,1,1,0,0,1,0,0,1,0,0,0,0,0,0,1
4450,5,1,1,1,1,0,0,1,0,0,0,0,1,0,0,0,1,0
10390,5,0,0,1,1,0,0,0,1,0,1,0,0,0,0,1,0,0
7050,4,0,0,1,1,0,0,0,1,0,1,0,0,0,1,0,0,0
890,2,1,0,1,1,0,0,0,1,0,1,0,0,0,0,0,1,0
6360,4,0,0,1,1,0,0,0,0,1,1,0,0,0,0,1,0,0
13630,4,0,0,1,0,1,0,1,0,0,1,0,0,0,1,0,0,0
5170,1,0,0,1,1,0,0,1,0,0,1,0,0,0,0,0,1,0
4600,5,3,0,1,1,0,0,0,1,0,0,1,0,0,0,1,0,0
1300,3,1,0,1,1,0,0,1,0,0,1,0,0,0,1,0,0,0
15360,1,0,0,1,1,0,0,1,0,0,0,0,0,1,1,0,0,0
37160,3,2,1,1,1,0,0,1,0,0,1,0,0,0,1,0,0,0
660,1,0,0,1,1,0,0,0,1,0,1,0,0,0,1,0,0,0
6740,3,0,0,1,1,0,0,0,1,0,0,1,0,0,0,0,0,1
8970,2,1,0,1,1,0,0,0,1,0,0,0,0,1,0,0,0,1
940,1,0,0,1,1,0,0,1,0,0,0,1,0,0,0,1,0,0
17260,5,4,0,1,1,0,0,1,0,0,1,0,0,0,0,0,0,1
8840,5,0,0,1,1,0,0,1,0,0,0,0,0,1,0,1,0,0
16650,3,1,0,1,1,0,0,0,1,0,0,0,1,0,1,0,0,0
3510,2,1,0,1,1,0,0,0,1,0,1,0,0,0,1,0,0,0
820,4,1,1,1,0,1,0,1,0,0,0,1,0,0,0,1,0,0
2000,5,4,2,1,1,0,0,1,0,0,1,0,0,0,0,1,0,0
890,4,2,0,1,0,1,0,1,0,0,1,0,0,0,1,0,0,0
700,5,1,0,1,1,0,0,0,1,0,1,0,0,0,1,0,0,0
1120,1,0,0,1,1,0,0,0,1,0,1,0,0,0,0,1,0,0
4670,3,1,1,1,1,0,0,0,0,1,1,0,0,0,1,0,0,0
1030,5,2,1,1,1,0,0,0,1,0,0,0,0,1,0,0,0,1
12330,2,0,0,1,1,0,0,0,1,0,0,1,0,0,0,0,0,1
1550,2,0,0,1,1,0,0,1,0,0,1,0,0,0,1,0,0,0
4510,2,0,0,1,1,0,0,0,1,0,1,0,0,0,1,0,0,0
7970,4,0,0,1,1,0,0,1,0,0,1,0,0,0,0,0,1,0
2570,3,1,0,1,1,0,0,1,0,0,1,0,0,0,0,0,0,1
1010,2,0,0,1,1,0,0,1,0,0,1,0,0,0,1,0,0,0
3600,3,2,2,1,0,0,1,1,0,0,0,1,0,0,0,1,0,0
930,2,0,0,1,0,1,0,1,0,0,1,0,0,0,0,1,0,0
3020,5,4,2,1,1,0,0,1,0,0,0,1,0,0,0,1,0,0
7890,2,0,0,1,1,0,0,0,1,0,0,0,1,0,1,0,0,0
32700,5,1,0,1,1,0,0,1,0,0,1,0,0,0,1,0,0,0
920,1,0,0,1,1,0,0,1,0,0,0,1,0,0,0,0,0,1
6060,2,0,0,1,0,0,1,1,0,0,0,1,0,0,0,1,0,0
640,5,2,1,1,1,0,0,1,0,0,1,0,0,0,0,1,0,0
780,5,2,1,1,1,0,0,1,0,0,1,0,0,0,1,0,0,0
2240,2,0,0,1,1,0,0,0,1,0,0,1,0,0,0,1,0,0
610,2,1,1,1,1,0,0,0,0,1,0,1,0,0,0,0,0,1
600,3,1,0,1,1,0,0,0,1,0,0,1,0,0,0,1,0,0
630,3,2,1,1,1,0,0,0,0,1,0,1,0,0,1,0,0,0
25220,2,0,0,1,1,0,0,1,0,0,0,0,0,1,0,0,0,1
3230,2,1,0,1,1,0,0,0,0,1,1,0,0,0,1,0,0,0
770,3,0,0,1,0,1,0,1,0,0,1,0,0,0,1,0,0,0
37300,4,1,1,1,1,0,0,0,1,0,1,0,0,0,0,1,0,0
650,4,2,2,1,1,0,0,0,0,1,0,1,0,0,0,0,0,1
1230,2,1,1,1,1,0,0,1,0,0,0,1,0,0,0,0,0,1
880,5,4,2,1,1,0,0,1,0,0,0,0,1,0,0,0,1,0
19160,3,0,0,1,1,0,0,0,1,0,0,1,0,0,1,0,0,0
1000,2,1,1,1,0,1,0,0,1,0,0,0,0,1,0,0,0,1
28650,5,1,1,1,1,0,0,0,0,1,1,0,0,0,0,0,0,1
15390,2,1,1,1,0,1,0,1,0,0,0,1,0,0,0,1,0,0
27390,4,0,0,1,1,0,0,0,1,0,0,0,0,1,0,0,0,1
30920,5,2,2,1,1,0,0,1,0,0,1,0,0,0,1,0,0,0
740,1,0,0,1,1,0,0,1,0,0,0,1,0,0,0,1,0,0
19440,1,0,0,1,1,0,0,1,0,0,1,0,0,0,1,0,0,0
15830,5,1,0,1,1,0,0,1,0,0,0,1,0,0,0,1,0,0
860,1,0,0,1,1,0,0,1,0,0,0,0,1,0,0,0,1,0
1120,2,0,0,1,1,0,0,1,0,0,1,0,0,0,0,1,0,0
810,4,0,0,1,1,0,0,0,1,0,1,0,0,0,1,0,0,0
2440,4,3,2,1,1,0,0,1,0,0,1,0,0,0,1,0,0,0
600,2,0,0,1,1,0,0,0,1,0,1,0,0,0,1,0,0,0
4000,5,4,2,1,1,0,0,0,1,0,1,0,0,0,1,0,0,0
1160,4,0,0,1,1,0,0,0,0,1,1,0,0,0,1,0,0,0
720,3,2,2,1,0,0,1,0,0,1,0,1,0,0,0,1,0,0
760,3,1,1,1,0,1,0,1,0,0,1,0,0,0,1,0,0,0
1310,4,1,1,1,1,0,0,1,0,0,1,0,0,0,0,0,1,0
30630,2,1,1,1,0,1,0,0,0,1,0,1,0,0,0,1,0,0
19390,2,1,1,1,1,0,0,1,0,0,1,0,0,0,0,0,1,0
17890,3,1,0,1,1,0,0,1,0,0,1,0,0,0,0,0,1,0
5910,3,1,1,1,0,1,0,0,0,1,1,0,0,0,1,0,0,0
830,3,1,0,1,1,0,0,0,0,1,1,0,0,0,0,0,0,1
1110,5,0,0,1,1,0,0,1,0,0,1,0,0,0,1,0,0,0
8190,3,2,0,1,0,1,0,0,0,1,1,0,0,0,0,0,1,0
620,3,0,0,1,1,0,0,1,0,0,1,0,0,0,1,0,0,0
13750,3,1,0,1,1,0,0,1,0,0,1,0,0,0,1,0,0,0
3950,3,2,0,1,1,0,0,1,0,0,1,0,0,0,0,1,0,0
780,3,0,0,1,0,1,0,0,0,1,0,0,1,0,0,0,1,0
840,5,4,3,1,1,0,0,1,0,0,0,1,0,0,0,1,0,0
610,2,1,0,1,0,1,0,0,0,1,0,1,0,0,0,0,0,1
20070,1,0,0,1,1,0,0,0,1,0,1,0,0,0,0,0,1,0
20640,3,0,0,1,1,0,0,1,0,0,1,0,0,0,1,0,0,0
2060,4,0,0,1,1,0,0,0,1,0,0,1,0,0,0,0,0,1
610,1,0,0,1,0,0,1,1,0,0,0,0,1,0,1,0,0,0
1350,1,0,0,1,1,0,0,1,0,0,0,0,1,0,1,0,0,0
1570,3,2,2,1,1,0,0,0,1,0,0,0,1,0,0,1,0,0
2330,3,2,0,1,1,0,0,1,0,0,1,0,0,0,0,0,0,1
12460,4,3,2,1,1,0,0,1,0,0,0,0,1,0,0,0,0,1
2250,2,0,0,1,0,1,0,0,0,1,1,0,0,0,0,0,0,1
2690,4,2,0,1,0,0,1,0,0,1,0,1,0,0,0,1,0,0
1060,2,1,1,1,1,0,0,0,1,0,0,0,0,1,1,0,0,0
10510,1,0,0,1,1,0,0,0,0,1,0,1,0,0,0,1,0,0
630,4,0,0,1,1,0,0,0,0,1,1,0,0,0,1,0,0,0
16510,5,1,0,1,1,0,0,1,0,0,1,0,0,0,1,0,0,0
1320,1,0,0,1,1,0,0,0,1,0,0,1,0,0,0,1,0,0
770,2,0,0,1,0,1,0,0,0,1,1,0,0,0,1,0,0,0
1310,1,0,0,1,1,0,0,1,0,0,0,0,0,1,1,0,0,0
5700,1,0,0,1,1,0,0,1,0,0,0,0,0,1,0,0,1,0
2920,3,0,0,1,1,0,0,0,1,0,1,0,0,0,0,0,1,0
1610,4,0,0,1,1,0,0,1,0,0,0,0,0,1,0,0,1,0
3330,4,2,1,1,0,0,1,0,0,1,1,0,0,0,1,0,0,0
1470,4,2,0,1,1,0,0,0,0,1,1,0,0,0,1,0,0,0
3250,2,1,0,1,0,1,0,1,0,0,1,0,0,0,0,1,0,0
3220,2,1,1,1,1,0,0,1,0,0,1,0,0,0,1,0,0,0
10080,2,0,0,1,0,1,0,0,0,1,1,0,0,0,0,1,0,0
2790,3,0,0,1,1,0,0,1,0,0,1,0,0,0,1,0,0,0
600,4,2,0,1,1,0,0,0,0,1,0,1,0,0,0,0,1,0
6750,2,0,0,1,1,0,0,1,0,0,0,0,0,1,0,0,1,0
740,4,3,2,1,1,0,0,1,0,0,0,0,1,0,0,0,1,0
24530,5,0,0,1,1,0,0,0,1,0,1,0,0,0,0,1,0,0
9900,1,0,0,1,1,0,0,0,1,0,0,0,0,1,0,0,1,0
810,1,0,0,1,1,0,0,0,0,1,1,0,0,0,1,0,0,0
750,1,0,0,1,1,0,0,1,0,0,1,0,0,0,1,0,0,0
3820,1,0,0,1,1,0,0,1,0,0,1,0,0,0,1,0,0,0
13770,4,3,1,1,0,1,0,1,0,0,1,0,0,0,0,1,0,0
730,3,2,1,1,1,0,0,1,0,0,1,0,0,0,0,0,0,1
640,5,4,3,1,1,0,0,1,0,0,1,0,0,0,0,0,1,0
5050,3,0,0,1,1,0,0,0,1,0,1,0,0,0,1,0,0,0
850,4,3,2,1,1,0,0,0,0,1,0,0,1,0,0,0,1,0
16280,1,0,0,1,1,0,0,1,0,0,0,0,0,1,0,0,0,1
18510,2,1,0,1,1,0,0,0,1,0,0,1,0,0,0,1,0,0
18080,4,2,0,1,1,0,0,0,1,0,0,0,0,1,0,0,0,1
14980,1,0,0,1,1,0,0,0,1,0,1,0,0,0,0,0,1,0
850,4,0,0,1,1,0,0,1,0,0,1,0,0,0,1,0,0,0
1360,5,0,0,1,1,0,0,0,0,1,0,1,0,0,0,1,0,0
1730,2,1,1,1,0,1,0,1,0,0,1,0,0,0,1,0,0,0
1970,2,1,0,1,1,0,0,0,1,0,0,1,0,0,0,0,0,1
710,4,2,0,1,0,1,0,0,1,0,0,1,0,0,0,1,0,0
870,3,0,0,1,1,0,0,0,1,0,0,0,1,0,0,0,0,1
760,4,2,1,1,1,0,0,0,1,0,1,0,0,0,1,0,0,0
680,4,0,0,1,1,0,0,1,0,0,1,0,0,0,1,0,0,0
590,1,0,0,1,0,0,1,1,0,0,0,0,0,1,0,0,0,1
5870,2,1,1,1,0,1,0,0,1,0,1,0,0,0,0,1,0,0
3110,2,1,0,1,1,0,0,0,1,0,1,0,0,0,1,0,0,0
710,3,1,0,1,1,0,0,1,0,0,1,0,0,0,0,0,1,0
980,3,1,0,1,1,0,0,0,1,0,1,0,0,0,0,0,0,1
1210,1,0,0,1,1,0,0,1,0,0,1,0,0,0,1,0,0,0
6730,2,1,0,1,1,0,0,1,0,0,0,0,0,1,0,1,0,0
24950,3,2,1,1,1,0,0,0,1,0,0,0,1,0,0,0,1,0
32680,5,2,1,1,0,1,0,1,0,0,0,0,0,1,0,1,0,0
650,1,0,0,1,1,0,0,0,0,1,1,0,0,0,0,0,1,0
39080,5,0,0,1,1,0,0,1,0,0,1,0,0,0,0,1,0,0
3000,4,0,0,1,0,1,0,0,0,1,1,0,0,0,1,0,0,0
4560,1,0,0,1,1,0,0,1,0,0,1,0,0,0,1,0,0,0
890,3,0,0,1,1,0,0,1,0,0,1,0,0,0,1,0,0,0
1160,3,0,0,1,1,0,0,1,0,0,1,0,0,0,0,1,0,0
29910,1,0,0,1,1,0,0,0,1,0,0,0,0,1,0,0,0,1
3950,4,0,0,1,0,1,0,0,1,0,0,0,1,0,0,1,0,0
1680,3,1,1,1,1,0,0,0,0,1,1,0,0,0,1,0,0,0
3610,4,3,0,1,1,0,0,0,0,1,1,0,0,0,0,0,0,1
4010,3,2,0,1,1,0,0,1,0,0,0,0,1,0,0,0,1,0
11990,1,0,0,1,1,0,0,0,1,0,1,0,0,0,0,0,0,1
870,4,0,0,1,1,0,0,0,1,0,0,0,0,1,0,0,0,1
1240,1,0,0,1,0,1,0,0,1,0,0,1,0,0,0,1,0,0
3800,4,2,1,1,1,0,0,1,0,0,1,0,0,0,1,0,0,0
21110,5,4,1,1,1,0,0,0,0,1,0,1,0,0,0,1,0,0
1100,5,4,3,1,1,0,0,1,0,0,1,0,0,0,0,0,0,1
35910,1,0,0,1,0,0,1,0,1,0,1,0,0,0,1,0,0,0
13130,1,0,0,1,0,0,1,0,1,0,1,0,0,0,1,0,0,0
11700,1,0,0,1,1,0,0,0,1,0,0,1,0,0,0,1,0,0
680,1,0,0,1,1,0,0,1,0,0,0,1,0,0,0,0,1,0
660,3,0,0,1,1,0,0,1,0,0,0,0,1,0,0,0,1,0
3390,4,3,2,1,1,0,0,0,1,0,1,0,0,0,1,0,0,0
760,5,1,1,1,0,1,0,1,0,0,0,1,0,0,1,0,0,0
870,2,0,0,1,1,0,0,1,0,0,1,0,0,0,0,0,0,1
4790,5,4,0,1,1,0,0,1,0,0,0,0,1,0,0,0,1,0
2070,2,1,1,1,1,0,0,1,0,0,1,0,0,0,0,0,1,0
10680,5,0,0,1,1,0,0,0,1,0,0,1,0,0,0,1,0,0
900,4,3,0,1,1,0,0,0,0,1,1,0,0,0,0,1,0,0
4420,5,2,1,1,1,0,0,1,0,0,1,0,0,0,1,0,0,0
9320,5,2,2,1,0,1,0,0,1,0,0,0,0,1,0,0,0,1
4730,4,0,0,1,1,0,0,1,0,0,0,1,0,0,0,1,0,0
3430,1,0,0,1,1,0,0,1,0,0,1,0,0,0,1,0,0,0
36670,1,0,0,1,1,0,0,0,1,0,0,0,1,0,0,0,1,0
13520,1,0,0,1,0,1,0,0,1,0,0,1,0,0,0,1,0,0
730,1,0,0,1,1,0,0,0,1,0,1,0,0,0,1,0,0,0
13380,3,0,0,1,1,0,0,0,1,0,0,0,0,1,0,0,1,0
940,4,2,2,1,1,0,0,0,0,1,0,1,0,0,0,1,0,0
2290,1,0,0,1,1,0,0,1,0,0,0,1,0,0,0,1,0,0
2360,4,2,0,1,1,0,0,1,0,0,0,1,0,0,0,1,0,0
12470,1,0,0,1,1,0,0,1,0,0,0,1,0,0,0,0,1,0
940,4,3,0,1,1,0,0,0,1,0,1,0,0,0,1,0,0,0
650,1,0,0,1,1,0,0,0,1,0,0,0,0,1,0,0,1,0
590,1,0,0,1,1,0,0,1,0,0,0,1,0,0,0,0,0,1
17720,3,0,0,1,1,0,0,1,0,0,1,0,0,0,0,1,0,0
30110,5,0,0,1,1,0,0,1,0,0,1,0,0,0,1,0,0,0
36420,5,3,1,1,1,0,0,0,1,0,1,0,0,0,1,0,0,0
7130,4,1,0,1,1,0,0,0,0,1,1,0,0,0,1,0,0,0
730,1,0,0,1,0,1,0,1,0,0,0,1,0,0,0,1,0,0
26570,3,2,0,1,1,0,0,0,0,1,1,0,0,0,1,0,0,0
2150,2,1,0,1,1,0,0,0,1,0,0,0,1,0,0,0,1,0
650,1,0,0,1,1,0,0,0,1,0,0,1,0,0,0,1,0,0
13800,5,4,2,1,1,0,0,0,1,0,1,0,0,0,1,0,0,0
1570,3,2,0,1,0,1,0,1,0,0,0,1,0,0,0,1,0,0
1740,1,0,0,1,1,0,0,1,0,0,0,1,0,0,0,1,0,0
22810,2,0,0,1,1,0,0,1,0,0,1,0,0,0,1,0,0,0
7860,2,1,1,1,1,0,0,1,0,0,0,1,0,0,0,0,0,1
2140,4,3,0,1,0,1,0,1,0,0,0,0,0,1,0,0,1,0
740,2,0,0,1,1,0,0,1,0,0,0,1,0,0,1,0,0,0
1250,4,2,0,1,1,0,0,0,0,1,1,0,0,0,0,1,0,0
750,4,2,0,1,1,0,0,0,0,1,0,0,0,1,1,0,0,0
1250,1,0,0,1,1,0,0,0,0,1,1,0,0,0,1,0,0,0
17800,1,0,0,1,0,1,0,1,0,0,0,1,0,0,0,1,0,0
15030,4,2,2,1,0,1,0,1,0,0,0,1,0,0,0,1,0,0
17810,5,1,1,1,1,0,0,1,0,0,1,0,0,0,1,0,0,0
1450,4,2,0,1,1,0,0,0,0,1,1,0,0,0,0,1,0,0
5450,5,0,0,1,1,0,0,0,1,0,0,1,0,0,0,1,0,0
8700,2,1,0,1,1,0,0,1,0,0,0,1,0,0,0,1,0,0
850,2,1,1,1,1,0,0,1,0,0,0,0,0,1,0,0,0,1
1980,5,2,0,1,1,0,0,0,1,0,1,0,0,0,1,0,0,0
1640,4,2,1,1,1,0,0,1,0,0,1,0,0,0,0,1,0,0
1790,1,0,0,1,1,0,0,1,0,0,1,0,0,0,0,1,0,0
730,5,0,0,1,1,0,0,0,1,0,0,1,0,0,0,0,1,0
24080,5,2,2,1,1,0,0,0,1,0,0,0,0,1,1,0,0,0
28560,5,2,0,1,1,0,0,0,0,1,0,0,1,0,0,0,1,0
2050,1,0,0,1,1,0,0,1,0,0,1,0,0,0,1,0,0,0
5750,3,1,1,1,1,0,0,1,0,0,1,0,0,0,0,0,0,1
3680,4,2,0,1,1,0,0,1,0,0,1,0,0,0,1,0,0,0
28980,3,0,0,1,1,0,0,1,0,0,0,1,0,0,0,1,0,0
750,1,0,0,1,1,0,0,0,1,0,0,0,1,0,0,0,1,0
4880,5,1,1,1,0,0,1,0,1,0,1,0,0,0,0,1,0,0
780,1,0,0,1,1,0,0,1,0,0,1,0,0,0,0,0,0,1
24910,3,0,0,1,1,0,0,1,0,0,1,0,0,0,1,0,0,0
820,1,0,0,1,1,0,0,0,1,0,1,0,0,0,0,1,0,0
6280,3,2,0,1,1,0,0,1,0,0,0,0,1,0,0,0,1,0
670,5,4,0,1,1,0,0,1,0,0,0,0,0,1,1,0,0,0
1230,3,0,0,1,1,0,0,1,0,0,0,1,0,0,0,1,0,0
27340,4,2,0,1,1,0,0,1,0,0,0,0,1,0,0,0,1,0
1240,1,0,0,1,0,0,1,1,0,0,0,1,0,0,0,1,0,0
14620,1,0,0,1,1,0,0,0,1,0,0,0,0,1,0,1,0,0
910,1,0,0,1,1,0,0,1,0,0,1,0,0,0,0,0,0,1
820,3,2,0,1,1,0,0,0,1,0,0,1,0,0,0,1,0,0
730,3,0,0,1,1,0,0,0,0,1,1,0,0,0,1,0,0,0
9150,4,0,0,1,1,0,0,1,0,0,0,0,0,1,1,0,0,0
23300,1,0,0,1,1,0,0,1,0,0,1,0,0,0,0,0,0,1
6350,2,0,0,1,1,0,0,1,0,0,0,0,0,1,1,0,0,0
2200,5,4,3,1,1,0,0,0,1,0,0,0,0,1,0,1,0,0
1350,1,0,0,1,1,0,0,0,1,0,0,0,1,0,0,1,0,0
4360,5,2,1,1,0,1,0,1,0,0,1,0,0,0,0,0,0,1
2450,5,4,2,1,1,0,0,1,0,0,1,0,0,0,0,1,0,0
8740,4,3,0,1,1,0,0,1,0,0,0,1,0,0,0,1,0,0
1770,4,1,0,1,1,0,0,1,0,0,0,1,0,0,0,0,0,1
6440,1,0,0,1,1,0,0,0,0,1,1,0,0,0,1,0,0,0
1700,4,0,0,1,1,0,0,0,1,0,1,0,0,0,0,0,0,1
33810,1,0,0,1,1,0,0,1,0,0,0,1,0,0,0,0,1,0
620,5,0,0,1,1,0,0,1,0,0,1,0,0,0,1,0,0,0
12990,4,2,0,1,0,0,1,1,0,0,0,0,1,0,0,0,1,0
3960,1,0,0,1,1,0,0,0,1,0,1,0,0,0,1,0,0,0
35420,3,2,1,1,1,0,0,0,1,0,0,1,0,0,0,1,0,0
3770,3,1,0,1,1,0,0,0,1,0,1,0,0,0,0,1,0,0
12890,4,3,1,1,1,0,0,0,1,0,0,0,1,0,0,0,1,0
3970,2,0,0,1,1,0,0,0,0,1,0,0,1,0,0,0,0,1
9280,5,4,2,1,0,1,0,0,0,1,0,0,1,0,0,0,0,1
840,1,0,0,1,0,1,0,0,1,0,0,1,0,0,0,0,1,0
1170,1,0,0,1,1,0,0,1,0,0,1,0,0,0,1,0,0,0
2210,1,0,0,1,1,0,0,0,1,0,1,0,0,0,1,0,0,0
20330,1,0,0,1,1,0,0,0,1,0,0,0,0,1,0,0,0,1
690,2,1,0,1,0,1,0,1,0,0,0,0,0,1,0,0,0,1
900,5,4,1,1,0,1,0,1,0,0,1,0,0,0,1,0,0,0
980,4,1,1,1,1,0,0,0,0,1,0,1,0,0,0,0,0,1
38410,2,0,0,1,1,0,0,0,1,0,1,0,0,0,0,1,0,0
2750,2,1,0,1,0,1,0,1,0,0,1,0,0,0,1,0,0,0
670,1,0,0,1,1,0,0,1,0,0,0,0,0,1,0,0,0,1
39720,3,2,2,1,1,0,0,1,0,0,0,0,1,0,0,0,1,0
1340,4,1,0,1,0,1,0,1,0,0,1,0,0,0,1,0,0,0
1980,4,2,0,1,1,0,0,1,0,0,1,0,0,0,1,0,0,0
16980,5,2,0,1,1,0,0,0,1,0,0,1,0,0,0,1,0,0
2190,1,0,0,1,1,0,0,1,0,0,0,0,0,1,1,0,0,0
590,2,0,0,1,0,1,0,1,0,0,0,0,1,0,1,0,0,0
600,1,0,0,1,0,1,0,0,1,0,1,0,0,0,1,0,0,0
1860,4,0,0,1,1,0,0,1,0,0,0,1,0,0,0,0,0,1
1490,4,3,1,1,1,0,0,1,0,0,0,1,0,0,0,0,1,0
3600,2,1,1,1,1,0,0,0,1,0,0,0,0,1,1,0,0,0
7010,4,0,0,1,1,0,0,0,1,0,0,0,0,1,0,0,1,0
740,2,1,1,1,1,0,0,0,1,0,1,0,0,0,0,0,1,0
900,4,0,0,1,1,0,0,1,0,0,1,0,0,0,1,0,0,0
1750,1,0,0,1,0,1,0,1,0,0,0,1,0,0,0,1,0,0
2320,2,1,0,1,1,0,0,1,0,0,1,0,0,0,1,0,0,0
2100,5,4,3,1,0,0,1,0,1,0,1,0,0,0,1,0,0,0
3540,5,4,2,1,1,0,0,1,0,0,0,1,0,0,0,0,0,1
590,1,0,0,1,1,0,0,1,0,0,0,0,1,0,0,1,0,0
15380,2,1,0,1,1,0,0,1,0,0,1,0,0,0,0,0,1,0
3620,2,0,0,1,1,0,0,1,0,0,0,1,0,0,0,1,0,0
7480,1,0,0,1,1,0,0,1,0,0,0,0,1,0,0,0,1,0
780,2,0,0,1,0,1,0,0,0,1,0,0,0,1,0,0,0,1
28340,3,1,0,1,1,0,0,0,1,0,0,1,0,0,0,1,0,0
930,2,1,1,1,1,0,0,1,0,0,1,0,0,0,0,1,0,0
18850,2,0,0,1,1,0,0,1,0,0,1,0,0,0,0,1,0,0
780,5,0,0,1,1,0,0,1,0,0,0,1,0,0,0,0,1,0
5100,3,2,0,1,1,0,0,1,0,0,0,0,0,1,0,1,0,0
16310,3,2,0,1,1,0,0,0,1,0,1,0,0,0,1,0,0,0
930,4,3,2,1,1,0,0,1,0,0,0,1,0,0,0,1,0,0
810,2,1,1,1,0,1,0,0,1,0,0,1,0,0,0,0,1,0
2150,2,1,0,1,1,0,0,0,1,0,0,1,0,0,0,0,0,1
31360,1,0,0,1,1,0,0,0,0,1,0,1,0,0,0,1,0,0
3610,1,0,0,1,1,0,0,1,0,0,1,0,0,0,0,0,1,0
2500,2,0,0,1,1,0,0,0,1,0,1,0,0,0,0,0,0,1
6530,4,0,0,1,1,0,0,0,0,1,0,0,0,1,0,0,0,1
690,1,0,0,1,0,1,0,0,1,0,0,0,0,1,1,0,0,0
30310,1,0,0,1,0,1,0,0,1,0,0,0,1,0,0,0,0,1
600,4,3,0,1,1,0,0,1,0,0,1,0,0,0,0,0,0,1
31280,5,4,3,1,1,0,0,1,0,0,1,0,0,0,1,0,0,0
730,3,0,0,1,1,0,0,1,0,0,0,1,0,0,0,1,0,0
3190,5,0,0,1,1,0,0,1,0,0,1,0,0,0,0,1,0,0
10320,5,2,0,1,1,0,0,0,0,1,0,1,0,0,0,0,0,1
750,4,3,0,1,1,0,0,0,1,0,0,0,0,1,0,0,0,1
13940,1,0,0,1,1,0,0,1,0,0,0,1,0,0,0,1,0,0
640,5,3,0,1,0,1,0,0,1,0,1,0,0,0,1,0,0,0
950,3,1,0,1,1,0,0,0,0,1,0,0,0,1,1,0,0,0
10570,5,4,1,1,1,0,0,1,0,0,0,1,0,0,0,0,1,0
1380,1,0,0,1,1,0,0,0,1,0,0,0,0,1,0,0,0,1
15430,5,2,1,1,0,1,0,1,0,0,0,1,0,0,1,0,0,0
15210,2,1,0,1,1,0,0,0,1,0,1,0,0,0,1,0,0,0
9270,2,1,1,1,0,1,0,1,0,0,1,0,0,0,1,0,0,0
6710,4,3,1,1,1,0,0,0,1,0,0,1,0,0,0,0,1,0
40560,3,2,2,1,1,0,0,0,0,1,1,0,0,0,1,0,0,0
810,4,1,0,1,1,0,0,1,0,0,0,1,0,0,0,0,1,0
1030,1,0,0,1,1,0,0,0,1,0,1,0,0,0,0,0,1,0
3960,2,1,1,1,1,0,0,0,0,1,0,1,0,0,0,0,1,0
620,4,1,0,1,1,0,0,0,1,0,1,0,0,0,1,0,0,0
830,3,0,0,1,1,0,0,1,0,0,1,0,0,0,1,0,0,0
17540,4,0,0,1,1,0,0,0,0,1,1,0,0,0,0,0,0,1
11660,5,4,0,1,1,0,0,0,0,1,0,0,1,0,0,0,1,0
730,2,0,0,1,1,0,0,1,0,0,1,0,0,0,0,0,0,1
1060,3,1,1,1,1,0,0,0,1,0,0,1,0,0,0,0,0,1
36900,3,0,0,1,1,0,0,1,0,0,1,0,0,0,1,0,0,0
680,2,1,0,1,1,0,0,0,1,0,1,0,0,0,1,0,0,0
2800,2,1,0,1,1,0,0,0,0,1,1,0,0,0,1,0,0,0
1870,5,3,2,1,1,0,0,0,1,0,0,0,1,0,0,0,1,0
10560,5,1,1,1,1,0,0,0,1,0,0,0,0,1,0,0,0,1
4080,1,0,0,1,1,0,0,0,1,0,1,0,0,0,1,0,0,0
5280,1,0,0,1,0,1,0,0,0,1,0,0,1,0,0,0,1,0
16840,1,0,0,1,1,0,0,0,0,1,0,0,0,1,0,0,0,1
2730,5,4,1,1,1,0,0,1,0,0,1,0,0,0,0,1,0,0
8830,1,0,0,1,1,0,0,0,0,1,0,1,0,0,0,1,0,0
1250,1,0,0,1,1,0,0,0,1,0,1,0,0,0,1,0,0,0
700,5,4,3,1,1,0,0,0,1,0,0,1,0,0,0,1,0,0
14790,5,0,0,1,0,0,1,0,1,0,0,1,0,0,0,0,0,1
750,5,1,1,1,1,0,0,1,0,0,1,0,0,0,1,0,0,0
1730,5,4,1,1,0,0,1,0,1,0,0,0,0,1,0,0,0,1
23170,2,0,0,1,1,0,0,0,1,0,1,0,0,0,1,0,0,0
20020,4,0,0,1,0,0,1,1,0,0,0,1,0,0,0,1,0,0
6130,5,2,1,1,1,0,0,0,1,0,1,0,0,0,1,0,0,0
1260,2,1,1,1,0,1,0,0,0,1,1,0,0,0,0,1,0,0
4220,1,0,0,1,1,0,0,1,0,0,0,0,0,1,1,0,0,0
660,4,1,1,1,1,0,0,1,0,0,0,0,0,1,0,0,1,0
5080,3,2,2,1,1,0,0,0,0,1,0,1,0,0,0,1,0,0
5450,4,3,2,1,0,0,1,0,1,0,1,0,0,0,0,0,1,0
2340,2,1,1,1,1,0,0,0,0,1,0,1,0,0,0,1,0,0
1680,3,1,0,1,1,0,0,0,0,1,0,0,0,1,0,0,0,1
3880,2,1,1,1,1,0,0,1,0,0,0,1,0,0,0,1,0,0
1480,2,0,0,1,1,0,0,1,0,0,1,0,0,0,0,0,1,0
990,3,0,0,1,1,0,0,0,1,0,0,0,1,0,0,0,1,0
760,4,0,0,1,1,0,0,0,1,0,0,1,0,0,0,1,0,0
600,2,0,0,1,0,1,0,0,1,0,0,0,0,1,1,0,0,0
950,1,0,0,1,1,0,0,1,0,0,1,0,0,0,1,0,0,0
600,5,2,0,1,1,0,0,1,0,0,0,0,1,0,0,0,0,1
16140,4,3,3,1,1,0,0,0,1,0,1,0,0,0,1,0,0,0
1080,4,3,2,1,0,1,0,0,0,1,0,1,0,0,0,1,0,0
9880,3,0,0,1,1,0,0,1,0,0,0,1,0,0,0,1,0,0
1740,2,1,1,1,0,1,0,1,0,0,1,0,0,0,0,0,0,1
6040,2,0,0,1,1,0,0,0,1,0,1,0,0,0,0,1,0,0
1200,5,1,1,1,0,1,0,0,1,0,1,0,0,0,1,0,0,0
950,5,3,0,1,0,0,1,0,1,0,0,0,1,0,0,1,0,0
37460,4,1,0,1,1,0,0,1,0,0,0,1,0,0,0,1,0,0
26170,1,0,0,1,1,0,0,1,0,0,0,0,0,1,1,0,0,0
4280,2,0,0,1,1,0,0,1,0,0,0,1,0,0,0,0,1,0
3970,4,0,0,1,1,0,0,0,1,0,1,0,0,0,1,0,0,0
2100,4,0,0,1,1,0,0,0,1,0,1,0,0,0,1,0,0,0
6750,3,1,1,1,1,0,0,1,0,0,0,1,0,0,0,1,0,0
1490,1,0,0,1,1,0,0,1,0,0,0,1,0,0,0,1,0,0
6370,4,0,0,1,1,0,0,0,1,0,1,0,0,0,1,0,0,0
9230,5,3,0,1,1,0,0,0,1,0,0,1,0,0,0,1,0,0
6490,3,2,1,1,1,0,0,1,0,0,1,0,0,0,0,0,0,1
6680,4,3,3,1,1,0,0,0,1,0,0,1,0,0,0,1,0,0
650,5,3,0,1,1,0,0,1,0,0,1,0,0,0,0,0,0,1
19370,5,3,1,1,1,0,0,0,0,1,1,0,0,0,1,0,0,0
12830,1,0,0,1,1,0,0,0,1,0,0,1,0,0,0,1,0,0
12120,2,1,1,1,0,1,0,0,1,0,0,0,0,1,0,0,0,1
750,4,0,0,1,1,0,0,1,0,0,1,0,0,0,1,0,0,0
1280,1,0,0,1,0,1,0,1,0,0,0,1,0,0,0,0,0,1
4240,3,2,0,1,1,0,0,0,1,0,1,0,0,0,1,0,0,0
2010,5,2,1,1,0,1,0,1,0,0,1,0,0,0,0,0,0,1
14780,4,1,0,1,1,0,0,0,0,1,0,1,0,0,0,1,0,0
37980,2,0,0,1,1,0,0,0,1,0,1,0,0,0,0,0,0,1
21130,3,0,0,1,1,0,0,1,0,0,0,0,1,0,0,0,0,1
700,3,1,0,1,1,0,0,1,0,0,1,0,0,0,1,0,0,0
700,3,2,2,1,1,0,0,1,0,0,1,0,0,0,1,0,0,0
1160,4,0,0,1,1,0,0,0,1,0,0,1,0,0,0,1,0,0
15070,3,0,0,1,1,0,0,0,1,0,1,0,0,0,1,0,0,0
680,5,1,0,1,1,0,0,0,1,0,0,1,0,0,0,0,1,0
1740,4,1,1,1,1,0,0,1,0,0,0,0,0,1,0,0,0,1
3370,3,0,0,1,0,0,1,0,1,0,1,0,0,0,1,0,0,0
8530,3,1,0,1,1,0,0,0,0,1,0,1,0,0,0,0,0,1
1660,3,0,0,1,1,0,0,1,0,0,0,0,1,0,0,0,1,0
830,1,0,0,1,1,0,0,1,0,0,1,0,0,0,0,0,1,0
11000,1,0,0,1,0,1,0,1,0,0,0,1,0,0,0,1,0,0
700,4,1,0,1,1,0,0,1,0,0,0,1,0,0,0,1,0,0
31330,5,0,0,1,1,0,0,0,1,0,0,1,0,0,0,1,0,0
850,3,2,2,1,1,0,0,1,0,0,1,0,0,0,0,1,0,0
1170,4,1,0,1,1,0,0,1,0,0,1,0,0,0,1,0,0,0
4310,4,0,0,1,1,0,0,1,0,0,1,0,0,0,1,0,0,0
1310,2,0,0,1,1,0,0,1,0,0,1,0,0,0,1,0,0,0
880,4,1,1,1,1,0,0,1,0,0,1,0,0,0,0,0,0,1
800,5,4,4,1,1,0,0,1,0,0,0,0,1,0,0,1,0,0
1020,3,1,1,1,1,0,0,1,0,0,0,1,0,0,0,1,0,0
4030,1,0,0,1,1,0,0,1,0,0,0,0,1,0,0,1,0,0
1400,5,1,0,1,1,0,0,0,1,0,0,1,0,0,0,0,1,0
3310,4,0,0,1,0,1,0,0,0,1,0,0,1,0,0,0,1,0
2520,1,0,0,1,1,0,0,1,0,0,0,1,0,0,0,1,0,0
3890,1,0,0,1,1,0,0,0,1,0,1,0,0,0,1,0,0,0
17100,2,0,0,1,1,0,0,0,0,1,0,1,0,0,0,0,0,1
7700,4,1,1,1,1,0,0,1,0,0,0,1,0,0,0,1,0,0
730,5,0,0,1,1,0,0,0,1,0,1,0,0,0,0,0,0,1
15810,1,0,0,1,1,0,0,1,0,0,0,0,0,1,0,0,0,1
1920,2,1,0,1,1,0,0,0,1,0,1,0,0,0,1,0,0,0
24830,1,0,0,1,1,0,0,1,0,0,0,1,0,0,0,1,0,0
7320,1,0,0,1,1,0,0,0,1,0,0,0,1,0,0,0,1,0
19680,1,0,0,1,1,0,0,0,1,0,0,0,1,0,0,0,1,0
640,2,0,0,1,1,0,0,0,0,1,0,1,0,0,0,0,1,0
6020,5,0,0,1,1,0,0,0,0,1,1,0,0,0,1,0,0,0
630,5,3,3,1,1,0,0,0,1,0,0,0,0,1,0,0,0,1
19560,2,1,0,1,1,0,0,1,0,0,0,0,1,0,0,0,1,0
680,2,0,0,1,1,0,0,0,0,1,0,1,0,0,0,1,0,0
1190,2,0,0,1,1,0,0,1,0,0,1,0,0,0,1,0,0,0
1030,3,0,0,1,1,0,0,1,0,0,1,0,0,0,0,0,0,1
4750,3,0,0,1,1,0,0,0,1,0,1,0,0,0,1,0,0,0
6010,5,1,1,1,1,0,0,1,0,0,0,1,0,0,1,0,0,0
35530,3,2,1,1,1,0,0,0,0,1,1,0,0,0,1,0,0,0
20410,4,2,2,1,1,0,0,0,1,0,0,1,0,0,0,1,0,0
4910,2,1,0,1,1,0,0,0,0,1,1,0,0,0,1,0,0,0
1140,1,0,0,1,1,0,0,0,1,0,1,0,0,0,1,0,0,0
650,2,0,0,1,1,0,0,1,0,0,0,1,0,0,1,0,0,0
840,2,1,0,1,1,0,0,0,1,0,1,0,0,0,0,0,0,1
36820,5,0,0,1,1,0,0,0,0,1,0,1,0,0,0,1,0,0
670,1,0,0,1,1,0,0,1,0,0,1,0,0,0,1,0,0,0
2600,2,1,0,1,1,0,0,1,0,0,1,0,0,0,0,1,0,0
2820,1,0,0,1,1,0,0,1,0,0,0,0,0,1,0,1,0,0
36500,1,0,0,1,1,0,0,0,1,0,1,0,0,0,0,0,1,0
610,2,0,0,1,1,0,0,1,0,0,0,0,1,0,0,0,0,1
590,5,2,1,1,1,0,0,1,0,0,0,1,0,0,0,0,0,1
620,3,1,1,1,1,0,0,1,0,0,0,1,0,0,0,0,0,1
6470,1,0,0,1,1,0,0,0,1,0,0,1,0,0,0,1,0,0
6630,3,0,0,1,1,0,0,0,0,1,0,0,1,0,1,0,0,0
600,3,0,0,1,0,1,0,0,1,0,1,0,0,0,0,0,0,1
8440,5,3,3,1,0,1,0,0,1,0,0,1,0,0,0,1,0,0
590,3,2,1,1,1,0,0,1,0,0,1,0,0,0,1,0,0,0
10060,2,0,0,1,0,1,0,1,0,0,1,0,0,0,0,0,0,1
1740,5,3,2,1,1,0,0,1,0,0,1,0,0,0,0,0,0,1
600,2,1,1,1,0,1,0,0,1,0,1,0,0,0,1,0,0,0
9420,3,1,1,1,1,0,0,0,1,0,0,1,0,0,0,1,0,0
2810,1,0,0,1,0,1,0,1,0,0,0,1,0,0,0,1,0,0
15830,5,4,3,1,0,0,1,1,0,0,0,1,0,0,0,1,0,0
3960,2,1,0,1,0,1,0,1,0,0,0,0,0,1,0,0,0,1
1060,4,3,1,1,1,0,0,1,0,0,0,1,0,0,0,0,0,1
1040,3,2,2,1,1,0,0,0,0,1,0,1,0,0,0,1,0,0
24960,1,0,0,1,1,0,0,0,1,0,1,0,0,0,0,0,1,0
580,5,2,1,1,1,0,0,0,1,0,0,1,0,0,0,1,0,0
3560,3,2,2,1,1,0,0,1,0,0,1,0,0,0,0,1,0,0
12670,4,1,1,1,0,1,0,0,1,0,1,0,0,0,0,1,0,0
650,1,0,0,1,1,0,0,1,0,0,0,1,0,0,0,1,0,0
31860,1,0,0,1,1,0,0,0,1,0,0,1,0,0,0,1,0,0
1640,1,0,0,1,1,0,0,1,0,0,1,0,0,0,0,0,0,1
31480,2,1,0,1,1,0,0,0,1,0,1,0,0,0,1,0,0,0
1150,5,4,2,1,1,0,0,1,0,0,0,1,0,0,0,0,0,1
760,3,1,1,1,1,0,0,0,1,0,1,0,0,0,1,0,0,0
5700,5,4,1,1,1,0,0,1,0,0,0,1,0,0,0,1,0,0
3340,1,0,0,1,1,0,0,1,0,0,1,0,0,0,0,1,0,0
1520,5,3,0,1,1,0,0,1,0,0,0,1,0,0,0,0,0,1
2020,5,3,1,1,1,0,0,1,0,0,1,0,0,0,1,0,0,0
18960,2,1,1,1,1,0,0,0,1,0,0,1,0,0,0,1,0,0
720,3,0,0,1,1,0,0,0,1,0,1,0,0,0,0,1,0,0
14950,1,0,0,1,1,0,0,0,1,0,0,1,0,0,1,0,0,0
3810,5,1,1,1,0,0,1,1,0,0,0,1,0,0,1,0,0,0
1530,3,1,1,1,1,0,0,1,0,0,1,0,0,0,0,1,0,0
620,2,1,1,1,1,0,0,0,1,0,0,0,0,1,0,1,0,0
1070,5,2,0,1,1,0,0,0,1,0,1,0,0,0,1,0,0,0
670,1,0,0,1,1,0,0,1,0,0,0,0,1,0,0,0,1,0
920,5,4,3,1,1,0,0,1,0,0,0,0,0,1,0,0,0,1
1370,3,2,1,1,1,0,0,1,0,0,0,0,1,0,0,0,0,1
2880,5,4,3,1,1,0,0,0,1,0,0,1,0,0,0,0,0,1
2040,3,0,0,1,1,0,0,1,0,0,0,0,1,0,0,0,1,0
810,1,0,0,1,1,0,0,1,0,0,0,0,0,1,0,1,0,0
660,1,0,0,1,0,0,1,1,0,0,0,0,1,0,0,0,1,0
5100,4,1,0,1,1,0,0,0,0,1,0,0,1,0,0,0,1,0
710,2,1,1,1,1,0,0,1,0,0,1,0,0,0,1,0,0,0
590,3,1,1,1,1,0,0,0,1,0,1,0,0,0,1,0,0,0
32080,5,3,0,1,1,0,0,1,0,0,0,1,0,0,0,1,0,0
13340,2,0,0,1,1,0,0,0,0,1,0,0,0,1,0,1,0,0
660,4,0,0,1,1,0,0,0,1,0,1,0,0,0,1,0,0,0
730,3,1,0,1,1,0,0,1,0,0,1,0,0,0,1,0,0,0
2130,1,0,0,1,1,0,0,1,0,0,1,0,0,0,1,0,0,0
680,2,1,0,1,0,1,0,1,0,0,1,0,0,0,1,0,0,0
870,3,1,0,1,0,1,0,1,0,0,1,0,0,0,0,1,0,0
720,3,1,0,1,1,0,0,1,0,0,1,0,0,0,1,0,0,0
2030,4,2,1,1,0,1,0,1,0,0,0,1,0,0,0,1,0,0
1820,5,1,1,1,1,0,0,0,1,0,0,1,0,0,0,1,0,0
4230,4,0,0,1,1,0,0,0,1,0,0,0,0,1,0,0,0,1
5020,1,0,0,1,0,1,0,1,0,0,0,1,0,0,0,0,0,1
1010,4,0,0,1,1,0,0,1,0,0,1,0,0,0,1,0,0,0
3180,2,1,1,1,1,0,0,1,0,0,1,0,0,0,1,0,0,0
4080,5,0,0,1,0,1,0,0,1,0,0,1,0,0,1,0,0,0
1220,2,0,0,1,0,1,0,1,0,0,1,0,0,0,1,0,0,0
28100,2,0,0,1,1,0,0,1,0,0,1,0,0,0,1,0,0,0
20020,3,1,0,1,1,0,0,0,1,0,0,1,0,0,0,1,0,0
3610,3,2,2,1,1,0,0,1,0,0,0,0,1,0,0,1,0,0
9200,5,1,0,1,1,0,0,0,1,0,1,0,0,0,1,0,0,0
4790,5,0,0,1,1,0,0,1,0,0,1,0,0,0,1,0,0,0
1020,5,3,3,1,1,0,0,0,0,1,0,0,1,0,0,0,0,1
780,4,0,0,1,1,0,0,1,0,0,0,1,0,0,0,1,0,0
2040,4,3,2,1,1,0,0,0,1,0,0,1,0,0,0,1,0,0
3060,4,3,0,1,1,0,0,0,1,0,1,0,0,0,1,0,0,0
740,3,2,0,1,1,0,0,0,1,0,0,1,0,0,0,1,0,0
7120,3,2,2,1,1,0,0,0,0,1,0,1,0,0,0,1,0,0
1620,5,4,4,1,0,1,0,1,0,0,1,0,0,0,0,0,0,1
880,5,3,1,1,1,0,0,0,0,1,1,0,0,0,1,0,0,0
19690,1,0,0,1,1,0,0,1,0,0,0,0,0,1,1,0,0,0
22060,2,0,0,1,0,1,0,0,0,1,1,0,0,0,1,0,0,0
590,3,2,1,1,1,0,0,1,0,0,0,0,0,1,0,0,1,0
4980,4,2,1,1,1,0,0,0,1,0,1,0,0,0,0,0,1,0
890,3,0,0,1,1,0,0,0,1,0,0,0,0,1,0,0,0,1
970,2,0,0,1,1,0,0,0,0,1,1,0,0,0,0,0,1,0
690,5,0,0,1,1,0,0,0,1,0,1,0,0,0,0,1,0,0
700,4,0,0,1,1,0,0,0,1,0,1,0,0,0,1,0,0,0
1050,5,4,3,1,1,0,0,0,1,0,1,0,0,0,0,0,0,1
3840,1,0,0,1,1,0,0,1,0,0,1,0,0,0,0,1,0,0
590,2,1,0,1,1,0,0,0,1,0,1,0,0,0,1,0,0,0
1140,1,0,0,1,0,1,0,0,0,1,0,0,1,0,0,0,1,0
18670,4,3,0,1,1,0,0,0,1,0,1,0,0,0,0,1,0,0
12830,4,1,1,1,0,1,0,1,0,0,1,0,0,0,0,0,1,0
770,4,0,0,1,1,0,0,0,1,0,1,0,0,0,1,0,0,0
36840,2,1,0,1,1,0,0,0,0,1,0,1,0,0,0,1,0,0
26120,4,2,1,1,1,0,0,1,0,0,0,1,0,0,0,1,0,0
2070,3,0,0,1,1,0,0,0,0,1,1,0,0,0,1,0,0,0
18500,2,0,0,1,1,0,0,0,1,0,0,1,0,0,0,1,0,0
630,2,0,0,1,0,0,1,1,0,0,0,1,0,0,0,0,0,1
1090,3,1,0,1,1,0,0,1,0,0,0,0,0,1,1,0,0,0
2430,3,2,1,1,1,0,0,1,0,0,0,0,1,0,0,0,1,0
10510,2,1,1,1,0,0,1,0,0,1,0,1,0,0,0,1,0,0
1440,1,0,0,1,0,1,0,0,1,0,1,0,0,0,0,0,1,0
720,4,2,0,1,0,1,0,1,0,0,0,0,0,1,0,1,0,0
13930,5,2,2,1,0,0,1,1,0,0,1,0,0,0,1,0,0,0
720,2,1,0,1,1,0,0,0,1,0,0,1,0,0,0,1,0,0
600,5,4,3,1,1,0,0,1,0,0,0,0,0,1,0,0,0,1
830,4,1,0,1,1,0,0,0,0,1,0,0,1,0,0,0,1,0
590,1,0,0,1,1,0,0,1,0,0,1,0,0,0,1,0,0,0
15340,2,1,0,1,0,1,0,1,0,0,1,0,0,0,1,0,0,0
780,3,0,0,1,0,1,0,0,1,0,0,1,0,0,0,0,1,0
22120,2,1,0,1,1,0,0,1,0,0,1,0,0,0,1,0,0,0
660,3,2,0,1,1,0,0,1,0,0,0,0,0,1,1,0,0,0
5120,3,1,0,1,1,0,0,0,1,0,0,0,0,1,0,0,0,1
2310,5,4,1,1,0,0,1,0,0,1,0,0,1,0,0,0,1,0
680,2,0,0,1,1,0,0,1,0,0,1,0,0,0,1,0,0,0
5540,4,3,3,1,1,0,0,0,1,0,1,0,0,0,0,0,0,1
15490,2,0,0,1,0,1,0,1,0,0,1,0,0,0,1,0,0,0
18210,5,0,0,1,1,0,0,1,0,0,1,0,0,0,1,0,0,0
8100,4,1,1,1,1,0,0,0,1,0,0,1,0,0,0,0,1,0
1030,5,3,1,1,0,0,1,0,1,0,1,0,0,0,1,0,0,0
3860,2,0,0,1,1,0,0,1,0,0,0,1,0,0,0,0,0,1
14080,3,2,2,1,0,1,0,1,0,0,0,1,0,0,0,1,0,0
32470,4,2,0,1,0,1,0,1,0,0,0,0,1,0,1,0,0,0
750,2,1,0,1,1,0,0,1,0,0,0,0,1,0,0,0,1,0
3090,4,0,0,1,1,0,0,1,0,0,1,0,0,0,0,0,0,1
14320,2,1,1,1,1,0,0,0,0,1,0,0,1,0,0,0,0,1
600,4,0,0,1,1,0,0,0,1,0,0,0,1,0,0,0,0,1
5240,1,0,0,1,1,0,0,0,0,1,1,0,0,0,0,1,0,0
24410,1,0,0,1,0,0,1,0,0,1,0,1,0,0,0,1,0,0
23490,4,2,1,1,0,1,0,1,0,0,0,0,1,0,0,0,1,0
640,2,0,0,1,1,0,0,0,1,0,1,0,0,0,0,0,0,1
8370,5,4,0,1,1,0,0,0,1,0,0,0,1,0,0,0,1,0
1840,5,0,0,1,0,1,0,0,0,1,0,0,0,1,0,0,0,1
13320,2,0,0,1,1,0,0,0,1,0,1,0,0,0,0,1,0,0
2050,3,2,0,1,1,0,0,1,0,0,1,0,0,0,1,0,0,0
2080,4,2,2,1,1,0,0,1,0,0,0,0,1,0,0,0,1,0
10340,3,2,0,1,1,0,0,1,0,0,0,0,0,1,1,0,0,0
37200,1,0,0,1,0,0,1,1,0,0,0,1,0,0,0,1,0,0
15490,5,3,2,1,1,0,0,0,0,1,1,0,0,0,1,0,0,0
1440,3,1,0,1,1,0,0,0,0,1,0,0,0,1,1,0,0,0
14890,1,0,0,1,1,0,0,0,1,0,1,0,0,0,0,0,0,1
27400,5,2,0,1,1,0,0,1,0,0,1,0,0,0,0,0,0,1
27910,5,2,0,1,1,0,0,1,0,0,0,1,0,0,0,1,0,0
2180,1,0,0,1,1,0,0,0,1,0,1,0,0,0,1,0,0,0
5830,2,1,0,1,1,0,0,0,1,0,0,0,0,1,0,0,0,1
8630,5,2,2,1,0,1,0,0,0,1,1,0,0,0,0,0,0,1
1800,1,0,0,1,1,0,0,0,0,1,0,1,0,0,0,0,0,1
2200,1,0,0,1,0,0,1,1,0,0,0,1,0,0,0,1,0,0
1600,5,1,0,1,1,0,0,1,0,0,0,1,0,0,0,0,1,0
620,3,0,0,1,0,1,0,0,0,1,1,0,0,0,1,0,0,0
5560,1,0,0,1,1,0,0,0,1,0,0,1,0,0,0,1,0,0
1790,2,1,0,1,1,0,0,1,0,0,1,0,0,0,1,0,0,0
930,4,3,1,1,1,0,0,1,0,0,0,0,1,0,0,0,1,0
12120,1,0,0,1,1,0,0,0,0,1,0,1,0,0,0,1,0,0
1480,4,0,0,1,1,0,0,1,0,0,0,0,1,0,0,0,1,0
1120,5,4,3,1,1,0,0,0,1,0,1,0,0,0,1,0,0,0
710,1,0,0,1,1,0,0,1,0,0,1,0,0,0,0,0,0,1
2330,3,2,2,1,0,1,0,1,0,0,0,0,1,0,0,0,0,1
26300,3,0,0,1,0,1,0,1,0,0,1,0,0,0,1,0,0,0
31020,4,2,0,1,1,0,0,1,0,0,0,1,0,0,0,0,1,0
880,4,1,1,1,1,0,0,0,0,1,0,0,0,1,0,0,0,1
32590,3,2,0,1,1,0,0,1,0,0,1,0,0,0,0,0,1,0
7270,4,0,0,1,1,0,0,1,0,0,0,1,0,0,0,1,0,0
36260,5,1,0,1,0,1,0,0,1,0,1,0,0,0,1,0,0,0
620,1,0,0,1,1,0,0,1,0,0,1,0,0,0,1,0,0,0
1280,1,0,0,1,1,0,0,0,1,0,0,0,1,0,0,0,1,0
910,1,0,0,1,0,0,1,0,0,1,0,1,0,0,0,1,0,0
970,1,0,0,1,1,0,0,1,0,0,0,0,0,1,1,0,0,0
1020,1,0,0,1,0,0,1,0,0,1,0,1,0,0,0,1,0,0
620,1,0,0,1,1,0,0,1,0,0,0,1,0,0,0,1,0,0
4320,2,0,0,1,1,0,0,0,1,0,0,1,0,0,0,1,0,0
6850,5,1,1,1,1,0,0,1,0,0,0,1,0,0,0,1,0,0
38070,1,0,0,1,1,0,0,0,1,0,1,0,0,0,1,0,0,0
13060,5,3,2,1,0,1,0,1,0,0,0,1,0,0,0,0,0,1
2560,2,1,1,1,1,0,0,1,0,0,1,0,0,0,0,0,1,0
770,3,0,0,1,1,0,0,0,1,0,1,0,0,0,0,1,0,0
1410,5,1,0,1,1,0,0,1,0,0,0,0,0,1,0,1,0,0
2570,2,1,0,1,1,0,0,1,0,0,0,1,0,0,0,1,0,0
3060,4,1,1,1,1,0,0,1,0,0,0,1,0,0,1,0,0,0
650,2,1,0,1,1,0,0,0,1,0,1,0,0,0,0,0,0,1
29540,1,0,0,1,1,0,0,0,1,0,1,0,0,0,1,0,0,0
2230,5,0,0,1,1,0,0,1,0,0,0,1,0,0,0,1,0,0
590,2,1,1,1,1,0,0,1,0,0,1,0,0,0,0,1,0,0
2710,2,1,0,1,1,0,0,1,0,0,1,0,0,0,0,1,0,0
15240,3,2,0,1,1,0,0,1,0,0,0,1,0,0,0,1,0,0
840,5,0,0,1,1,0,0,0,1,0,0,0,0,1,0,0,0,1
5500,1,0,0,1,1,0,0,0,0,1,0,1,0,0,0,1,0,0
690,4,0,0,1,1,0,0,0,0,1,0,0,1,0,0,0,1,0
11570,2,0,0,1,1,0,0,0,0,1,0,0,0,1,0,0,0,1
940,2,1,1,1,0,0,1,0,0,1,1,0,0,0,1,0,0,0
3090,1,0,0,1,1,0,0,1,0,0,1,0,0,0,0,0,1,0
26560,4,2,1,1,1,0,0,1,0,0,0,1,0,0,0,1,0,0
13860,3,0,0,1,0,1,0,1,0,0,1,0,0,0,0,1,0,0
1890,5,3,3,1,1,0,0,1,0,0,1,0,0,0,0,0,1,0
2160,4,3,1,1,0,1,0,0,1,0,1,0,0,0,1,0,0,0
5980,4,1,1,1,1,0,0,0,1,0,1,0,0,0,1,0,0,0
20860,2,0,0,1,1,0,0,1,0,0,0,0,1,0,0,1,0,0
3970,5,4,2,1,1,0,0,0,0,1,1,0,0,0,0,1,0,0
16400,2,1,1,1,1,0,0,0,1,0,0,1,0,0,0,1,0,0
1300,2,0,0,1,1,0,0,0,1,0,1,0,0,0,0,0,0,1
1220,5,1,1,1,1,0,0,0,1,0,1,0,0,0,1,0,0,0
8350,1,0,0,1,1,0,0,0,0,1,0,0,0,1,0,0,1,0
880,5,2,1,1,1,0,0,1,0,0,1,0,0,0,1,0,0,0
780,3,2,2,1,1,0,0,1,0,0,1,0,0,0,1,0,0,0
2510,5,2,2,1,0,1,0,1,0,0,0,0,1,0,0,1,0,0
9410,3,2,2,1,0,1,0,0,1,0,1,0,0,0,1,0,0,0
7040,3,0,0,1,1,0,0,0,1,0,0,1,0,0,0,0,1,0
840,2,0,0,1,1,0,0,0,1,0,0,0,1,0,0,0,1,0
1010,5,3,0,1,1,0,0,0,1,0,0,0,0,1,1,0,0,0
770,4,3,2,1,1,0,0,1,0,0,0,1,0,0,0,0,0,1
8040,3,2,0,1,1,0,0,1,0,0,0,0,0,1,0,0,0,1
4620,4,3,1,1,1,0,0,0,0,1,1,0,0,0,1,0,0,0
13600,2,0,0,1,1,0,0,0,1,0,1,0,0,0,1,0,0,0
2030,2,1,0,1,1,0,0,1,0,0,0,1,0,0,1,0,0,0
1710,1,0,0,1,1,0,0,1,0,0,0,1,0,0,0,1,0,0
730,2,1,1,1,0,1,0,1,0,0,0,1,0,0,0,1,0,0
6920,4,1,0,1,1,0,0,1,0,0,0,1,0,0,0,0,0,1
660,1,0,0,1,0,1,0,1,0,0,1,0,0,0,1,0,0,0
600,5,2,0,1,1,0,0,1,0,0,1,0,0,0,1,0,0,0
1580,4,3,1,1,1,0,0,0,1,0,1,0,0,0,0,0,0,1
850,5,2,1,1,1,0,0,0,1,0,0,1,0,0,0,1,0,0
620,3,1,1,1,1,0,0,1,0,0,0,1,0,0,0,1,0,0
2470,2,0,0,1,1,0,0,1,0,0,1,0,0,0,0,0,1,0
3050,2,0,0,1,0,1,0,0,1,0,1,0,0,0,0,0,0,1
1220,2,1,0,1,1,0,0,1,0,0,0,1,0,0,0,1,0,0
3090,1,0,0,1,0,1,0,0,1,0,0,1,0,0,0,1,0,0
31630,4,3,3,1,1,0,0,0,0,1,0,0,1,0,0,0,1,0
6430,2,1,1,1,0,1,0,1,0,0,0,1,0,0,0,0,1,0
7080,5,3,0,1,1,0,0,0,1,0,0,1,0,0,0,1,0,0
1030,1,0,0,1,1,0,0,1,0,0,1,0,0,0,0,0,0,1
670,1,0,0,1,1,0,0,0,1,0,0,1,0,0,0,1,0,0
5310,5,4,1,1,0,1,0,0,1,0,0,1,0,0,0,0,0,1
1960,1,0,0,1,1,0,0,0,1,0,0,0,0,1,1,0,0,0
1430,3,0,0,1,1,0,0,1,0,0,0,1,0,0,0,1,0,0
840,2,1,1,1,1,0,0,0,1,0,1,0,0,0,1,0,0,0
2110,4,1,1,1,1,0,0,0,1,0,0,1,0,0,0,0,0,1
770,4,2,1,1,1,0,0,0,0,1,0,0,1,0,0,1,0,0
960,2,1,0,1,1,0,0,0,1,0,1,0,0,0,1,0,0,0
1160,5,1,0,1,0,0,1,1,0,0,0,1,0,0,0,0,0,1
3210,1,0,0,1,1,0,0,1,0,0,0,0,1,0,1,0,0,0
6010,5,2,2,1,1,0,0,1,0,0,1,0,0,0,1,0,0,0
29360,2,1,1,1,0,0,1,1,0,0,1,0,0,0,0,1,0,0
660,3,1,0,1,1,0,0,1,0,0,1,0,0,0,0,1,0,0
1320,5,4,0,1,1,0,0,0,0,1,0,0,1,0,0,0,1,0
730,1,0,0,1,1,0,0,0,0,1,0,0,1,0,0,0,0,1
1630,5,4,0,1,1,0,0,0,1,0,1,0,0,0,1,0,0,0
1230,1,0,0,1,1,0,0,1,0,0,1,0,0,0,0,1,0,0
690,4,3,1,1,1,0,0,0,1,0,1,0,0,0,0,1,0,0
2440,5,1,0,1,1,0,0,0,0,1,0,1,0,0,0,1,0,0
6300,5,1,1,1,1,0,0,1,0,0,1,0,0,0,1,0,0,0
2900,2,1,0,1,1,0,0,0,0,1,1,0,0,0,1,0,0,0
2030,1,0,0,1,1,0,0,1,0,0,1,0,0,0,1,0,0,0
13400,3,0,0,1,1,0,0,1,0,0,0,1,0,0,0,0,0,1
23370,1,0,0,1,1,0,0,0,0,1,1,0,0,0,1,0,0,0
8540,4,0,0,1,1,0,0,0,1,0,0,1,0,0,0,1,0,0
8220,4,1,0,1,0,1,0,0,1,0,1,0,0,0,1,0,0,0
600,1,0,0,1,1,0,0,1,0,0,0,0,0,1,1,0,0,0
21230,3,0,0,1,0,1,0,1,0,0,0,0,1,0,0,1,0,0
1010,5,1,0,1,1,0,0,1,0,0,0,1,0,0,0,1,0,0
40180,1,0,0,1,1,0,0,0,1,0,0,0,0,1,0,0,0,1
9990,4,1,1,1,1,0,0,1,0,0,0,0,0,1,0,0,1,0
27930,3,2,1,1,1,0,0,0,1,0,0,0,1,0,0,0,1,0
14960,5,1,1,1,1,0,0,1,0,0,1,0,0,0,1,0,0,0
640,3,0,0,1,1,0,0,0,1,0,0,0,0,1,1,0,0,0
830,3,0,0,1,1,0,0,1,0,0,1,0,0,0,1,0,0,0
29010,3,1,1,1,1,0,0,1,0,0,0,1,0,0,0,0,0,1
37700,2,1,1,1,0,1,0,0,1,0,1,0,0,0,1,0,0,0
11220,4,0,0,1,0,1,0,1,0,0,0,1,0,0,0,1,0,0
850,3,1,0,1,1,0,0,0,0,1,0,1,0,0,0,1,0,0
1340,2,1,0,1,1,0,0,0,0,1,0,0,1,0,0,0,1,0
1040,4,1,0,1,1,0,0,1,0,0,0,0,1,0,0,0,1,0
3430,2,1,1,1,1,0,0,1,0,0,0,1,0,0,0,1,0,0
600,1,0,0,1,0,0,1,1,0,0,0,0,0,1,0,0,0,1
15680,1,0,0,1,1,0,0,0,1,0,1,0,0,0,0,0,0,1
6190,5,4,1,1,1,0,0,1,0,0,1,0,0,0,0,1,0,0
1750,4,0,0,1,1,0,0,0,1,0,1,0,0,0,0,1,0,0
1430,4,2,0,1,1,0,0,1,0,0,0,1,0,0,0,1,0,0
730,5,4,2,1,1,0,0,1,0,0,1,0,0,0,0,0,0,1
990,4,0,0,1,1,0,0,1,0,0,0,1,0,0,0,0,0,1
35690,1,0,0,1,1,0,0,0,1,0,1,0,0,0,0,0,0,1
880,1,0,0,1,1,0,0,1,0,0,0,1,0,0,0,1,0,0
630,5,2,0,1,1,0,0,0,0,1,1,0,0,0,0,0,1,0
850,1,0,0,1,0,1,0,0,1,0,1,0,0,0,0,1,0,0
1200,4,0,0,1,1,0,0,1,0,0,1,0,0,0,0,1,0,0
6950,2,1,1,1,1,0,0,1,0,0,0,1,0,0,0,0,1,0
5840,2,1,0,1,1,0,0,0,1,0,1,0,0,0,0,1,0,0
11840,3,1,1,1,1,0,0,0,0,1,1,0,0,0,0,1,0,0
2020,5,4,1,1,0,1,0,0,1,0,0,1,0,0,0,0,1,0
1270,5,4,0,1,1,0,0,0,1,0,1,0,0,0,0,1,0,0
1860,5,3,1,1,1,0,0,1,0,0,1,0,0,0,1,0,0,0
11590,4,2,2,1,1,0,0,1,0,0,0,1,0,0,0,0,1,0
3940,3,2,2,1,1,0,0,1,0,0,1,0,0,0,0,0,1,0
1150,5,2,1,1,1,0,0,0,1,0,1,0,0,0,0,1,0,0
1500,1,0,0,1,0,1,0,0,1,0,1,0,0,0,0,0,0,1
700,3,1,0,1,1,0,0,1,0,0,0,1,0,0,0,1,0,0
1040,4,1,1,1,1,0,0,0,0,1,1,0,0,0,1,0,0,0
31540,4,0,0,1,1,0,0,0,1,0,1,0,0,0,0,1,0,0
20770,3,0,0,1,0,1,0,1,0,0,0,1,0,0,0,1,0,0
720,4,0,0,1,1,0,0,0,1,0,1,0,0,0,0,0,0,1
1410,4,2,2,1,1,0,0,0,0,1,0,1,0,0,0,0,0,1
1010,1,0,0,1,0,0,1,0,1,0,1,0,0,0,1,0,0,0
16420,4,3,3,1,1,0,0,0,1,0,0,1,0,0,0,0,0,1
8170,1,0,0,1,1,0,0,1,0,0,1,0,0,0,0,0,0,1
24340,3,1,1,1,0,1,0,0,0,1,1,0,0,0,0,0,0,1
700,1,0,0,1,1,0,0,0,0,1,0,0,0,1,0,0,0,1
5120,2,1,1,1,1,0,0,1,0,0,0,1,0,0,0,0,0,1
1550,4,0,0,1,1,0,0,0,1,0,1,0,0,0,1,0,0,0
2410,4,1,1,1,0,1,0,0,1,0,1,0,0,0,1,0,0,0
6410,1,0,0,1,0,1,0,1,0,0,0,1,0,0,0,1,0,0
1280,1,0,0,1,1,0,0,0,0,1,0,1,0,0,0,1,0,0
34020,1,0,0,1,1,0,0,1,0,0,0,1,0,0,0,1,0,0
870,5,3,1,1,1,0,0,1,0,0,0,1,0,0,0,0,0,1
1720,2,1,0,1,0,0,1,0,1,0,0,1,0,0,0,1,0,0
15110,4,1,1,1,1,0,0,0,0,1,0,0,0,1,0,0,0,1
750,1,0,0,1,0,1,0,0,1,0,0,0,0,1,0,0,0,1
2080,1,0,0,1,0,1,0,1,0,0,0,1,0,0,0,0,0,1
1060,1,0,0,1,1,0,0,1,0,0,1,0,0,0,0,0,0,1
840,5,3,2,1,1,0,0,1,0,0,0,0,0,1,0,1,0,0
660,5,1,1,1,1,0,0,1,0,0,0,0,0,1,0,0,0,1
1290,1,0,0,1,1,0,0,1,0,0,0,0,0,1,0,0,0,1
9470,2,0,0,1,1,0,0,1,0,0,1,0,0,0,1,0,0,0
720,3,0,0,1,1,0,0,1,0,0,0,1,0,0,0,1,0,0
950,1,0,0,1,1,0,0,1,0,0,0,0,0,1,0,1,0,0
4990,5,4,2,1,1,0,0,1,0,0,0,1,0,0,0,1,0,0
8440,1,0,0,1,1,0,0,1,0,0,1,0,0,0,1,0,0,0
2240,3,1,1,1,1,0,0,0,0,1,0,1,0,0,0,0,1,0
1660,3,0,0,1,1,0,0,0,1,0,0,0,1,0,0,0,1,0
1460,1,0,0,1,1,0,0,0,0,1,0,0,0,1,0,0,1,0
600,4,0,0,1,1,0,0,0,0,1,1,0,0,0,0,0,1,0
26530,3,0,0,1,1,0,0,1,0,0,0,1,0,0,0,1,0,0
1930,4,3,0,1,1,0,0,1,0,0,0,0,0,1,0,0,0,1
6470,5,3,2,1,1,0,0,1,0,0,0,1,0,0,0,1,0,0
6120,5,1,1,1,1,0,0,1,0,0,0,1,0,0,0,1,0,0
9340,5,0,0,1,1,0,0,1,0,0,1,0,0,0,1,0,0,0
4750,2,1,1,1,1,0,0,1,0,0,1,0,0,0,1,0,0,0
1910,3,0,0,1,1,0,0,0,1,0,0,0,0,1,0,0,0,1
630,4,3,1,1,1,0,0,1,0,0,1,0,0,0,1,0,0,0
18680,4,1,1,1,1,0,0,0,1,0,0,0,0,1,0,0,0,1
1200,4,3,0,1,1,0,0,0,1,0,0,1,0,0,0,1,0,0
2030,5,2,0,1,1,0,0,1,0,0,0,1,0,0,0,1,0,0
19690,3,0,0,1,1,0,0,0,1,0,0,0,0,1,0,0,1,0
16390,3,0,0,1,1,0,0,0,1,0,0,1,0,0,0,0,1,0
7390,1,0,0,1,1,0,0,1,0,0,0,1,0,0,0,1,0,0
1610,4,3,2,1,1,0,0,0,1,0,1,0,0,0,1,0,0,0
1100,5,3,3,1,1,0,0,0,1,0,1,0,0,0,1,0,0,0
36900,2,1,0,1,1,0,0,1,0,0,1,0,0,0,0,0,0,1
5000,4,3,1,1,1,0,0,1,0,0,0,0,0,1,0,0,0,1
2290,5,0,0,1,1,0,0,1,0,0,1,0,0,0,1,0,0,0
4690,4,1,0,1,1,0,0,1,0,0,1,0,0,0,1,0,0,0
7580,3,2,2,1,1,0,0,0,1,0,1,0,0,0,0,1,0,0
1800,4,2,1,1,1,0,0,1,0,0,0,1,0,0,0,0,0,1
7090,1,0,0,1,0,1,0,0,1,0,0,0,1,0,0,1,0,0
10220,2,0,0,1,1,0,0,1,0,0,1,0,0,0,0,0,0,1
9140,2,1,0,1,1,0,0,1,0,0,0,0,0,1,0,0,0,1
1490,5,2,1,1,1,0,0,0,0,1,1,0,0,0,0,1,0,0
920,3,0,0,1,1,0,0,1,0,0,1,0,0,0,0,0,0,1
850,2,0,0,1,1,0,0,0,1,0,1,0,0,0,1,0,0,0
680,4,3,3,1,0,0,1,0,1,0,1,0,0,0,1,0,0,0
1340,5,2,0,1,1,0,0,0,0,1,0,0,0,1,0,1,0,0
760,3,2,0,1,1,0,0,1,0,0,1,0,0,0,0,0,1,0
640,3,0,0,1,1,0,0,0,1,0,0,1,0,0,0,1,0,0
4280,4,1,0,1,1,0,0,0,1,0,0,1,0,0,0,1,0,0
700,3,2,0,1,1,0,0,0,1,0,0,1,0,0,0,1,0,0
8300,1,0,0,1,1,0,0,1,0,0,0,0,1,0,0,0,1,0
3330,5,3,3,1,1,0,0,1,0,0,1,0,0,0,0,1,0,0
5030,1,0,0,1,0,0,1,0,1,0,0,1,0,0,0,0,1,0
2730,2,0,0,1,1,0,0,1,0,0,1,0,0,0,1,0,0,0
27730,1,0,0,1,1,0,0,1,0,0,1,0,0,0,0,1,0,0
8820,3,0,0,1,0,0,1,0,0,1,1,0,0,0,0,0,0,1
26060,3,0,0,1,0,1,0,0,1,0,1,0,0,0,0,0,0,1
1100,3,0,0,1,1,0,0,1,0,0,1,0,0,0,1,0,0,0
590,5,0,0,1,1,0,0,1,0,0,1,0,0,0,1,0,0,0
640,3,2,0,1,1,0,0,1,0,0,1,0,0,0,1,0,0,0
2460,3,2,2,1,1,0,0,1,0,0,0,1,0,0,0,0,0,1
7830,4,3,2,1,1,0,0,0,1,0,1,0,0,0,1,0,0,0
1680,1,0,0,1,1,0,0,0,1,0,0,0,0,1,0,0,0,1
590,3,1,1,1,1,0,0,1,0,0,0,0,1,0,0,0,0,1
5840,2,0,0,1,1,0,0,0,1,0,0,0,0,1,0,0,0,1
950,1,0,0,1,1,0,0,1,0,0,1,0,0,0,1,0,0,0
22110,2,1,1,1,1,0,0,1,0,0,0,1,0,0,0,1,0,0
1090,4,1,0,1,1,0,0,0,0,1,1,0,0,0,0,1,0,0
650,4,2,0,1,1,0,0,1,0,0,1,0,0,0,1,0,0,0
700,5,4,3,1,1,0,0,1,0,0,1,0,0,0,0,1,0,0
4630,3,0,0,1,1,0,0,1,0,0,0,1,0,0,0,0,0,1
750,3,1,0,1,1,0,0,0,1,0,0,0,0,1,0,0,0,1
850,5,2,1,1,1,0,0,1,0,0,0,1,0,0,0,1,0,0
39460,4,2,1,1,1,0,0,0,0,1,0,1,0,0,0,1,0,0
8210,5,3,2,1,1,0,0,0,1,0,1,0,0,0,1,0,0,0
6110,5,2,1,1,1,0,0,1,0,0,0,1,0,0,0,1,0,0
2410,4,1,0,1,1,0,0,0,0,1,1,0,0,0,0,0,1,0
5260,1,0,0,1,0,0,1,1,0,0,0,1,0,0,0,1,0,0
1290,1,0,0,1,1,0,0,1,0,0,0,1,0,0,0,1,0,0
760,4,2,0,1,1,0,0,1,0,0,1,0,0,0,0,0,0,1
590,4,3,3,1,1,0,0,0,1,0,0,1,0,0,0,1,0,0
770,5,2,0,1,1,0,0,0,1,0,0,1,0,0,0,1,0,0
5100,5,0,0,1,1,0,0,1,0,0,0,0,1,0,0,0,0,1
630,4,2,0,1,1,0,0,0,1,0,1,0,0,0,1,0,0,0
11160,5,4,1,1,1,0,0,0,1,0,1,0,0,0,1,0,0,0
4370,2,1,0,1,1,0,0,0,1,0,0,0,1,0,0,0,1,0
3660,2,1,0,1,1,0,0,1,0,0,1,0,0,0,0,0,0,1
3290,3,2,2,1,1,0,0,0,0,1,0,1,0,0,0,1,0,0
960,2,1,1,1,1,0,0,1,0,0,0,1,0,0,0,1,0,0
1370,3,2,0,1,1,0,0,1,0,0,1,0,0,0,0,0,0,1
610,4,2,2,1,1,0,0,0,1,0,0,0,0,1,0,0,1,0
6530,5,0,0,1,1,0,0,1,0,0,1,0,0,0,1,0,0,0
23410,4,0,0,1,1,0,0,0,0,1,0,0,0,1,1,0,0,0
1420,2,0,0,1,1,0,0,0,0,1,0,0,1,0,0,0,0,1
900,4,2,2,1,1,0,0,0,1,0,0,0,1,0,0,1,0,0
970,2,0,0,1,1,0,0,1,0,0,0,1,0,0,0,0,0,1
3180,2,1,0,1,1,0,0,0,0,1,1,0,0,0,0,0,0,1
15950,1,0,0,1,1,0,0,1,0,0,0,1,0,0,0,1,0,0
1760,5,4,1,1,0,0,1,1,0,0,1,0,0,0,1,0,0,0
1450,3,1,1,1,1,0,0,1,0,0,1,0,0,0,1,0,0,0
5760,1,0,0,1,1,0,0,0,1,0,0,1,0,0,0,0,0,1
37740,2,1,1,1,1,0,0,1,0,0,1,0,0,0,1,0,0,0
720,1,0,0,1,1,0,0,0,1,0,1,0,0,0,0,0,0,1
7970,3,1,1,1,1,0,0,1,0,0,1,0,0,0,0,0,1,0
1820,3,1,0,1,1,0,0,1,0,0,0,1,0,0,0,1,0,0
15540,3,0,0,1,1,0,0,1,0,0,0,1,0,0,0,1,0,0
2250,5,2,2,1,0,1,0,0,1,0,1,0,0,0,1,0,0,0
670,2,0,0,1,0,1,0,1,0,0,0,0,1,0,0,1,0,0
25320,5,2,2,1,1,0,0,0,1,0,0,1,0,0,1,0,0,0
18300,4,0,0,1,1,0,0,0,1,0,0,1,0,0,0,1,0,0
9630,2,0,0,1,1,0,0,0,1,0,1,0,0,0,0,1,0,0
9410,1,0,0,1,1,0,0,0,1,0,1,0,0,0,1,0,0,0
1040,3,2,1,1,1,0,0,0,1,0,1,0,0,0,0,1,0,0
8720,2,0,0,1,0,1,0,1,0,0,1,0,0,0,0,1,0,0
610,2,1,0,1,1,0,0,1,0,0,0,0,1,0,0,0,1,0
32710,1,0,0,1,1,0,0,1,0,0,1,0,0,0,1,0,0,0
2980,2,0,0,1,1,0,0,0,1,0,0,0,1,0,1,0,0,0
36930,3,1,0,1,1,0,0,1,0,0,1,0,0,0,0,0,1,0
4110,3,0,0,1,1,0,0,1,0,0,1,0,0,0,1,0,0,0
31470,1,0,0,1,1,0,0,0,0,1,1,0,0,0,1,0,0,0
26380,4,1,1,1,1,0,0,0,1,0,1,0,0,0,0,1,0,0
21590,1,0,0,1,1,0,0,0,0,1,1,0,0,0,1,0,0,0
4700,2,0,0,1,1,0,0,1,0,0,1,0,0,0,0,1,0,0
580,4,0,0,1,1,0,0,0,1,0,0,1,0,0,0,1,0,0
18370,1,0,0,1,1,0,0,0,0,1,1,0,0,0,1,0,0,0
860,1,0,0,1,1,0,0,0,1,0,0,0,1,0,0,0,0,1
4020,1,0,0,1,1,0,0,1,0,0,1,0,0,0,0,0,0,1
580,4,2,1,1,1,0,0,1,0,0,0,1,0,0,1,0,0,0
15310,5,1,0,1,1,0,0,1,0,0,1,0,0,0,1,0,0,0
710,1,0,0,1,1,0,0,1,0,0,0,1,0,0,0,1,0,0
16390,3,2,1,1,1,0,0,0,1,0,0,1,0,0,0,0,0,1
1210,3,0,0,1,1,0,0,1,0,0,0,1,0,0,0,0,0,1
9240,1,0,0,1,1,0,0,0,1,0,0,0,0,1,0,0,0,1
4190,4,1,0,1,1,0,0,1,0,0,1,0,0,0,0,1,0,0
22130,5,2,0,1,1,0,0,1,0,0,1,0,0,0,1,0,0,0
1500,3,1,1,1,1,0,0,1,0,0,1,0,0,0,0,1,0,0
6240,3,1,1,1,1,0,0,1,0,0,1,0,0,0,1,0,0,0
18280,2,0,0,1,0,1,0,1,0,0,0,1,0,0,0,0,1,0
630,2,1,1,1,1,0,0,1,0,0,0,1,0,0,0,1,0,0
2540,5,1,0,1,1,0,0,0,0,1,0,1,0,0,0,1,0,0
600,1,0,0,1,1,0,0,0,1,0,1,0,0,0,1,0,0,0
620,3,0,0,1,1,0,0,0,0,1,1,0,0,0,0,0,0,1
830,2,1,1,1,1,0,0,0,0,1,0,0,1,0,0,0,0,1
1010,2,0,0,1,1,0,0,0,1,0,1,0,0,0,1,0,0,0
640,1,0,0,1,1,0,0,0,1,0,0,1,0,0,1,0,0,0
13190,1,0,0,1,1,0,0,1,0,0,1,0,0,0,0,0,1,0
970,2,1,1,1,0,1,0,1,0,0,1,0,0,0,1,0,0,0
2150,3,2,2,1,1,0,0,0,0,1,0,1,0,0,0,0,0,1
2820,2,0,0,1,0,1,0,0,0,1,1,0,0,0,1,0,0,0
700,4,0,0,1,1,0,0,1,0,0,0,0,0,1,0,1,0,0
8970,5,0,0,1,1,0,0,0,1,0,0,1,0,0,0,1,0,0
9150,2,0,0,1,1,0,0,1,0,0,1,0,0,0,1,0,0,0
1310,4,0,0,1,1,0,0,1,0,0,1,0,0,0,0,0,0,1
4040,3,0,0,1,1,0,0,0,0,1,0,0,0,1,0,1,0,0
6690,3,2,1,1,1,0,0,0,1,0,1,0,0,0,0,1,0,0
3340,2,0,0,1,0,1,0,0,1,0,1,0,0,0,0,1,0,0
3550,4,3,0,1,1,0,0,0,1,0,0,1,0,0,0,1,0,0
1510,1,0,0,1,1,0,0,0,1,0,0,1,0,0,0,1,0,0
3440,5,3,1,1,1,0,0,0,0,1,0,1,0,0,0,1,0,0
810,1,0,0,1,1,0,0,1,0,0,0,0,0,1,0,0,0,1
1240,5,2,0,1,1,0,0,0,1,0,0,1,0,0,0,0,0,1
1020,4,1,0,1,1,0,0,1,0,0,0,1,0,0,0,1,0,0
790,4,2,2,1,1,0,0,1,0,0,0,1,0,0,0,0,1,0
3550,2,1,0,1,1,0,0,1,0,0,1,0,0,0,0,0,1,0
3030,3,1,1,1,0,1,0,1,0,0,0,0,1,0,0,0,1,0
2360,1,0,0,1,0,1,0,0,0,1,0,1,0,0,0,1,0,0
1210,1,0,0,1,1,0,0,1,0,0,1,0,0,0,1,0,0,0
780,1,0,0,1,0,1,0,0,1,0,0,0,0,1,1,0,0,0
1240,5,3,1,1,1,0,0,1,0,0,1,0,0,0,0,0,0,1
870,1,0,0,1,1,0,0,1,0,0,0,1,0,0,0,0,1,0
900,1,0,0,1,0,1,0,1,0,0,1,0,0,0,1,0,0,0
890,3,0,0,1,1,0,0,1,0,0,0,1,0,0,0,1,0,0
2590,5,4,3,1,0,1,0,0,1,0,1,0,0,0,1,0,0,0
23700,4,2,0,1,1,0,0,0,0,1,1,0,0,0,0,0,0,1
2790,3,0,0,1,1,0,0,0,1,0,0,0,0,1,0,0,0,1
1360,2,0,0,1,0,1,0,0,0,1,0,1,0,0,0,0,0,1
640,2,1,1,1,1,0,0,1,0,0,0,1,0,0,0,1,0,0
1110,1,0,0,1,1,0,0,1,0,0,1,0,0,0,0,0,0,1
10870,5,2,0,1,1,0,0,1,0,0,1,0,0,0,1,0,0,0
8740,3,1,1,1,1,0,0,1,0,0,1,0,0,0,0,0,0,1
6840,1,0,0,1,0,0,1,0,0,1,0,0,0,1,0,0,1,0
18270,3,1,1,1,1,0,0,1,0,0,1,0,0,0,1,0,0,0
1210,1,0,0,1,0,1,0,1,0,0,1,0,0,0,1,0,0,0
4330,4,1,1,1,1,0,0,0,1,0,1,0,0,0,0,1,0,0
12670,4,1,1,1,0,0,1,0,1,0,0,1,0,0,0,0,0,1
1370,4,3,1,1,1,0,0,1,0,0,0,1,0,0,0,1,0,0
670,5,3,1,1,1,0,0,1,0,0,0,1,0,0,0,1,0,0
600,3,1,1,1,0,1,0,1,0,0,0,1,0,0,0,0,0,1
31200,3,1,0,1,1,0,0,1,0,0,0,1,0,0,0,1,0,0
590,4,0,0,1,0,1,0,1,0,0,1,0,0,0,1,0,0,0
8770,4,0,0,1,1,0,0,0,1,0,1,0,0,0,1,0,0,0
2070,5,3,2,1,0,1,0,1,0,0,1,0,0,0,1,0,0,0
28460,1,0,0,1,0,0,1,1,0,0,0,1,0,0,0,1,0,0
1840,2,1,0,1,1,0,0,1,0,0,1,0,0,0,1,0,0,0
4810,2,0,0,1,1,0,0,1,0,0,1,0,0,0,1,0,0,0
2980,5,1,0,1,1,0,0,1,0,0,1,0,0,0,0,0,0,1
1480,5,0,0,1,1,0,0,0,1,0,1,0,0,0,1,0,0,0
1020,2,1,0,1,1,0,0,1,0,0,0,0,1,0,0,0,0,1
730,2,1,1,1,1,0,0,1,0,0,1,0,0,0,1,0,0,0
11290,3,1,0,1,1,0,0,1,0,0,0,1,0,0,0,0,1,0
1810,1,0,0,1,0,0,1,0,0,1,1,0,0,0,0,0,0,1
18250,1,0,0,1,1,0,0,1,0,0,0,1,0,0,0,0,0,1
3670,2,1,0,1,1,0,0,1,0,0,1,0,0,0,1,0,0,0
17310,4,1,1,1,1,0,0,0,0,1,0,1,0,0,1,0,0,0
670,1,0,0,1,1,0,0,0,0,1,0,1,0,0,0,0,0,1
630,4,2,1,1,1,0,0,0,1,0,1,0,0,0,0,1,0,0
2480,1,0,0,1,1,0,0,0,1,0,0,1,0,0,1,0,0,0
970,1,0,0,1,1,0,0,1,0,0,1,0,0,0,1,0,0,0
850,2,0,0,1,0,0,1,1,0,0,1,0,0,0,1,0,0,0
690,2,0,0,1,1,0,0,1,0,0,1,0,0,0,1,0,0,0
800,4,1,1,1,1,0,0,0,0,1,0,0,0,1,0,0,0,1
20670,5,3,1,1,1,0,0,1,0,0,0,1,0,0,0,1,0,0
34600,2,0,0,1,1,0,0,1,0,0,0,0,0,1,0,1,0,0
4970,1,0,0,1,1,0,0,1,0,0,1,0,0,0,1,0,0,0
940,3,1,0,1,1,0,0,0,1,0,1,0,0,0,1,0,0,0
34670,5,1,1,1,0,0,1,0,0,1,1,0,0,0,1,0,0,0
610,5,2,2,1,1,0,0,1,0,0,0,0,0,1,0,1,0,0
860,1,0,0,1,1,0,0,0,1,0,0,0,0,1,0,0,0,1
16160,2,1,1,1,1,0,0,0,1,0,0,0,1,0,0,0,0,1
13750,5,3,2,1,0,1,0,1,0,0,0,1,0,0,0,0,0,1
34510,1,0,0,1,1,0,0,1,0,0,1,0,0,0,1,0,0,0
2170,2,1,1,1,1,0,0,0,1,0,0,0,0,1,0,0,0,1
680,3,2,2,1,1,0,0,0,0,1,0,0,0,1,0,1,0,0
5500,5,4,1,1,1,0,0,1,0,0,1,0,0,0,0,0,0,1
650,5,3,0,1,1,0,0,0,1,0,1,0,0,0,0,0,0,1
690,5,3,0,1,1,0,0,1,0,0,0,0,0,1,0,0,0,1
2660,5,1,0,1,1,0,0,1,0,0,0,1,0,0,0,1,0,0
14220,5,4,2,1,1,0,0,1,0,0,1,0,0,0,1,0,0,0
800,5,3,1,1,1,0,0,0,0,1,0,0,1,0,0,1,0,0
1980,2,1,1,1,0,0,1,0,0,1,0,0,0,1,0,1,0,0
3690,1,0,0,1,1,0,0,0,1,0,1,0,0,0,1,0,0,0
1070,5,4,3,1,1,0,0,0,1,0,1,0,0,0,0,0,0,1
22270,5,0,0,1,1,0,0,0,1,0,1,0,0,0,1,0,0,0
2040,4,1,0,1,1,0,0,0,1,0,0,0,1,0,0,0,1,0
7030,4,2,2,1,1,0,0,0,1,0,0,1,0,0,0,0,0,1
810,4,3,3,1,1,0,0,0,1,0,0,1,0,0,0,1,0,0
10910,2,0,0,1,1,0,0,0,1,0,1,0,0,0,0,1,0,0
2680,4,1,1,1,1,0,0,1,0,0,1,0,0,0,0,1,0,0
800,4,0,0,1,1,0,0,1,0,0,1,0,0,0,1,0,0,0
12620,5,3,1,1,1,0,0,0,1,0,1,0,0,0,1,0,0,0
3930,2,1,0,1,1,0,0,1,0,0,0,1,0,0,0,1,0,0
1110,4,3,0,1,0,1,0,1,0,0,0,0,1,0,0,0,1,0
30430,5,2,1,1,1,0,0,0,1,0,0,1,0,0,0,0,0,1
1170,1,0,0,1,1,0,0,1,0,0,1,0,0,0,0,1,0,0
980,4,3,3,1,1,0,0,1,0,0,1,0,0,0,0,1,0,0
1390,4,2,1,1,1,0,0,0,0,1,0,0,0,1,0,0,0,1
21750,1,0,0,1,1,0,0,0,0,1,1,0,0,0,0,1,0,0
2770,5,0,0,1,1,0,0,1,0,0,0,0,0,1,1,0,0,0
4040,2,0,0,1,1,0,0,1,0,0,1,0,0,0,1,0,0,0
730,4,0,0,1,1,0,0,0,0,1,1,0,0,0,0,0,0,1
870,1,0,0,1,0,1,0,1,0,0,0,0,0,1,0,1,0,0
2950,3,2,2,1,1,0,0,1,0,0,1,0,0,0,1,0,0,0
2200,5,3,2,1,1,0,0,1,0,0,0,1,0,0,0,1,0,0
10450,4,2,1,1,0,1,0,1,0,0,0,0,0,1,0,0,1,0
1150,3,1,1,1,1,0,0,0,1,0,1,0,0,0,1,0,0,0
20490,1,0,0,1,1,0,0,1,0,0,0,1,0,0,0,1,0,0
1050,3,0,0,1,1,0,0,1,0,0,0,0,0,1,1,0,0,0
17860,2,0,0,1,0,0,1,1,0,0,1,0,0,0,1,0,0,0
8300,4,1,1,1,1,0,0,1,0,0,1,0,0,0,0,1,0,0
10310,3,0,0,1,1,0,0,1,0,0,0,0,1,0,0,0,1,0
14630,1,0,0,1,1,0,0,0,1,0,0,1,0,0,0,0,1,0
2680,5,3,3,1,1,0,0,1,0,0,0,0,1,0,0,0,0,1
4150,4,3,2,1,1,0,0,1,0,0,0,1,0,0,0,1,0,0
650,5,2,2,1,1,0,0,0,1,0,0,1,0,0,1,0,0,0
17450,2,1,1,1,1,0,0,0,1,0,0,0,0,1,0,0,1,0
880,3,1,0,1,1,0,0,0,1,0,1,0,0,0,0,0,1,0
27740,1,0,0,1,1,0,0,1,0,0,0,0,1,0,0,0,1,0
3220,5,1,0,1,1,0,0,1,0,0,1,0,0,0,0,1,0,0
15230,5,1,1,1,1,0,0,1,0,0,1,0,0,0,1,0,0,0
950,4,1,0,1,1,0,0,0,0,1,1,0,0,0,0,0,0,1
27380,1,0,0,1,1,0,0,0,1,0,0,1,0,0,0,1,0,0
950,3,2,2,1,1,0,0,0,1,0,1,0,0,0,0,0,1,0
790,5,1,1,1,0,1,0,1,0,0,1,0,0,0,0,1,0,0
13440,2,0,0,1,1,0,0,0,1,0,1,0,0,0,1,0,0,0
730,2,0,0,1,0,0,1,1,0,0,0,1,0,0,0,1,0,0
1490,5,0,0,1,1,0,0,0,0,1,1,0,0,0,0,1,0,0
1200,3,0,0,1,1,0,0,1,0,0,0,1,0,0,0,0,1,0
1910,2,0,0,1,0,1,0,1,0,0,1,0,0,0,1,0,0,0
990,2,1,0,1,0,1,0,1,0,0,1,0,0,0,0,1,0,0
18400,1,0,0,1,1,0,0,1,0,0,0,1,0,0,0,1,0,0
700,1,0,0,1,1,0,0,0,1,0,0,0,0,1,0,0,1,0
3470,1,0,0,1,1,0,0,0,1,0,1,0,0,0,1,0,0,0
1960,5,0,0,1,1,0,0,0,1,0,1,0,0,0,1,0,0,0
26420,4,3,1,1,1,0,0,0,0,1,0,1,0,0,0,0,0,1
1790,4,2,0,1,1,0,0,0,1,0,1,0,0,0,0,1,0,0
37850,1,0,0,1,0,1,0,0,1,0,0,1,0,0,0,0,0,1
5640,2,1,1,1,1,0,0,1,0,0,0,0,0,1,1,0,0,0
22960,2,1,0,1,0,1,0,1,0,0,1,0,0,0,0,0,0,1
1630,4,0,0,1,1,0,0,1,0,0,1,0,0,0,0,1,0,0
610,3,1,0,1,1,0,0,0,0,1,1,0,0,0,1,0,0,0
3160,3,1,0,1,1,0,0,0,0,1,0,0,0,1,0,0,0,1
2350,3,2,1,1,1,0,0,0,1,0,1,0,0,0,0,0,0,1
620,2,1,0,1,1,0,0,0,0,1,1,0,0,0,1,0,0,0
830,3,0,0,1,1,0,0,1,0,0,1,0,0,0,0,0,0,1
4570,2,1,1,1,0,1,0,1,0,0,1,0,0,0,0,1,0,0
20420,4,2,0,1,1,0,0,1,0,0,0,1,0,0,0,1,0,0
780,2,1,1,1,1,0,0,0,0,1,0,1,0,0,0,1,0,0
600,5,1,1,1,1,0,0,1,0,0,0,0,1,0,0,1,0,0
10620,4,2,0,1,0,1,0,0,1,0,1,0,0,0,1,0,0,0
1260,1,0,0,1,1,0,0,1,0,0,1,0,0,0,0,0,0,1
25160,4,3,2,1,1,0,0,1,0,0,0,1,0,0,0,0,1,0
5130,2,0,0,1,1,0,0,0,0,1,0,0,0,1,0,0,0,1
25040,1,0,0,1,1,0,0,1,0,0,1,0,0,0,0,0,0,1
2960,5,1,0,1,1,0,0,0,1,0,0,1,0,0,0,0,1,0
9490,2,1,1,1,1,0,0,1,0,0,0,1,0,0,0,0,0,1
1340,1,0,0,1,1,0,0,1,0,0,1,0,0,0,1,0,0,0
12610,3,2,0,1,1,0,0,0,1,0,0,1,0,0,0,0,1,0
32290,5,4,1,1,1,0,0,0,0,1,0,1,0,0,0,1,0,0
3290,5,1,0,1,1,0,0,1,0,0,0,1,0,0,1,0,0,0
860,3,1,0,1,1,0,0,1,0,0,1,0,0,0,0,1,0,0
15220,5,4,0,1,1,0,0,1,0,0,0,0,0,1,1,0,0,0
1470,1,0,0,1,0,1,0,1,0,0,0,0,1,0,0,0,1,0
1390,2,1,1,1,1,0,0,1,0,0,0,0,0,1,1,0,0,0
7790,1,0,0,1,1,0,0,1,0,0,0,0,0,1,0,0,0,1
4130,5,0,0,1,1,0,0,0,1,0,0,1,0,0,0,0,0,1
2770,4,3,1,1,1,0,0,0,0,1,1,0,0,0,0,0,0,1
7010,2,1,1,1,1,0,0,1,0,0,0,1,0,0,1,0,0,0
5120,4,2,0,1,1,0,0,1,0,0,1,0,0,0,1,0,0,0
800,4,1,0,1,1,0,0,1,0,0,0,1,0,0,0,1,0,0
32080,4,2,1,1,1,0,0,0,1,0,0,1,0,0,0,1,0,0
6240,5,3,1,1,1,0,0,0,1,0,0,1,0,0,0,1,0,0
1810,1,0,0,1,1,0,0,0,0,1,1,0,0,0,1,0,0,0
13060,3,1,1,1,1,0,0,0,1,0,1,0,0,0,0,1,0,0
13020,2,1,0,1,0,0,1,0,1,0,0,1,0,0,0,0,1,0
590,1,0,0,1,0,1,0,0,1,0,0,1,0,0,1,0,0,0
590,5,4,0,1,1,0,0,1,0,0,1,0,0,0,0,0,0,1
13640,2,0,0,1,1,0,0,1,0,0,1,0,0,0,0,1,0,0
34250,4,0,0,1,1,0,0,1,0,0,0,0,1,0,0,0,1,0
2260,1,0,0,1,0,1,0,1,0,0,0,1,0,0,0,0,0,1
2920,5,0,0,1,1,0,0,0,1,0,0,0,1,0,0,0,1,0
1760,4,2,0,1,1,0,0,1,0,0,0,1,0,0,0,0,1,0
32730,3,0,0,1,1,0,0,1,0,0,0,1,0,0,0,1,0,0
1350,5,3,2,1,1,0,0,1,0,0,0,0,0,1,0,0,0,1
620,3,1,0,1,0,0,1,0,1,0,1,0,0,0,1,0,0,0
2170,2,0,0,1,1,0,0,1,0,0,1,0,0,0,0,0,0,1
4820,1,0,0,1,0,1,0,1,0,0,1,0,0,0,1,0,0,0
3110,2,1,0,1,1,0,0,1,0,0,0,1,0,0,0,0,1,0
5210,1,0,0,1,1,0,0,0,0,1,1,0,0,0,1,0,0,0
7630,5,1,0,1,1,0,0,1,0,0,0,0,1,0,0,0,1,0
1340,4,3,2,1,1,0,0,1,0,0,0,1,0,0,0,1,0,0
1070,3,1,0,1,0,1,0,0,0,1,0,0,0,1,0,1,0,0
4780,5,0,0,1,1,0,0,1,0,0,1,0,0,0,0,0,1,0
690,3,2,0,1,1,0,0,1,0,0,1,0,0,0,0,0,0,1
18980,3,0,0,1,1,0,0,1,0,0,1,0,0,0,1,0,0,0
2790,1,0,0,1,1,0,0,0,0,1,1,0,0,0,1,0,0,0
1860,5,4,1,1,1,0,0,1,0,0,1,0,0,0,0,0,0,1
3520,1,0,0,1,1,0,0,1,0,0,1,0,0,0,1,0,0,0
6810,5,0,0,1,1,0,0,1,0,0,1,0,0,0,0,0,1,0
2900,1,0,0,1,0,1,0,0,1,0,0,0,0,1,1,0,0,0
22960,5,4,0,1,0,0,1,0,1,0,1,0,0,0,0,0,1,0
12390,5,0,0,1,1,0,0,0,0,1,0,0,1,0,0,0,0,1
6600,4,1,0,1,1,0,0,1,0,0,1,0,0,0,0,0,0,1
6750,5,4,3,1,1,0,0,1,0,0,1,0,0,0,0,1,0,0
1290,2,0,0,1,0,1,0,1,0,0,0,0,1,0,0,1,0,0
5030,1,0,0,1,1,0,0,1,0,0,0,1,0,0,0,0,1,0
35790,2,1,1,1,1,0,0,1,0,0,1,0,0,0,0,0,1,0
4170,1,0,0,1,1,0,0,0,1,0,1,0,0,0,1,0,0,0
730,1,0,0,1,1,0,0,0,1,0,0,1,0,0,0,0,0,1
670,1,0,0,1,1,0,0,1,0,0,0,1,0,0,0,0,0,1
1840,2,1,1,1,1,0,0,1,0,0,1,0,0,0,1,0,0,0
1830,2,1,0,1,1,0,0,1,0,0,0,1,0,0,0,0,0,1
21800,1,0,0,1,1,0,0,0,1,0,1,0,0,0,1,0,0,0
12940,1,0,0,1,1,0,0,0,1,0,0,1,0,0,0,1,0,0
34290,4,2,1,1,1,0,0,1,0,0,1,0,0,0,1,0,0,0
6010,4,0,0,1,0,0,1,0,1,0,0,1,0,0,1,0,0,0
740,3,1,1,1,0,1,0,1,0,0,0,1,0,0,0,1,0,0
870,1,0,0,1,1,0,0,1,0,0,1,0,0,0,0,0,1,0
1430,1,0,0,1,0,1,0,1,0,0,1,0,0,0,0,0,0,1
10670,2,0,0,1,1,0,0,0,0,1,1,0,0,0,1,0,0,0
5890,2,0,0,1,1,0,0,0,1,0,1,0,0,0,0,1,0,0
1330,3,2,0,1,1,0,0,0,0,1,0,0,1,0,0,0,0,1
1520,2,1,1,1,1,0,0,1,0,0,0,1,0,0,0,1,0,0
10840,1,0,0,1,1,0,0,0,1,0,1,0,0,0,0,1,0,0
12330,5,3,3,1,0,1,0,1,0,0,1,0,0,0,0,1,0,0
1550,5,4,4,1,1,0,0,1,0,0,0,0,1,0,0,0,1,0
600,4,0,0,1,1,0,0,0,1,0,0,0,1,0,0,0,0,1
3140,2,1,0,1,1,0,0,1,0,0,0,0,1,0,0,0,0,1
4450,5,1,1,1,1,0,0,1,0,0,0,1,0,0,0,0,0,1
580,2,0,0,1,1,0,0,0,1,0,0,0,0,1,0,0,1,0
4450,1,0,0,1,1,0,0,1,0,0,1,0,0,0,1,0,0,0
12790,1,0,0,1,1,0,0,0,0,1,0,0,1,0,0,0,1,0
6710,3,0,0,1,1,0,0,1,0,0,1,0,0,0,0,0,0,1
13290,1,0,0,1,1,0,0,0,1,0,1,0,0,0,0,0,1,0
25270,1,0,0,1,0,0,1,0,1,0,0,1,0,0,0,1,0,0
22200,5,1,0,1,1,0,0,1,0,0,0,1,0,0,0,1,0,0
7220,4,0,0,1,1,0,0,0,0,1,0,1,0,0,0,1,0,0
690,5,0,0,1,0,0,1,1,0,0,1,0,0,0,1,0,0,0
14580,1,0,0,1,1,0,0,0,0,1,1,0,0,0,1,0,0,0
19830,1,0,0,1,1,0,0,1,0,0,0,1,0,0,0,1,0,0
1170,3,1,1,1,1,0,0,0,0,1,1,0,0,0,0,0,0,1
1290,3,1,0,1,1,0,0,0,1,0,1,0,0,0,1,0,0,0
2170,4,3,0,1,1,0,0,1,0,0,1,0,0,0,1,0,0,0
650,5,4,2,1,1,0,0,0,0,1,1,0,0,0,0,1,0,0
590,2,1,0,1,1,0,0,1,0,0,1,0,0,0,0,1,0,0
980,2,1,1,1,1,0,0,1,0,0,0,1,0,0,0,1,0,0
1970,1,0,0,1,1,0,0,1,0,0,0,1,0,0,0,1,0,0
3370,3,2,0,1,1,0,0,0,1,0,1,0,0,0,0,1,0,0
2920,1,0,0,1,1,0,0,0,1,0,1,0,0,0,0,0,1,0
4920,2,1,1,1,0,1,0,1,0,0,1,0,0,0,1,0,0,0
950,3,1,1,1,1,0,0,1,0,0,1,0,0,0,1,0,0,0
710,4,0,0,1,1,0,0,1,0,0,1,0,0,0,1,0,0,0
610,3,1,1,1,1,0,0,1,0,0,1,0,0,0,0,1,0,0
18120,4,0,0,1,0,0,1,0,0,1,1,0,0,0,0,0,0,1
1150,3,2,2,1,1,0,0,1,0,0,1,0,0,0,1,0,0,0
2430,4,1,1,1,1,0,0,1,0,0,0,0,0,1,0,0,0,1
5450,1,0,0,1,1,0,0,1,0,0,0,1,0,0,0,1,0,0
600,3,1,0,1,1,0,0,1,0,0,0,1,0,0,0,1,0,0
25780,1,0,0,1,1,0,0,1,0,0,1,0,0,0,1,0,0,0
13040,4,1,0,1,1,0,0,1,0,0,1,0,0,0,0,0,0,1
1650,4,1,0,1,1,0,0,0,0,1,1,0,0,0,0,1,0,0
5280,2,0,0,1,1,0,0,1,0,0,1,0,0,0,0,1,0,0
1250,5,4,1,1,1,0,0,0,1,0,0,1,0,0,0,1,0,0
22430,1,0,0,1,0,1,0,0,0,1,1,0,0,0,1,0,0,0
14830,5,3,2,1,1,0,0,1,0,0,0,0,1,0,0,1,0,0
1500,2,1,0,1,1,0,0,1,0,0,1,0,0,0,0,1,0,0
34270,5,3,0,1,1,0,0,1,0,0,0,0,0,1,0,0,0,1
3510,4,1,0,1,1,0,0,1,0,0,1,0,0,0,0,1,0,0
23350,3,2,1,1,0,1,0,1,0,0,1,0,0,0,1,0,0,0
38000,4,1,1,1,0,0,1,0,1,0,1,0,0,0,0,0,0,1
690,3,1,0,1,1,0,0,0,1,0,0,1,0,0,0,1,0,0
2870,4,3,0,1,1,0,0,0,0,1,0,0,1,0,0,0,1,0
1390,3,1,0,1,0,0,1,0,0,1,1,0,0,0,0,1,0,0
26040,4,0,0,1,1,0,0,0,1,0,0,1,0,0,0,0,0,1
19260,1,0,0,1,0,1,0,0,1,0,0,1,0,0,0,1,0,0
8860,1,0,0,1,1,0,0,0,0,1,0,1,0,0,0,1,0,0
14370,2,1,0,1,0,1,0,0,0,1,1,0,0,0,1,0,0,0
31250,2,1,1,1,0,1,0,0,1,0,0,0,1,0,0,0,1,0
2220,1,0,0,1,1,0,0,0,1,0,0,1,0,0,0,1,0,0
750,5,0,0,1,1,0,0,0,1,0,1,0,0,0,1,0,0,0
2810,1,0,0,1,0,1,0,0,1,0,0,1,0,0,0,1,0,0
970,4,2,0,1,0,0,1,1,0,0,0,1,0,0,1,0,0,0
38720,4,0,0,1,1,0,0,1,0,0,1,0,0,0,0,0,0,1
2810,2,1,1,1,1,0,0,1,0,0,0,1,0,0,0,0,1,0
620,5,2,1,1,1,0,0,1,0,0,0,1,0,0,0,0,0,1
1230,5,4,0,1,1,0,0,1,0,0,0,1,0,0,0,1,0,0
23280,4,3,2,1,1,0,0,1,0,0,0,0,1,0,0,0,1,0
970,3,1,1,1,1,0,0,0,1,0,1,0,0,0,1,0,0,0
1210,3,0,0,1,1,0,0,1,0,0,1,0,0,0,0,0,1,0
23700,3,2,2,1,1,0,0,1,0,0,1,0,0,0,0,0,0,1
790,5,3,2,1,1,0,0,0,0,1,1,0,0,0,1,0,0,0
4120,4,3,3,1,0,1,0,1,0,0,1,0,0,0,1,0,0,0
1350,3,1,0,1,0,1,0,0,1,0,1,0,0,0,0,0,0,1
7180,4,3,1,1,1,0,0,1,0,0,1,0,0,0,0,0,0,1
600,1,0,0,1,1,0,0,0,0,1,0,1,0,0,0,1,0,0
1350,3,1,1,1,0,0,1,1,0,0,0,1,0,0,0,0,0,1
4930,2,1,1,1,1,0,0,1,0,0,0,1,0,0,0,1,0,0
4470,2,1,0,1,1,0,0,1,0,0,1,0,0,0,0,0,0,1
7130,3,0,0,1,1,0,0,0,1,0,1,0,0,0,1,0,0,0
19590,4,3,3,1,1,0,0,0,1,0,0,1,0,0,0,0,0,1
630,1,0,0,1,1,0,0,1,0,0,1,0,0,0,0,0,0,1
13750,4,3,2,1,1,0,0,0,1,0,0,1,0,0,1,0,0,0
1310,4,3,3,1,0,1,0,0,1,0,0,1,0,0,0,1,0,0
3000,2,0,0,1,1,0,0,1,0,0,0,1,0,0,0,1,0,0
1030,3,1,0,1,1,0,0,1,0,0,0,1,0,0,0,0,1,0
1360,2,0,0,1,1,0,0,0,1,0,0,1,0,0,0,1,0,0
14540,1,0,0,1,1,0,0,0,1,0,1,0,0,0,0,0,1,0
4150,1,0,0,1,1,0,0,0,1,0,1,0,0,0,1,0,0,0
1180,5,2,1,1,1,0,0,0,0,1,0,1,0,0,0,1,0,0
1570,4,2,0,1,1,0,0,1,0,0,0,0,1,0,0,0,1,0
640,3,0,0,1,1,0,0,0,1,0,0,0,0,1,0,0,0,1
4120,1,0,0,1,0,1,0,1,0,0,1,0,0,0,0,1,0,0
770,3,1,1,1,1,0,0,0,0,1,1,0,0,0,0,1,0,0
870,4,3,3,1,1,0,0,0,1,0,1,0,0,0,0,0,0,1
740,3,2,0,1,1,0,0,1,0,0,1,0,0,0,1,0,0,0
6980,5,3,0,1,1,0,0,1,0,0,1,0,0,0,1,0,0,0
2020,4,0,0,1,0,0,1,0,1,0,1,0,0,0,1,0,0,0
1620,1,0,0,1,1,0,0,1,0,0,0,1,0,0,0,1,0,0
1010,3,1,1,1,1,0,0,1,0,0,0,0,1,0,0,1,0,0
1120,5,4,2,1,0,1,0,0,0,1,0,0,0,1,0,1,0,0
750,2,0,0,1,1,0,0,1,0,0,1,0,0,0,0,0,0,1
10840,5,0,0,1,1,0,0,1,0,0,0,0,0,1,0,0,1,0
3270,3,0,0,1,1,0,0,0,0,1,0,1,0,0,0,1,0,0
2240,2,1,0,1,1,0,0,1,0,0,0,0,0,1,1,0,0,0
1250,2,0,0,1,1,0,0,0,1,0,1,0,0,0,1,0,0,0
960,4,2,0,1,1,0,0,1,0,0,0,1,0,0,0,0,1,0
680,4,1,0,1,1,0,0,1,0,0,0,1,0,0,0,1,0,0
730,4,1,1,1,1,0,0,0,1,0,0,1,0,0,1,0,0,0
32700,1,0,0,1,1,0,0,0,0,1,1,0,0,0,1,0,0,0
1660,1,0,0,1,1,0,0,1,0,0,1,0,0,0,0,0,1,0
1650,2,1,0,1,1,0,0,1,0,0,0,1,0,0,0,0,0,1
810,3,2,1,1,1,0,0,0,0,1,0,1,0,0,0,1,0,0
10390,4,1,1,1,1,0,0,0,0,1,0,0,1,0,0,0,1,0
1640,1,0,0,1,1,0,0,1,0,0,0,1,0,0,0,1,0,0
610,5,0,0,1,0,0,1,0,1,0,1,0,0,0,0,1,0,0
21150,1,0,0,1,1,0,0,1,0,0,0,1,0,0,0,1,0,0
3960,5,0,0,1,1,0,0,1,0,0,0,1,0,0,1,0,0,0
2930,3,0,0,1,1,0,0,1,0,0,0,0,0,1,0,0,0,1
810,1,0,0,1,1,0,0,0,1,0,0,0,1,0,0,0,1,0
19130,2,1,0,1,1,0,0,0,0,1,1,0,0,0,0,0,1,0
1590,2,1,1,1,1,0,0,1,0,0,1,0,0,0,0,1,0,0
580,1,0,0,1,0,1,0,1,0,0,0,0,0,1,0,0,0,1
1780,5,2,0,1,0,0,1,1,0,0,0,1,0,0,0,1,0,0
8270,4,0,0,1,1,0,0,1,0,0,0,1,0,0,0,1,0,0
680,1,0,0,1,1,0,0,1,0,0,1,0,0,0,1,0,0,0
8180,1,0,0,1,1,0,0,1,0,0,0,0,1,0,0,0,1,0
2560,3,2,0,1,1,0,0,1,0,0,0,0,0,1,0,0,0,1
4670,5,1,0,1,1,0,0,1,0,0,0,1,0,0,0,1,0,0
770,1,0,0,1,1,0,0,1,0,0,0,1,0,0,0,1,0,0
1300,2,1,1,1,1,0,0,1,0,0,1,0,0,0,1,0,0,0
740,5,1,1,1,1,0,0,0,1,0,1,0,0,0,1,0,0,0
28210,2,1,0,1,1,0,0,0,1,0,0,1,0,0,0,1,0,0
19480,2,0,0,1,1,0,0,0,1,0,1,0,0,0,0,1,0,0
9070,2,0,0,1,1,0,0,0,0,1,1,0,0,0,0,1,0,0
600,4,0,0,1,1,0,0,1,0,0,0,1,0,0,0,1,0,0
13080,5,1,1,1,1,0,0,0,0,1,1,0,0,0,0,0,1,0
39470,4,3,2,1,1,0,0,0,1,0,0,1,0,0,1,0,0,0
20290,4,0,0,1,1,0,0,1,0,0,1,0,0,0,1,0,0,0
700,2,0,0,1,1,0,0,1,0,0,1,0,0,0,1,0,0,0
1110,2,0,0,1,1,0,0,1,0,0,0,0,1,0,0,0,1,0
1050,1,0,0,1,1,0,0,0,1,0,1,0,0,0,1,0,0,0
850,3,1,0,1,0,1,0,1,0,0,1,0,0,0,1,0,0,0
1000,5,4,1,1,1,0,0,0,0,1,0,0,1,0,0,0,0,1
20220,3,2,1,1,1,0,0,0,1,0,1,0,0,0,0,0,0,1
3540,4,3,3,1,1,0,0,1,0,0,0,0,0,1,1,0,0,0
9940,1,0,0,1,1,0,0,0,1,0,1,0,0,0,1,0,0,0
690,4,1,1,1,1,0,0,1,0,0,0,1,0,0,0,1,0,0
2040,5,2,0,1,1,0,0,1,0,0,1,0,0,0,0,0,0,1
22540,3,2,1,1,1,0,0,0,1,0,0,1,0,0,0,0,1,0
1430,1,0,0,1,1,0,0,1,0,0,1,0,0,0,0,1,0,0
36000,4,0,0,1,1,0,0,0,1,0,0,1,0,0,0,1,0,0
810,5,3,2,1,1,0,0,0,0,1,1,0,0,0,1,0,0,0
4620,1,0,0,1,1,0,0,0,1,0,0,1,0,0,0,1,0,0
37750,2,0,0,1,1,0,0,0,1,0,0,1,0,0,0,0,1,0
8550,4,1,0,1,0,1,0,1,0,0,1,0,0,0,1,0,0,0
5980,3,0,0,1,0,1,0,0,1,0,0,0,1,0,0,0,0,1
30750,3,2,2,1,1,0,0,1,0,0,0,1,0,0,1,0,0,0
7340,4,1,0,1,1,0,0,1,0,0,1,0,0,0,1,0,0,0
600,3,1,0,1,0,1,0,1,0,0,1,0,0,0,1,0,0,0
24710,4,1,0,1,1,0,0,0,1,0,1,0,0,0,1,0,0,0
1450,5,2,2,1,1,0,0,1,0,0,0,0,1,0,0,0,1,0
1310,5,0,0,1,1,0,0,1,0,0,0,1,0,0,0,1,0,0
1830,1,0,0,1,1,0,0,1,0,0,1,0,0,0,0,0,0,1
2850,5,1,1,1,1,0,0,1,0,0,1,0,0,0,0,1,0,0
2770,3,1,0,1,1,0,0,1,0,0,1,0,0,0,1,0,0,0
630,1,0,0,1,1,0,0,0,1,0,0,1,0,0,0,1,0,0
2530,3,2,2,1,1,0,0,1,0,0,0,1,0,0,0,0,0,1
1510,1,0,0,1,1,0,0,0,1,0,0,0,0,1,0,0,0,1
860,4,3,3,1,1,0,0,0,0,1,0,1,0,0,0,1,0,0
7420,1,0,0,1,1,0,0,1,0,0,0,1,0,0,0,0,0,1
590,5,2,0,1,1,0,0,0,1,0,0,0,1,0,0,0,1,0
590,1,0,0,1,1,0,0,1,0,0,0,0,1,0,0,0,1,0
5710,3,2,0,1,1,0,0,1,0,0,1,0,0,0,0,0,1,0
1940,5,4,1,1,1,0,0,0,0,1,0,1,0,0,0,1,0,0
2100,3,2,0,1,1,0,0,1,0,0,1,0,0,0,1,0,0,0
8840,2,0,0,1,1,0,0,1,0,0,1,0,0,0,1,0,0,0
1690,5,1,0,1,0,1,0,1,0,0,0,1,0,0,1,0,0,0
4110,1,0,0,1,1,0,0,0,1,0,1,0,0,0,0,0,1,0
5710,2,0,0,1,1,0,0,1,0,0,1,0,0,0,0,0,0,1
10820,2,1,1,1,1,0,0,0,1,0,0,1,0,0,0,1,0,0
18410,4,2,1,1,1,0,0,0,1,0,1,0,0,0,1,0,0,0
6130,1,0,0,1,1,0,0,0,1,0,1,0,0,0,0,1,0,0
35810,3,2,0,1,1,0,0,1,0,0,0,0,1,0,0,1,0,0
2170,4,1,0,1,1,0,0,0,1,0,0,0,1,0,0,0,1,0
1210,3,1,1,1,0,1,0,0,1,0,1,0,0,0,1,0,0,0
1690,2,1,0,1,1,0,0,0,0,1,0,0,1,0,0,0,1,0
3300,5,3,2,1,1,0,0,0,1,0,0,0,1,0,0,0,1,0
3250,3,0,0,1,1,0,0,1,0,0,0,0,0,1,1,0,0,0
1690,1,0,0,1,1,0,0,0,1,0,1,0,0,0,0,0,1,0
1290,3,2,1,1,1,0,0,0,1,0,1,0,0,0,1,0,0,0
720,1,0,0,1,1,0,0,0,0,1,0,1,0,0,0,0,0,1
710,3,1,1,1,0,1,0,1,0,0,1,0,0,0,0,1,0,0
2620,3,1,1,1,0,0,1,1,0,0,0,0,0,1,0,0,0,1
5290,3,2,1,1,1,0,0,1,0,0,0,1,0,0,0,0,0,1
850,1,0,0,1,0,0,1,0,0,1,0,0,1,0,0,0,1,0
5110,5,1,1,1,1,0,0,1,0,0,0,0,0,1,0,0,0,1
4940,4,3,1,1,1,0,0,0,1,0,0,1,0,0,0,0,1,0
7440,4,2,1,1,0,0,1,1,0,0,0,0,0,1,0,0,1,0
17160,5,0,0,1,1,0,0,0,1,0,0,1,0,0,0,1,0,0
6580,1,0,0,1,1,0,0,1,0,0,0,1,0,0,0,1,0,0
760,2,1,1,1,1,0,0,0,1,0,0,0,1,0,0,0,1,0
720,4,3,1,1,1,0,0,1,0,0,1,0,0,0,1,0,0,0
600,2,1,1,1,1,0,0,0,1,0,0,1,0,0,0,1,0,0
8020,1,0,0,1,1,0,0,0,1,0,1,0,0,0,1,0,0,0
870,2,0,0,1,0,1,0,1,0,0,1,0,0,0,1,0,0,0
8500,4,1,1,1,0,1,0,1,0,0,0,0,0,1,0,0,0,1
11290,5,3,0,1,1,0,0,1,0,0,0,1,0,0,0,1,0,0
830,4,2,2,1,1,0,0,1,0,0,1,0,0,0,1,0,0,0
24140,4,0,0,1,0,1,0,1,0,0,1,0,0,0,0,1,0,0
2890,5,2,1,1,1,0,0,0,1,0,1,0,0,0,0,1,0,0
5040,2,0,0,1,1,0,0,0,0,1,0,1,0,0,0,1,0,0
610,5,2,1,1,0,1,0,0,1,0,1,0,0,0,0,1,0,0
8800,5,0,0,1,1,0,0,1,0,0,0,1,0,0,0,1,0,0
3510,3,2,2,1,1,0,0,0,1,0,1,0,0,0,0,1,0,0
23130,3,0,0,1,1,0,0,0,1,0,1,0,0,0,0,0,1,0
39310,5,2,1,1,1,0,0,0,1,0,0,1,0,0,0,1,0,0
3970,2,0,0,1,1,0,0,0,1,0,1,0,0,0,1,0,0,0
700,5,2,0,1,1,0,0,1,0,0,1,0,0,0,1,0,0,0
720,4,2,2,1,1,0,0,1,0,0,1,0,0,0,1,0,0,0
3330,1,0,0,1,1,0,0,0,1,0,1,0,0,0,0,0,1,0
13660,4,0,0,1,0,1,0,1,0,0,0,1,0,0,0,1,0,0
12140,3,0,0,1,1,0,0,0,0,1,0,1,0,0,0,1,0,0
700,3,0,0,1,0,1,0,1,0,0,1,0,0,0,0,0,0,1
610,1,0,0,1,1,0,0,1,0,0,0,0,0,1,0,1,0,0
690,3,1,0,1,1,0,0,0,1,0,1,0,0,0,1,0,0,0
800,5,1,1,1,1,0,0,1,0,0,0,1,0,0,0,0,0,1
4940,3,0,0,1,1,0,0,0,1,0,1,0,0,0,0,0,1,0
2190,4,0,0,1,1,0,0,0,0,1,1,0,0,0,0,1,0,0
1640,5,2,0,1,0,1,0,0,1,0,0,0,0,1,0,1,0,0
1270,3,1,0,1,0,0,1,0,1,0,1,0,0,0,1,0,0,0
21190,1,0,0,1,1,0,0,1,0,0,1,0,0,0,0,0,1,0
930,2,1,1,1,1,0,0,0,1,0,0,1,0,0,0,0,0,1
23770,1,0,0,1,1,0,0,1,0,0,0,1,0,0,0,1,0,0
870,3,1,0,1,1,0,0,1,0,0,0,0,0,1,0,0,0,1
4320,5,3,0,1,0,0,1,0,1,0,0,1,0,0,0,1,0,0
820,2,0,0,1,1,0,0,0,1,0,1,0,0,0,1,0,0,0
980,1,0,0,1,1,0,0,0,1,0,0,0,0,1,0,1,0,0
1770,3,1,0,1,0,0,1,1,0,0,1,0,0,0,1,0,0,0
4400,4,2,2,1,1,0,0,1,0,0,0,0,0,1,0,0,0,1
1470,2,0,0,1,1,0,0,0,1,0,0,0,0,1,0,0,1,0
1820,1,0,0,1,1,0,0,0,1,0,0,0,0,1,0,0,0,1
640,3,2,1,1,1,0,0,1,0,0,0,1,0,0,0,1,0,0
21380,5,2,0,1,1,0,0,1,0,0,0,1,0,0,0,1,0,0
1730,4,1,0,1,1,0,0,0,1,0,0,1,0,0,0,0,1,0
690,5,3,3,1,0,1,0,1,0,0,1,0,0,0,1,0,0,0
1250,2,0,0,1,1,0,0,0,1,0,1,0,0,0,1,0,0,0
2430,1,0,0,1,1,0,0,1,0,0,1,0,0,0,0,1,0,0
1420,2,1,1,1,1,0,0,1,0,0,0,0,1,0,0,0,1,0
810,1,0,0,1,1,0,0,0,0,1,1,0,0,0,0,1,0,0
3170,3,1,1,1,1,0,0,1,0,0,0,1,0,0,1,0,0,0
6400,4,3,0,1,1,0,0,0,1,0,0,0,1,0,0,1,0,0
2810,2,1,1,1,1,0,0,1,0,0,0,0,0,1,1,0,0,0
1100,2,1,1,1,0,0,1,1,0,0,1,0,0,0,0,0,1,0
16270,2,0,0,1,1,0,0,1,0,0,1,0,0,0,0,0,1,0
5550,1,0,0,1,1,0,0,1,0,0,0,1,0,0,0,0,1,0
4510,5,0,0,1,1,0,0,0,1,0,1,0,0,0,1,0,0,0
790,2,0,0,1,1,0,0,1,0,0,0,1,0,0,0,1,0,0
1580,2,1,1,1,1,0,0,1,0,0,0,1,0,0,1,0,0,0
9330,4,2,2,1,1,0,0,1,0,0,1,0,0,0,1,0,0,0
3140,4,2,1,1,0,1,0,1,0,0,1,0,0,0,1,0,0,0
4670,5,4,3,1,1,0,0,1,0,0,0,0,1,0,0,0,1,0
7590,1,0,0,1,1,0,0,1,0,0,0,0,1,0,0,0,1,0
1460,1,0,0,1,1,0,0,1,0,0,1,0,0,0,1,0,0,0
620,3,2,1,1,0,1,0,1,0,0,1,0,0,0,1,0,0,0
1000,1,0,0,1,1,0,0,0,0,1,1,0,0,0,1,0,0,0
750,5,3,3,1,1,0,0,1,0,0,0,0,1,0,0,0,1,0
29080,3,1,1,1,0,1,0,0,0,1,1,0,0,0,1,0,0,0
5160,2,1,1,1,1,0,0,1,0,0,1,0,0,0,1,0,0,0
590,1,0,0,1,1,0,0,1,0,0,1,0,0,0,1,0,0,0
20150,5,2,0,1,1,0,0,0,0,1,1,0,0,0,1,0,0,0
730,3,2,0,1,1,0,0,0,1,0,1,0,0,0,1,0,0,0
610,1,0,0,1,1,0,0,0,0,1,0,1,0,0,0,0,1,0
18980,3,0,0,1,1,0,0,1,0,0,0,1,0,0,0,0,0,1
2090,3,1,1,1,1,0,0,0,1,0,0,1,0,0,0,1,0,0
3060,2,0,0,1,1,0,0,1,0,0,0,0,0,1,0,0,0,1
16490,3,2,2,1,1,0,0,1,0,0,1,0,0,0,1,0,0,0
930,3,2,2,1,1,0,0,1,0,0,0,1,0,0,1,0,0,0
34640,1,0,0,1,1,0,0,0,1,0,0,1,0,0,0,1,0,0
20940,1,0,0,1,0,0,1,0,1,0,1,0,0,0,0,1,0,0
2450,4,3,3,1,1,0,0,0,1,0,0,1,0,0,0,1,0,0
1710,4,0,0,1,1,0,0,0,1,0,0,1,0,0,0,1,0,0
2210,5,3,1,1,1,0,0,1,0,0,1,0,0,0,1,0,0,0
980,5,3,2,1,1,0,0,0,0,1,0,0,0,1,0,1,0,0
1170,5,0,0,1,1,0,0,0,0,1,0,1,0,0,0,1,0,0
580,2,1,1,1,1,0,0,1,0,0,1,0,0,0,1,0,0,0
30090,4,3,3,1,1,0,0,0,0,1,0,1,0,0,0,0,0,1
36250,4,0,0,1,1,0,0,1,0,0,0,1,0,0,0,0,0,1
22510,2,0,0,1,1,0,0,1,0,0,1,0,0,0,0,1,0,0
5480,5,1,0,1,1,0,0,1,0,0,1,0,0,0,0,0,0,1
1480,2,1,0,1,1,0,0,0,1,0,0,1,0,0,0,1,0,0
2500,5,3,2,1,0,1,0,1,0,0,0,1,0,0,0,0,1,0
10340,1,0,0,1,1,0,0,1,0,0,1,0,0,0,1,0,0,0
660,5,2,0,1,1,0,0,0,1,0,1,0,0,0,0,1,0,0
1390,5,3,1,1,1,0,0,0,1,0,0,1,0,0,0,1,0,0
24510,2,1,1,1,1,0,0,0,1,0,0,0,1,0,0,0,1,0
920,3,0,0,1,1,0,0,1,0,0,1,0,0,0,1,0,0,0
810,3,1,1,1,1,0,0,1,0,0,0,1,0,0,0,1,0,0
24380,1,0,0,1,1,0,0,0,0,1,0,1,0,0,0,1,0,0
670,5,1,0,1,1,0,0,1,0,0,1,0,0,0,0,1,0,0
1670,4,3,3,1,1,0,0,0,0,1,0,1,0,0,0,0,1,0
1640,1,0,0,1,1,0,0,0,0,1,0,1,0,0,0,0,0,1
21230,5,3,3,1,1,0,0,0,0,1,0,1,0,0,1,0,0,0
8920,1,0,0,1,1,0,0,1,0,0,0,1,0,0,0,1,0,0
1360,3,1,0,1,1,0,0,1,0,0,1,0,0,0,0,1,0,0
3570,4,3,0,1,1,0,0,1,0,0,0,1,0,0,0,1,0,0
1870,3,1,0,1,1,0,0,0,1,0,0,0,0,1,0,0,0,1
14190,4,1,0,1,1,0,0,1,0,0,1,0,0,0,0,1,0,0
2660,4,2,0,1,1,0,0,1,0,0,0,1,0,0,0,1,0,0
6620,2,0,0,1,1,0,0,1,0,0,1,0,0,0,0,1,0,0
4880,1,0,0,1,0,1,0,1,0,0,1,0,0,0,0,0,0,1
670,1,0,0,1,1,0,0,1,0,0,1,0,0,0,1,0,0,0
730,3,1,1,1,1,0,0,1,0,0,1,0,0,0,0,0,1,0
1180,3,0,0,1,1,0,0,0,1,0,0,1,0,0,0,1,0,0
830,2,0,0,1,0,1,0,0,1,0,0,1,0,0,0,1,0,0
640,3,0,0,1,1,0,0,0,1,0,1,0,0,0,0,1,0,0
710,2,1,1,1,1,0,0,1,0,0,1,0,0,0,1,0,0,0
1260,3,1,1,1,1,0,0,1,0,0,1,0,0,0,1,0,0,0
1060,1,0,0,1,1,0,0,1,0,0,0,0,1,0,0,0,1,0
2260,5,2,0,1,1,0,0,0,1,0,1,0,0,0,1,0,0,0
1200,1,0,0,1,1,0,0,1,0,0,0,0,1,0,0,0,1,0
1470,2,1,0,1,0,1,0,1,0,0,0,1,0,0,0,1,0,0
690,5,4,3,1,1,0,0,0,0,1,0,0,0,1,0,1,0,0
6700,2,1,1,1,1,0,0,0,1,0,0,1,0,0,0,0,0,1
7650,4,1,1,1,0,1,0,0,1,0,0,1,0,0,0,1,0,0
17230,4,3,0,1,1,0,0,0,0,1,1,0,0,0,1,0,0,0
790,1,0,0,1,1,0,0,0,1,0,1,0,0,0,0,0,0,1
11730,5,2,0,1,1,0,0,1,0,0,1,0,0,0,1,0,0,0
3140,1,0,0,1,1,0,0,0,1,0,1,0,0,0,1,0,0,0
8880,3,2,0,1,1,0,0,1,0,0,1,0,0,0,1,0,0,0
2640,1,0,0,1,1,0,0,1,0,0,0,1,0,0,0,1,0,0
1990,3,1,0,1,1,0,0,0,1,0,0,1,0,0,0,1,0,0
3070,5,2,1,1,1,0,0,1,0,0,0,1,0,0,0,1,0,0
2390,1,0,0,1,1,0,0,0,1,0,0,1,0,0,0,0,1,0
880,4,2,2,1,1,0,0,0,1,0,1,0,0,0,1,0,0,0
25800,5,2,0,1,0,1,0,0,0,1,1,0,0,0,0,0,0,1
4640,1,0,0,1,1,0,0,0,1,0,0,0,0,1,0,0,0,1
10600,3,1,1,1,1,0,0,0,1,0,0,0,1,0,0,1,0,0
22900,1,0,0,1,1,0,0,1,0,0,0,0,0,1,0,0,0,1
2220,2,1,0,1,1,0,0,1,0,0,0,0,1,0,0,0,0,1
920,5,3,0,1,1,0,0,0,1,0,0,1,0,0,0,1,0,0
600,3,2,0,1,1,0,0,0,1,0,0,0,0,1,1,0,0,0
800,2,0,0,1,1,0,0,0,1,0,1,0,0,0,0,0,1,0
30990,2,1,0,1,1,0,0,0,1,0,0,0,1,0,0,0,1,0
930,4,2,0,1,1,0,0,1,0,0,0,1,0,0,0,0,0,1
9250,3,2,0,1,1,0,0,0,1,0,1,0,0,0,0,1,0,0
7480,5,2,2,1,1,0,0,0,1,0,0,0,0,1,0,0,0,1
4820,2,1,1,1,1,0,0,0,1,0,0,0,1,0,0,0,0,1
700,1,0,0,1,1,0,0,0,0,1,1,0,0,0,1,0,0,0
30600,2,0,0,1,1,0,0,0,0,1,0,1,0,0,0,0,0,1
940,2,1,1,1,1,0,0,0,1,0,1,0,0,0,1,0,0,0
2260,1,0,0,1,0,1,0,1,0,0,1,0,0,0,1,0,0,0
2850,3,2,2,1,1,0,0,0,0,1,0,0,1,0,0,0,1,0
13250,4,0,0,1,1,0,0,0,1,0,0,0,1,0,0,1,0,0
14800,3,0,0,1,1,0,0,1,0,0,0,0,0,1,0,1,0,0
860,3,0,0,1,0,1,0,1,0,0,0,0,1,0,0,0,0,1
2410,4,2,0,1,0,0,1,0,1,0,0,1,0,0,0,0,0,1
39150,3,1,1,1,0,0,1,0,0,1,1,0,0,0,1,0,0,0
13170,5,0,0,1,1,0,0,1,0,0,1,0,0,0,0,1,0,0
1080,1,0,0,1,1,0,0,0,1,0,1,0,0,0,1,0,0,0
6180,1,0,0,1,1,0,0,0,1,0,0,1,0,0,0,1,0,0
28270,5,3,2,1,0,1,0,0,1,0,1,0,0,0,1,0,0,0
10910,5,4,2,1,1,0,0,1,0,0,0,1,0,0,0,0,0,1
1090,4,1,0,1,1,0,0,1,0,0,0,1,0,0,0,1,0,0
890,1,0,0,1,1,0,0,0,1,0,0,1,0,0,1,0,0,0
29710,1,0,0,1,1,0,0,0,1,0,1,0,0,0,0,0,0,1
1140,1,0,0,1,1,0,0,1,0,0,0,1,0,0,0,0,0,1
640,4,2,2,1,1,0,0,1,0,0,1,0,0,0,1,0,0,0
700,4,2,0,1,1,0,0,1,0,0,1,0,0,0,0,1,0,0
14160,1,0,0,1,1,0,0,1,0,0,1,0,0,0,1,0,0,0
1100,5,0,0,1,1,0,0,0,1,0,1,0,0,0,0,1,0,0
21440,5,1,0,1,1,0,0,1,0,0,0,1,0,0,0,0,0,1
610,1,0,0,1,1,0,0,1,0,0,0,1,0,0,0,1,0,0
4060,3,1,0,1,1,0,0,1,0,0,0,0,1,0,0,0,0,1
650,5,2,1,1,1,0,0,1,0,0,0,1,0,0,0,1,0,0
2940,2,0,0,1,1,0,0,0,0,1,0,0,0,1,1,0,0,0
2150,1,0,0,1,1,0,0,0,0,1,1,0,0,0,1,0,0,0
1090,3,2,0,1,0,1,0,0,1,0,0,1,0,0,0,1,0,0
590,4,1,0,1,0,1,0,1,0,0,1,0,0,0,0,0,0,1
3370,5,2,1,1,1,0,0,0,0,1,1,0,0,0,1,0,0,0
610,1,0,0,1,0,1,0,1,0,0,1,0,0,0,1,0,0,0
720,3,1,0,1,1,0,0,1,0,0,0,1,0,0,1,0,0,0
4150,3,0,0,1,1,0,0,1,0,0,0,0,0,1,0,0,0,1
1860,3,1,0,1,1,0,0,1,0,0,0,1,0,0,0,0,1,0
1410,4,3,2,1,0,1,0,1,0,0,0,1,0,0,0,1,0,0
940,1,0,0,1,1,0,0,1,0,0,0,1,0,0,0,1,0,0
590,5,4,2,1,1,0,0,1,0,0,1,0,0,0,1,0,0,0
1150,3,1,1,1,1,0,0,1,0,0,0,1,0,0,0,1,0,0
1810,2,1,0,1,1,0,0,0,0,1,0,1,0,0,0,0,0,1
640,4,2,2,1,1,0,0,0,1,0,1,0,0,0,0,1,0,0
19960,5,2,2,1,1,0,0,1,0,0,0,1,0,0,0,0,1,0
1080,1,0,0,1,1,0,0,1,0,0,1,0,0,0,1,0,0,0
1640,1,0,0,1,1,0,0,0,1,0,0,1,0,0,0,0,0,1
27750,1,0,0,1,1,0,0,1,0,0,1,0,0,0,1,0,0,0
1850,1,0,0,1,1,0,0,1,0,0,1,0,0,0,0,0,0,1
2810,3,0,0,1,1,0,0,0,1,0,0,0,0,1,0,0,0,1
2200,5,3,2,1,1,0,0,0,1,0,0,1,0,0,0,1,0,0
1020,3,1,0,1,1,0,0,1,0,0,0,1,0,0,0,0,1,0
1710,1,0,0,1,1,0,0,0,0,1,0,1,0,0,0,1,0,0
1660,4,3,2,1,1,0,0,1,0,0,0,0,0,1,0,0,0,1
11960,3,0,0,1,1,0,0,1,0,0,0,1,0,0,0,1,0,0
820,4,2,0,1,1,0,0,1,0,0,0,0,0,1,0,1,0,0
610,1,0,0,1,1,0,0,1,0,0,1,0,0,0,0,0,0,1
1220,2,1,0,1,0,1,0,0,0,1,1,0,0,0,0,1,0,0
2500,1,0,0,1,0,1,0,1,0,0,0,0,0,1,0,1,0,0
580,5,2,2,1,1,0,0,0,0,1,1,0,0,0,1,0,0,0
13050,3,0,0,1,1,0,0,1,0,0,1,0,0,0,0,1,0,0
750,2,0,0,1,1,0,0,0,0,1,0,1,0,0,0,0,0,1
2180,1,0,0,1,1,0,0,1,0,0,0,1,0,0,0,0,0,1
1700,5,2,1,1,1,0,0,0,0,1,1,0,0,0,1,0,0,0
990,2,0,0,1,0,1,0,0,1,0,1,0,0,0,1,0,0,0
810,2,1,1,1,1,0,0,0,1,0,0,0,1,0,1,0,0,0
780,3,2,1,1,1,0,0,1,0,0,0,1,0,0,0,0,0,1
34030,4,0,0,1,1,0,0,1,0,0,1,0,0,0,1,0,0,0
2890,1,0,0,1,1,0,0,1,0,0,0,0,1,0,0,0,1,0
860,3,0,0,1,1,0,0,0,1,0,0,1,0,0,0,0,0,1
850,3,0,0,1,1,0,0,1,0,0,1,0,0,0,0,0,0,1
710,2,1,1,1,1,0,0,0,0,1,0,1,0,0,0,1,0,0
830,4,0,0,1,1,0,0,1,0,0,0,1,0,0,0,0,1,0
2630,5,2,1,1,0,0,1,1,0,0,0,1,0,0,0,1,0,0
11560,5,0,0,1,1,0,0,0,1,0,0,0,0,1,0,0,0,1
6450,3,2,1,1,1,0,0,1,0,0,0,0,1,0,0,0,1,0
4380,2,1,1,1,1,0,0,1,0,0,1,0,0,0,0,1,0,0
12400,4,0,0,1,1,0,0,0,0,1,0,0,0,1,0,0,0,1
590,3,1,0,1,1,0,0,1,0,0,1,0,0,0,0,1,0,0
1620,4,2,1,1,1,0,0,0,1,0,1,0,0,0,0,1,0,0
1230,2,0,0,1,1,0,0,0,1,0,1,0,0,0,1,0,0,0
15080,1,0,0,1,1,0,0,1,0,0,0,1,0,0,1,0,0,0
6390,1,0,0,1,1,0,0,0,1,0,0,1,0,0,0,1,0,0
1420,4,2,1,1,1,0,0,1,0,0,0,1,0,0,0,1,0,0
1920,2,0,0,1,1,0,0,0,0,1,0,0,0,1,0,0,0,1
780,2,0,0,1,1,0,0,1,0,0,0,1,0,0,0,1,0,0
590,2,0,0,1,1,0,0,0,0,1,0,0,0,1,0,0,0,1
2330,5,4,3,1,1,0,0,0,1,0,0,1,0,0,0,1,0,0
15680,1,0,0,1,1,0,0,0,0,1,0,1,0,0,0,1,0,0
4450,3,0,0,1,1,0,0,0,1,0,1,0,0,0,0,0,0,1
6840,4,1,0,1,1,0,0,0,0,1,1,0,0,0,0,0,0,1
2300,2,0,0,1,1,0,0,1,0,0,0,1,0,0,0,1,0,0
630,4,1,0,1,1,0,0,0,0,1,1,0,0,0,0,0,0,1
26130,5,1,0,1,1,0,0,0,1,0,1,0,0,0,0,0,0,1
37720,5,0,0,1,1,0,0,0,1,0,1,0,0,0,1,0,0,0
1320,5,1,1,1,1,0,0,1,0,0,0,1,0,0,0,0,1,0
17140,5,4,2,1,1,0,0,0,0,1,1,0,0,0,0,0,1,0
10490,3,1,1,1,1,0,0,0,0,1,1,0,0,0,0,1,0,0
2290,2,0,0,1,0,0,1,0,1,0,1,0,0,0,0,0,0,1
14030,3,2,0,1,1,0,0,1,0,0,0,1,0,0,0,0,0,1
790,2,0,0,1,1,0,0,0,1,0,0,1,0,0,0,0,0,1
760,1,0,0,1,1,0,0,1,0,0,1,0,0,0,1,0,0,0
3010,1,0,0,1,1,0,0,0,1,0,0,1,0,0,0,1,0,0
1030,3,0,0,1,1,0,0,0,1,0,1,0,0,0,1,0,0,0
6610,5,2,2,1,1,0,0,1,0,0,0,1,0,0,0,1,0,0
850,4,0,0,1,0,1,0,0,1,0,1,0,0,0,0,0,0,1
1250,2,1,0,1,0,0,1,0,0,1,0,1,0,0,0,1,0,0
2670,1,0,0,1,1,0,0,0,1,0,0,1,0,0,0,1,0,0
25590,3,2,1,1,1,0,0,1,0,0,1,0,0,0,1,0,0,0
630,3,1,0,1,1,0,0,0,1,0,0,0,0,1,0,0,0,1
6480,1,0,0,1,0,0,1,1,0,0,1,0,0,0,1,0,0,0
690,4,1,0,1,0,1,0,1,0,0,1,0,0,0,1,0,0,0
1090,1,0,0,1,1,0,0,0,1,0,1,0,0,0,1,0,0,0
5790,1,0,0,1,1,0,0,1,0,0,1,0,0,0,1,0,0,0
750,2,0,0,1,0,1,0,1,0,0,0,1,0,0,0,0,1,0
4570,3,1,0,1,0,1,0,1,0,0,1,0,0,0,0,1,0,0
25320,2,1,1,1,1,0,0,1,0,0,0,0,1,0,0,0,0,1
2020,2,0,0,1,1,0,0,0,0,1,1,0,0,0,1,0,0,0
1300,5,0,0,1,1,0,0,0,1,0,0,1,0,0,0,0,0,1
620,5,4,0,1,1,0,0,1,0,0,0,1,0,0,1,0,0,0
760,1,0,0,1,1,0,0,1,0,0,1,0,0,0,0,0,0,1
9820,3,2,1,1,1,0,0,0,0,1,1,0,0,0,1,0,0,0
670,1,0,0,1,1,0,0,0,1,0,0,1,0,0,0,1,0,0
39240,3,1,1,1,1,0,0,1,0,0,0,0,0,1,0,0,0,1
590,4,3,0,1,1,0,0,0,0,1,0,0,0,1,0,1,0,0
870,5,1,1,1,1,0,0,1,0,0,1,0,0,0,0,1,0,0
940,1,0,0,1,1,0,0,0,1,0,1,0,0,0,0,1,0,0
27000,2,0,0,1,1,0,0,1,0,0,0,1,0,0,0,1,0,0
840,1,0,0,1,1,0,0,1,0,0,1,0,0,0,1,0,0,0
30860,3,2,0,1,1,0,0,1,0,0,1,0,0,0,1,0,0,0
750,4,0,0,1,1,0,0,0,1,0,1,0,0,0,0,1,0,0
910,4,2,1,1,0,1,0,0,1,0,1,0,0,0,0,1,0,0
5280,2,1,0,1,1,0,0,1,0,0,1,0,0,0,0,0,1,0
1670,2,1,0,1,1,0,0,1,0,0,1,0,0,0,0,0,1,0
12910,5,3,0,1,1,0,0,1,0,0,0,0,1,0,1,0,0,0
31360,3,0,0,1,1,0,0,1,0,0,0,1,0,0,0,1,0,0
3590,4,0,0,1,1,0,0,0,1,0,1,0,0,0,0,0,0,1
910,4,0,0,1,1,0,0,1,0,0,0,1,0,0,1,0,0,0
22340,1,0,0,1,0,0,1,1,0,0,1,0,0,0,0,0,0,1
5610,2,1,1,1,1,0,0,0,1,0,0,1,0,0,0,1,0,0
720,5,3,3,1,1,0,0,0,1,0,0,1,0,0,0,1,0,0
7740,5,3,2,1,0,0,1,1,0,0,0,1,0,0,0,0,0,1
4400,5,4,1,1,1,0,0,1,0,0,0,1,0,0,0,1,0,0
16460,2,1,1,1,1,0,0,0,1,0,1,0,0,0,1,0,0,0
3890,4,3,2,1,1,0,0,1,0,0,0,1,0,0,0,0,0,1
5090,3,1,1,1,1,0,0,1,0,0,0,1,0,0,0,0,0,1
2850,1,0,0,1,1,0,0,1,0,0,1,0,0,0,0,0,0,1
640,5,1,1,1,1,0,0,1,0,0,0,0,0,1,0,0,0,1
850,1,0,0,1,0,1,0,1,0,0,0,1,0,0,0,1,0,0
15720,1,0,0,1,1,0,0,1,0,0,1,0,0,0,1,0,0,0
860,3,2,2,1,1,0,0,1,0,0,0,0,1,0,0,1,0,0
2230,2,0,0,1,1,0,0,1,0,0,0,1,0,0,0,1,0,0
810,1,0,0,1,1,0,0,0,0,1,1,0,0,0,0,1,0,0
32970,5,1,0,1,1,0,0,0,0,1,1,0,0,0,0,0,1,0
17540,2,0,0,1,1,0,0,0,0,1,1,0,0,0,1,0,0,0
680,4,0,0,1,0,1,0,1,0,0,0,1,0,0,0,1,0,0
2920,3,2,0,1,1,0,0,0,0,1,1,0,0,0,1,0,0,0
19920,1,0,0,1,0,0,1,0,1,0,0,1,0,0,0,0,0,1
1090,2,0,0,1,1,0,0,0,1,0,1,0,0,0,0,0,1,0
8970,2,1,0,1,1,0,0,0,0,1,1,0,0,0,1,0,0,0
12910,5,0,0,1,1,0,0,0,1,0,0,1,0,0,0,0,0,1
1710,2,1,0,1,1,0,0,1,0,0,1,0,0,0,0,1,0,0
38320,4,1,0,1,0,1,0,0,0,1,1,0,0,0,1,0,0,0
31670,3,2,1,1,1,0,0,0,1,0,1,0,0,0,1,0,0,0
820,4,0,0,1,1,0,0,1,0,0,0,0,1,0,0,0,1,0
920,1,0,0,1,1,0,0,0,1,0,0,1,0,0,0,0,1,0
1590,2,1,0,1,0,0,1,1,0,0,0,1,0,0,0,1,0,0
22590,3,2,0,1,1,0,0,1,0,0,0,1,0,0,0,1,0,0
1170,3,2,0,1,1,0,0,1,0,0,1,0,0,0,0,1,0,0
11010,4,0,0,1,1,0,0,1,0,0,1,0,0,0,1,0,0,0
2910,5,0,0,1,0,1,0,0,1,0,1,0,0,0,0,0,1,0
17290,2,0,0,1,1,0,0,0,1,0,1,0,0,0,1,0,0,0
29020,4,3,1,1,0,1,0,1,0,0,0,0,0,1,0,0,0,1
14330,1,0,0,1,1,0,0,1,0,0,1,0,0,0,0,0,1,0
22510,2,1,1,1,1,0,0,0,1,0,0,0,1,0,0,0,1,0
3150,5,0,0,1,1,0,0,1,0,0,1,0,0,0,1,0,0,0
2220,3,0,0,1,0,0,1,0,0,1,0,1,0,0,0,1,0,0
730,4,0,0,1,1,0,0,0,1,0,1,0,0,0,1,0,0,0
620,4,3,1,1,1,0,0,0,1,0,1,0,0,0,1,0,0,0
610,3,1,1,1,0,1,0,1,0,0,0,1,0,0,0,1,0,0
840,3,0,0,1,1,0,0,1,0,0,0,1,0,0,0,1,0,0
5460,3,1,1,1,1,0,0,1,0,0,1,0,0,0,1,0,0,0
1460,3,1,0,1,1,0,0,1,0,0,0,0,1,0,0,0,1,0
950,4,0,0,1,1,0,0,0,0,1,0,1,0,0,0,1,0,0
1540,1,0,0,1,1,0,0,0,0,1,1,0,0,0,0,0,1,0
590,3,0,0,1,1,0,0,0,1,0,1,0,0,0,1,0,0,0
940,5,0,0,1,1,0,0,1,0,0,0,1,0,0,1,0,0,0
3560,3,2,2,1,1,0,0,1,0,0,1,0,0,0,0,0,0,1
14280,3,1,1,1,1,0,0,0,1,0,1,0,0,0,0,1,0,0
630,3,0,0,1,1,0,0,1,0,0,0,0,0,1,1,0,0,0
2670,2,1,0,1,1,0,0,0,1,0,1,0,0,0,1,0,0,0
600,5,4,3,1,1,0,0,0,1,0,0,0,0,1,0,0,0,1
32020,5,3,1,1,1,0,0,0,0,1,0,1,0,0,0,1,0,0
3350,5,2,1,1,1,0,0,1,0,0,1,0,0,0,1,0,0,0
840,1,0,0,1,1,0,0,0,1,0,0,0,0,1,0,0,0,1
1520,1,0,0,1,1,0,0,1,0,0,0,1,0,0,1,0,0,0
15210,3,2,0,1,1,0,0,0,1,0,0,1,0,0,1,0,0,0
1010,4,1,1,1,1,0,0,0,0,1,0,0,1,0,0,0,1,0
730,1,0,0,1,1,0,0,0,1,0,1,0,0,0,0,0,0,1
1360,4,2,2,1,0,0,1,0,1,0,1,0,0,0,1,0,0,0
18870,3,2,0,1,0,0,1,1,0,0,1,0,0,0,0,0,0,1
2970,5,0,0,1,0,1,0,0,0,1,0,0,0,1,0,1,0,0
720,2,1,0,1,1,0,0,1,0,0,0,1,0,0,0,0,1,0
3810,3,2,1,1,1,0,0,0,1,0,0,0,0,1,0,1,0,0
750,4,0,0,1,1,0,0,1,0,0,1,0,0,0,1,0,0,0
1690,3,2,2,1,1,0,0,1,0,0,1,0,0,0,0,0,0,1
1150,2,1,0,1,1,0,0,1,0,0,0,1,0,0,0,1,0,0
10010,5,2,1,1,0,1,0,1,0,0,0,0,0,1,0,0,0,1
2540,1,0,0,1,1,0,0,1,0,0,0,1,0,0,0,1,0,0
3070,3,1,0,1,1,0,0,0,1,0,1,0,0,0,0,1,0,0
1580,5,4,1,1,1,0,0,1,0,0,0,1,0,0,0,1,0,0
3620,5,3,1,1,1,0,0,1,0,0,0,1,0,0,0,1,0,0
15720,1,0,0,1,1,0,0,0,1,0,1,0,0,0,1,0,0,0
1780,4,0,0,1,0,1,0,1,0,0,0,0,0,1,0,0,0,1
610,1,0,0,1,0,1,0,1,0,0,0,1,0,0,0,0,0,1
810,5,1,1,1,0,1,0,0,1,0,0,0,0,1,0,1,0,0
620,2,1,0,1,1,0,0,0,1,0,1,0,0,0,1,0,0,0
6330,3,0,0,1,1,0,0,1,0,0,1,0,0,0,1,0,0,0
1490,1,0,0,1,1,0,0,0,1,0,0,0,1,0,0,0,1,0
5300,2,0,0,1,1,0,0,0,0,1,0,1,0,0,0,1,0,0
4070,1,0,0,1,1,0,0,0,0,1,1,0,0,0,1,0,0,0
810,1,0,0,1,0,1,0,1,0,0,1,0,0,0,0,1,0,0
9110,2,1,0,1,1,0,0,0,0,1,1,0,0,0,1,0,0,0
3450,5,3,0,1,1,0,0,1,0,0,0,0,0,1,1,0,0,0
8780,5,3,2,1,1,0,0,0,0,1,0,1,0,0,0,1,0,0
920,5,3,1,1,1,0,0,0,1,0,1,0,0,0,1,0,0,0
590,4,3,1,1,1,0,0,0,1,0,1,0,0,0,0,0,0,1
12880,3,2,1,1,1,0,0,0,1,0,0,0,1,0,1,0,0,0
2410,1,0,0,1,1,0,0,0,1,0,0,1,0,0,0,1,0,0
1290,5,0,0,1,1,0,0,0,0,1,0,1,0,0,0,1,0,0
30760,4,3,1,1,1,0,0,1,0,0,1,0,0,0,1,0,0,0
30190,3,2,0,1,0,1,0,0,1,0,1,0,0,0,1,0,0,0
32470,3,2,2,1,1,0,0,1,0,0,1,0,0,0,1,0,0,0
11270,4,2,0,1,1,0,0,1,0,0,0,0,0,1,0,0,0,1
4240,4,0,0,1,1,0,0,0,0,1,1,0,0,0,1,0,0,0
4350,2,0,0,1,0,1,0,0,0,1,0,0,0,1,0,0,0,1
3560,4,0,0,1,1,0,0,0,0,1,0,0,0,1,0,0,0,1
870,4,2,2,1,1,0,0,1,0,0,1,0,0,0,0,0,0,1
890,5,4,4,1,1,0,0,0,0,1,1,0,0,0,0,0,0,1
5120,4,2,2,1,1,0,0,0,0,1,0,1,0,0,0,1,0,0
600,1,0,0,1,1,0,0,1,0,0,0,0,0,1,0,0,0,1
6430,2,0,0,1,1,0,0,1,0,0,1,0,0,0,0,0,0,1
2020,4,0,0,1,0,0,1,1,0,0,1,0,0,0,0,0,0,1
5050,4,3,3,1,1,0,0,0,0,1,0,1,0,0,0,0,0,1
4860,3,1,0,1,1,0,0,1,0,0,0,1,0,0,0,1,0,0
640,4,1,1,1,1,0,0,0,1,0,1,0,0,0,1,0,0,0
17940,1,0,0,1,1,0,0,1,0,0,0,0,1,0,0,0,1,0
1420,5,2,2,1,1,0,0,0,1,0,0,1,0,0,0,0,0,1
9380,3,0,0,1,1,0,0,0,1,0,1,0,0,0,0,0,1,0
2370,1,0,0,1,1,0,0,0,0,1,1,0,0,0,0,0,0,1
6080,3,2,1,1,1,0,0,0,0,1,0,1,0,0,0,0,0,1
3500,5,3,3,1,1,0,0,1,0,0,0,0,0,1,0,0,1,0
580,4,1,1,1,1,0,0,0,1,0,1,0,0,0,1,0,0,0
10650,3,1,1,1,1,0,0,0,1,0,0,1,0,0,0,1,0,0
12340,3,0,0,1,1,0,0,0,1,0,0,1,0,0,0,1,0,0
650,4,2,1,1,0,1,0,0,1,0,1,0,0,0,1,0,0,0
13940,3,2,1,1,1,0,0,0,0,1,0,1,0,0,0,0,0,1
27790,4,3,0,1,1,0,0,1,0,0,0,1,0,0,0,0,0,1
720,2,0,0,1,1,0,0,1,0,0,0,0,1,0,0,0,1,0
5020,3,1,1,1,0,1,0,1,0,0,0,1,0,0,1,0,0,0
10540,4,2,1,1,1,0,0,1,0,0,1,0,0,0,0,0,0,1
13580,3,0,0,1,0,0,1,1,0,0,1,0,0,0,1,0,0,0
25420,5,0,0,1,1,0,0,1,0,0,1,0,0,0,0,1,0,0
6140,4,0,0,1,1,0,0,1,0,0,1,0,0,0,1,0,0,0
9860,5,1,1,1,1,0,0,1,0,0,0,1,0,0,0,1,0,0
1110,3,2,0,1,1,0,0,0,1,0,0,0,0,1,0,0,0,1
1010,5,2,1,1,1,0,0,1,0,0,0,1,0,0,0,1,0,0
740,4,0,0,1,0,1,0,1,0,0,1,0,0,0,1,0,0,0
37560,4,0,0,1,1,0,0,1,0,0,0,0,0,1,0,0,0,1
2120,5,2,1,1,1,0,0,1,0,0,1,0,0,0,0,0,0,1
610,5,0,0,1,1,0,0,1,0,0,0,1,0,0,0,1,0,0
37750,4,1,0,1,1,0,0,0,1,0,1,0,0,0,1,0,0,0
29180,2,0,0,1,1,0,0,0,0,1,0,0,1,0,0,1,0,0
1350,5,1,1,1,1,0,0,1,0,0,1,0,0,0,0,1,0,0
7570,1,0,0,1,0,1,0,0,1,0,1,0,0,0,1,0,0,0
35940,5,4,1,1,1,0,0,0,1,0,1,0,0,0,1,0,0,0
590,1,0,0,1,0,1,0,0,1,0,0,1,0,0,0,1,0,0
15960,3,2,1,1,1,0,0,1,0,0,1,0,0,0,0,1,0,0
710,4,3,0,1,0,0,1,0,1,0,0,0,0,1,0,0,1,0
790,1,0,0,1,1,0,0,1,0,0,1,0,0,0,1,0,0,0
660,1,0,0,1,1,0,0,0,1,0,0,0,0,1,1,0,0,0
7840,1,0,0,1,1,0,0,1,0,0,0,1,0,0,0,1,0,0
1430,4,0,0,1,0,0,1,0,1,0,1,0,0,0,0,0,0,1
37860,5,2,1,1,1,0,0,0,1,0,0,1,0,0,0,1,0,0
3430,3,0,0,1,0,0,1,0,1,0,1,0,0,0,1,0,0,0
750,3,2,0,1,0,1,0,0,0,1,1,0,0,0,0,0,1,0
600,2,1,1,1,0,1,0,1,0,0,0,0,0,1,0,1,0,0
730,1,0,0,1,1,0,0,0,1,0,0,1,0,0,0,1,0,0
1160,4,2,1,1,1,0,0,1,0,0,1,0,0,0,1,0,0,0
4730,3,2,2,1,1,0,0,0,0,1,0,1,0,0,0,1,0,0
3370,2,1,1,1,1,0,0,1,0,0,1,0,0,0,0,1,0,0
870,2,0,0,1,1,0,0,0,0,1,1,0,0,0,1,0,0,0
2410,2,0,0,1,1,0,0,0,1,0,1,0,0,0,1,0,0,0
1360,1,0,0,1,0,1,0,0,1,0,1,0,0,0,0,1,0,0
4810,5,2,1,1,1,0,0,1,0,0,0,1,0,0,1,0,0,0
650,5,0,0,1,0,0,1,0,0,1,1,0,0,0,1,0,0,0
670,5,3,3,1,1,0,0,1,0,0,0,1,0,0,0,0,0,1
1050,2,1,0,1,1,0,0,0,0,1,0,1,0,0,0,1,0,0
3840,4,1,0,1,0,0,1,0,1,0,1,0,0,0,1,0,0,0
1740,5,2,0,1,1,0,0,0,1,0,0,1,0,0,1,0,0,0
1130,2,0,0,1,1,0,0,0,0,1,0,0,0,1,1,0,0,0
610,4,1,0,1,1,0,0,0,1,0,1,0,0,0,1,0,0,0
21980,2,1,0,1,1,0,0,0,1,0,0,1,0,0,0,1,0,0
8840,4,0,0,1,1,0,0,1,0,0,1,0,0,0,1,0,0,0
2050,3,2,1,1,1,0,0,1,0,0,0,0,1,0,0,0,1,0
4830,1,0,0,1,1,0,0,1,0,0,0,1,0,0,0,1,0,0
5000,1,0,0,1,1,0,0,1,0,0,0,0,1,0,0,0,1,0
1450,1,0,0,1,0,0,1,0,1,0,1,0,0,0,1,0,0,0
8740,3,0,0,1,0,1,0,0,1,0,1,0,0,0,1,0,0,0
700,2,1,0,1,1,0,0,1,0,0,1,0,0,0,1,0,0,0
610,4,1,0,1,1,0,0,1,0,0,0,1,0,0,0,0,1,0
2400,1,0,0,1,1,0,0,1,0,0,0,1,0,0,0,1,0,0
3970,3,2,1,1,1,0,0,0,0,1,0,1,0,0,0,0,0,1
850,2,0,0,1,1,0,0,0,1,0,0,0,0,1,0,0,0,1
600,4,2,2,1,0,1,0,1,0,0,1,0,0,0,1,0,0,0
9160,2,0,0,1,1,0,0,0,1,0,1,0,0,0,0,1,0,0
2610,3,2,2,1,0,1,0,1,0,0,0,0,1,0,0,0,0,1
840,1,0,0,1,1,0,0,0,1,0,1,0,0,0,1,0,0,0
1280,1,0,0,1,1,0,0,0,0,1,0,0,0,1,0,0,1,0
850,4,2,0,1,1,0,0,0,1,0,0,1,0,0,0,0,0,1
2190,1,0,0,1,1,0,0,0,1,0,1,0,0,0,0,1,0,0
1260,3,1,1,1,1,0,0,0,1,0,0,0,1,0,0,0,1,0
8080,2,0,0,1,1,0,0,0,1,0,0,1,0,0,0,0,0,1
34210,3,0,0,1,1,0,0,1,0,0,0,1,0,0,0,0,0,1
1690,5,3,1,1,1,0,0,1,0,0,0,0,0,1,1,0,0,0
590,5,3,3,1,0,0,1,0,0,1,0,1,0,0,0,0,0,1
770,2,1,1,1,1,0,0,1,0,0,1,0,0,0,0,1,0,0
1510,3,2,1,1,1,0,0,1,0,0,1,0,0,0,0,0,1,0
2870,5,1,0,1,1,0,0,1,0,0,0,0,0,1,0,0,0,1
1630,3,1,0,1,0,1,0,0,1,0,1,0,0,0,1,0,0,0
910,4,1,1,1,1,0,0,1,0,0,1,0,0,0,0,1,0,0
7960,4,3,3,1,1,0,0,0,1,0,1,0,0,0,1,0,0,0
3950,1,0,0,1,1,0,0,1,0,0,1,0,0,0,1,0,0,0
20830,5,1,0,1,1,0,0,0,0,1,0,1,0,0,0,1,0,0
2410,1,0,0,1,1,0,0,1,0,0,1,0,0,0,0,1,0,0
1690,4,3,2,1,1,0,0,0,0,1,1,0,0,0,1,0,0,0
34610,1,0,0,1,0,1,0,1,0,0,1,0,0,0,0,0,0,1
1500,2,0,0,1,1,0,0,0,0,1,1,0,0,0,1,0,0,0
880,1,0,0,1,1,0,0,1,0,0,0,1,0,0,1,0,0,0
24570,1,0,0,1,1,0,0,1,0,0,1,0,0,0,1,0,0,0
17390,1,0,0,1,1,0,0,1,0,0,1,0,0,0,0,1,0,0
2780,2,1,1,1,1,0,0,1,0,0,0,1,0,0,0,1,0,0
17190,4,2,2,1,1,0,0,0,1,0,0,1,0,0,0,0,0,1
4740,2,0,0,1,0,1,0,1,0,0,1,0,0,0,1,0,0,0
1120,2,1,1,1,0,1,0,1,0,0,0,1,0,0,0,0,1,0
1080,1,0,0,1,1,0,0,1,0,0,1,0,0,0,0,1,0,0
770,1,0,0,1,1,0,0,1,0,0,0,1,0,0,0,0,0,1
14170,3,1,0,1,1,0,0,0,1,0,1,0,0,0,1,0,0,0
4910,2,1,0,1,1,0,0,1,0,0,0,1,0,0,0,0,1,0
1640,2,1,1,1,1,0,0,1,0,0,1,0,0,0,0,1,0,0
16480,3,2,2,1,0,1,0,1,0,0,0,0,1,0,1,0,0,0
610,1,0,0,1,0,1,0,0,0,1,1,0,0,0,1,0,0,0
33450,5,4,2,1,0,1,0,1,0,0,0,0,1,0,0,0,1,0
590,3,1,1,1,0,1,0,1,0,0,0,0,1,0,1,0,0,0
3790,2,1,1,1,1,0,0,1,0,0,0,0,0,1,0,0,0,1
1430,1,0,0,1,0,0,1,0,1,0,0,0,1,0,0,0,1,0
9480,2,0,0,1,1,0,0,1,0,0,1,0,0,0,1,0,0,0
4830,3,1,0,1,1,0,0,0,1,0,1,0,0,0,1,0,0,0
650,2,1,0,1,1,0,0,1,0,0,1,0,0,0,1,0,0,0
3160,4,0,0,1,0,0,1,0,1,0,1,0,0,0,0,0,0,1
620,4,0,0,1,1,0,0,0,0,1,1,0,0,0,1,0,0,0
6040,4,1,0,1,1,0,0,0,1,0,0,0,1,0,0,0,1,0
1190,1,0,0,1,1,0,0,0,1,0,0,1,0,0,0,0,1,0
600,3,1,1,1,1,0,0,1,0,0,0,1,0,0,0,1,0,0
610,4,3,1,1,1,0,0,1,0,0,1,0,0,0,0,0,0,1
15940,5,3,2,1,1,0,0,0,1,0,0,1,0,0,0,0,1,0
810,3,1,1,1,1,0,0,0,1,0,0,1,0,0,0,1,0,0
590,4,1,0,1,1,0,0,1,0,0,0,1,0,0,0,0,0,1
22670,5,4,0,1,1,0,0,0,0,1,0,1,0,0,0,1,0,0
5920,1,0,0,1,1,0,0,0,1,0,0,1,0,0,0,1,0,0
700,4,0,0,1,1,0,0,0,0,1,1,0,0,0,1,0,0,0
2780,3,1,0,1,1,0,0,0,1,0,1,0,0,0,0,1,0,0
15510,3,0,0,1,1,0,0,0,1,0,0,0,1,0,0,0,1,0
2660,5,1,0,1,1,0,0,0,1,0,0,1,0,0,0,1,0,0
980,2,1,1,1,1,0,0,1,0,0,0,1,0,0,0,1,0,0
3940,4,3,0,1,1,0,0,0,1,0,0,1,0,0,0,0,0,1
20350,2,1,1,1,1,0,0,1,0,0,0,1,0,0,0,0,1,0
3960,4,1,0,1,1,0,0,0,1,0,1,0,0,0,1,0,0,0
16010,1,0,0,1,1,0,0,0,1,0,1,0,0,0,0,1,0,0
11310,5,0,0,1,1,0,0,1,0,0,1,0,0,0,1,0,0,0
5990,2,1,0,1,1,0,0,1,0,0,0,1,0,0,0,1,0,0
33400,2,0,0,1,1,0,0,1,0,0,0,0,1,0,0,0,1,0
900,3,0,0,1,1,0,0,1,0,0,1,0,0,0,1,0,0,0
8870,1,0,0,1,1,0,0,1,0,0,0,1,0,0,0,1,0,0
22420,4,1,0,1,1,0,0,0,0,1,0,0,0,1,0,0,0,1
26900,3,1,1,1,1,0,0,1,0,0,0,0,0,1,1,0,0,0
22310,3,1,0,1,1,0,0,1,0,0,0,0,0,1,1,0,0,0
6580,1,0,0,1,1,0,0,1,0,0,1,0,0,0,0,1,0,0
1100,5,4,3,1,1,0,0,0,0,1,1,0,0,0,0,0,1,0
13320,2,1,0,1,0,1,0,0,0,1,1,0,0,0,0,1,0,0
1530,4,2,0,1,1,0,0,0,1,0,1,0,0,0,0,0,0,1
4840,3,1,0,1,1,0,0,0,1,0,0,0,0,1,0,0,0,1
890,3,1,0,1,1,0,0,0,1,0,0,0,1,0,0,0,0,1
8060,1,0,0,1,1,0,0,0,0,1,0,0,0,1,0,1,0,0
1950,5,3,0,1,1,0,0,0,1,0,1,0,0,0,1,0,0,0
6870,5,4,1,1,1,0,0,0,1,0,0,1,0,0,0,1,0,0
800,4,3,0,1,1,0,0,0,1,0,1,0,0,0,0,1,0,0
650,3,1,0,1,1,0,0,1,0,0,0,1,0,0,0,1,0,0
36430,5,3,1,1,1,0,0,0,0,1,0,0,0,1,0,1,0,0
2830,3,2,0,1,1,0,0,0,1,0,1,0,0,0,1,0,0,0
650,5,0,0,1,1,0,0,0,0,1,0,1,0,0,0,1,0,0
580,1,0,0,1,1,0,0,1,0,0,0,1,0,0,0,0,1,0
2290,5,4,1,1,1,0,0,0,0,1,0,1,0,0,1,0,0,0
13840,5,4,3,1,1,0,0,0,0,1,1,0,0,0,0,0,0,1
2230,2,1,1,1,1,0,0,1,0,0,1,0,0,0,1,0,0,0
650,2,1,0,1,1,0,0,1,0,0,1,0,0,0,1,0,0,0
27000,4,3,1,1,0,0,1,1,0,0,1,0,0,0,1,0,0,0
1180,5,1,0,1,1,0,0,1,0,0,0,1,0,0,0,0,0,1
13780,2,1,1,1,1,0,0,0,1,0,1,0,0,0,1,0,0,0
670,5,2,1,1,1,0,0,1,0,0,1,0,0,0,1,0,0,0
670,1,0,0,1,1,0,0,0,1,0,0,1,0,0,0,1,0,0
16520,3,0,0,1,1,0,0,0,1,0,1,0,0,0,0,1,0,0
1110,4,1,1,1,1,0,0,0,1,0,1,0,0,0,1,0,0,0
3190,4,0,0,1,0,0,1,1,0,0,0,1,0,0,1,0,0,0
17990,2,0,0,1,1,0,0,0,0,1,1,0,0,0,0,1,0,0
2510,1,0,0,1,1,0,0,1,0,0,0,0,1,0,0,0,0,1
22600,2,1,1,1,0,1,0,1,0,0,0,1,0,0,0,1,0,0
740,1,0,0,1,1,0,0,1,0,0,1,0,0,0,0,0,1,0
5100,3,2,0,1,1,0,0,1,0,0,1,0,0,0,1,0,0,0
1380,4,2,0,1,1,0,0,0,0,1,1,0,0,0,1,0,0,0
14600,1,0,0,1,1,0,0,0,0,1,1,0,0,0,0,0,0,1
650,2,0,0,1,1,0,0,1,0,0,1,0,0,0,1,0,0,0
1030,1,0,0,1,1,0,0,1,0,0,0,0,1,0,1,0,0,0
1410,2,0,0,1,1,0,0,1,0,0,1,0,0,0,1,0,0,0
10700,5,2,0,1,1,0,0,1,0,0,0,1,0,0,0,0,0,1
590,1,0,0,1,1,0,0,1,0,0,1,0,0,0,1,0,0,0
5950,1,0,0,1,1,0,0,0,1,0,0,0,0,1,0,1,0,0
1110,4,2,2,1,1,0,0,0,1,0,0,1,0,0,0,1,0,0
700,2,0,0,1,1,0,0,1,0,0,1,0,0,0,0,0,0,1
730,4,0,0,1,1,0,0,1,0,0,1,0,0,0,0,0,1,0
640,5,2,0,1,0,0,1,1,0,0,1,0,0,0,1,0,0,0
720,4,3,0,1,1,0,0,1,0,0,1,0,0,0,1,0,0,0
740,2,0,0,1,1,0,0,1,0,0,1,0,0,0,1,0,0,0
6810,2,1,1,1,1,0,0,0,0,1,1,0,0,0,1,0,0,0
2590,4,3,3,1,0,1,0,0,1,0,0,0,1,0,0,0,1,0
3780,5,1,1,1,1,0,0,0,1,0,0,0,0,1,0,0,1,0
28830,1,0,0,1,1,0,0,1,0,0,1,0,0,0,1,0,0,0
670,4,1,1,1,1,0,0,0,0,1,0,0,0,1,0,1,0,0
800,2,0,0,1,1,0,0,0,1,0,1,0,0,0,0,0,1,0
600,3,0,0,1,1,0,0,0,1,0,0,1,0,0,0,1,0,0
760,1,0,0,1,1,0,0,0,1,0,1,0,0,0,1,0,0,0
2020,5,1,1,1,0,1,0,0,1,0,1,0,0,0,0,0,0,1
21770,4,0,0,1,0,1,0,0,1,0,1,0,0,0,0,1,0,0
740,5,2,2,1,1,0,0,1,0,0,1,0,0,0,1,0,0,0
900,1,0,0,1,1,0,0,1,0,0,0,0,0,1,0,1,0,0
600,2,0,0,1,1,0,0,0,1,0,1,0,0,0,1,0,0,0
670,5,2,1,1,1,0,0,0,1,0,0,1,0,0,0,0,0,1
5100,2,1,0,1,1,0,0,1,0,0,1,0,0,0,0,1,0,0
6050,3,1,1,1,1,0,0,1,0,0,0,1,0,0,1,0,0,0
4510,2,0,0,1,1,0,0,1,0,0,1,0,0,0,1,0,0,0
980,3,0,0,1,1,0,0,0,1,0,1,0,0,0,1,0,0,0
950,5,3,0,1,1,0,0,0,1,0,0,0,1,0,0,0,1,0
970,2,1,0,1,1,0,0,1,0,0,1,0,0,0,1,0,0,0
2090,4,1,0,1,1,0,0,0,1,0,1,0,0,0,1,0,0,0
25440,1,0,0,1,1,0,0,0,1,0,1,0,0,0,0,0,0,1
740,3,1,0,1,1,0,0,1,0,0,1,0,0,0,1,0,0,0
760,5,0,0,1,1,0,0,0,0,1,0,0,1,0,0,0,1,0
1960,1,0,0,1,1,0,0,1,0,0,0,1,0,0,0,0,0,1
8820,4,3,1,1,1,0,0,1,0,0,1,0,0,0,0,0,0,1
35440,1,0,0,1,1,0,0,1,0,0,1,0,0,0,0,0,0,1
14640,5,1,0,1,1,0,0,1,0,0,1,0,0,0,1,0,0,0
38000,3,0,0,1,0,0,1,0,0,1,0,1,0,0,0,0,1,0
19150,5,3,2,1,1,0,0,0,1,0,0,0,0,1,0,0,0,1
2780,5,0,0,1,0,0,1,0,0,1,1,0,0,0,0,0,0,1
1690,2,1,0,1,1,0,0,1,0,0,1,0,0,0,0,0,0,1
24890,5,3,3,1,1,0,0,0,1,0,0,0,1,0,0,1,0,0
1080,4,1,0,1,1,0,0,0,1,0,0,1,0,0,0,0,1,0
1650,4,1,1,1,1,0,0,1,0,0,0,1,0,0,0,1,0,0
7020,3,1,0,1,1,0,0,0,1,0,0,1,0,0,0,0,1,0
2160,2,0,0,1,1,0,0,0,0,1,1,0,0,0,0,0,0,1
3870,4,2,1,1,1,0,0,1,0,0,0,1,0,0,0,1,0,0
580,5,1,0,1,0,1,0,1,0,0,0,0,1,0,0,0,1,0
32920,2,1,1,1,1,0,0,1,0,0,0,1,0,0,0,1,0,0
14030,5,3,2,1,1,0,0,0,1,0,0,0,0,1,0,0,0,1
25810,5,4,2,1,1,0,0,1,0,0,0,1,0,0,0,0,1,0
3020,4,3,2,1,1,0,0,1,0,0,0,0,0,1,0,0,1,0
28130,5,0,0,1,1,0,0,1,0,0,0,1,0,0,0,1,0,0
29250,5,2,0,1,1,0,0,1,0,0,1,0,0,0,1,0,0,0
1090,1,0,0,1,1,0,0,0,0,1,1,0,0,0,1,0,0,0
15190,2,1,0,1,1,0,0,1,0,0,0,1,0,0,0,1,0,0
13900,1,0,0,1,1,0,0,0,0,1,0,1,0,0,0,1,0,0
1120,2,1,1,1,1,0,0,1,0,0,0,0,0,1,0,0,0,1
7050,3,1,0,1,1,0,0,1,0,0,1,0,0,0,1,0,0,0
1120,3,2,0,1,1,0,0,0,1,0,1,0,0,0,1,0,0,0
16980,3,2,0,1,1,0,0,0,1,0,0,0,0,1,0,0,0,1
870,1,0,0,1,1,0,0,0,1,0,0,0,1,0,1,0,0,0
690,5,0,0,1,1,0,0,1,0,0,1,0,0,0,1,0,0,0
900,1,0,0,1,1,0,0,1,0,0,0,1,0,0,0,1,0,0
720,4,1,0,1,1,0,0,0,1,0,1,0,0,0,0,0,0,1
2780,1,0,0,1,1,0,0,1,0,0,0,1,0,0,0,1,0,0
690,1,0,0,1,1,0,0,1,0,0,1,0,0,0,1,0,0,0
39160,2,1,0,1,1,0,0,0,1,0,1,0,0,0,0,0,0,1
9400,4,3,1,1,1,0,0,0,1,0,1,0,0,0,0,1,0,0
710,5,0,0,1,1,0,0,1,0,0,1,0,0,0,0,0,0,1
770,1,0,0,1,1,0,0,1,0,0,1,0,0,0,1,0,0,0
3390,2,0,0,1,1,0,0,1,0,0,1,0,0,0,1,0,0,0
7180,1,0,0,1,0,1,0,1,0,0,0,0,1,0,0,0,1,0
2360,3,2,2,1,1,0,0,1,0,0,0,1,0,0,0,1,0,0
5810,5,1,1,1,1,0,0,0,0,1,1,0,0,0,1,0,0,0
5920,5,3,1,1,0,1,0,0,0,1,0,0,0,1,0,0,0,1
2120,4,3,3,1,0,1,0,1,0,0,0,1,0,0,1,0,0,0
710,5,3,3,1,0,1,0,1,0,0,1,0,0,0,1,0,0,0
2770,5,3,3,1,1,0,0,0,1,0,0,1,0,0,0,1,0,0
1850,3,1,0,1,1,0,0,0,0,1,0,1,0,0,0,1,0,0
710,1,0,0,1,1,0,0,0,1,0,1,0,0,0,0,1,0,0
750,4,3,1,1,0,1,0,0,0,1,1,0,0,0,0,0,0,1
36340,1,0,0,1,1,0,0,1,0,0,1,0,0,0,1,0,0,0
4500,4,2,1,1,1,0,0,0,0,1,1,0,0,0,1,0,0,0
5130,1,0,0,1,1,0,0,1,0,0,1,0,0,0,0,0,0,1
1800,3,2,0,1,1,0,0,1,0,0,0,0,0,1,0,0,0,1
37230,1,0,0,1,0,1,0,1,0,0,0,0,0,1,0,0,0,1
810,3,1,0,1,1,0,0,0,0,1,1,0,0,0,0,1,0,0
6410,2,1,1,1,0,1,0,0,0,1,1,0,0,0,1,0,0,0
37010,3,1,1,1,1,0,0,1,0,0,0,1,0,0,0,1,0,0
17680,4,3,1,1,1,0,0,1,0,0,1,0,0,0,0,0,0,1
720,5,1,1,1,1,0,0,0,1,0,0,1,0,0,0,1,0,0
930,5,2,1,1,1,0,0,0,1,0,1,0,0,0,0,1,0,0
2060,4,1,1,1,1,0,0,1,0,0,0,0,0,1,0,0,0,1
13700,1,0,0,1,1,0,0,1,0,0,0,1,0,0,0,0,0,1
660,5,3,2,1,1,0,0,1,0,0,1,0,0,0,0,1,0,0
1280,2,1,1,1,1,0,0,0,0,1,0,0,0,1,0,0,1,0
13670,2,1,0,1,1,0,0,0,0,1,1,0,0,0,1,0,0,0
600,1,0,0,1,1,0,0,0,1,0,0,1,0,0,0,0,0,1
18700,5,4,3,1,1,0,0,1,0,0,1,0,0,0,1,0,0,0
33500,4,3,3,1,1,0,0,0,1,0,0,1,0,0,0,0,0,1
3410,2,1,1,1,1,0,0,1,0,0,1,0,0,0,1,0,0,0
1850,3,2,1,1,1,0,0,1,0,0,0,1,0,0,0,0,0,1
1470,2,0,0,1,1,0,0,1,0,0,1,0,0,0,1,0,0,0
1730,5,2,1,1,1,0,0,1,0,0,1,0,0,0,0,1,0,0
1490,5,0,0,1,1,0,0,0,0,1,0,1,0,0,0,0,0,1
15350,5,1,0,1,1,0,0,0,1,0,1,0,0,0,0,0,1,0
4640,2,0,0,1,1,0,0,1,0,0,0,1,0,0,0,1,0,0
9240,4,0,0,1,1,0,0,0,1,0,0,1,0,0,0,0,0,1
3900,5,3,1,1,1,0,0,0,1,0,0,1,0,0,0,0,0,1
830,3,2,0,1,1,0,0,1,0,0,1,0,0,0,1,0,0,0
2350,1,0,0,1,1,0,0,0,0,1,1,0,0,0,1,0,0,0
4290,2,0,0,1,1,0,0,0,0,1,1,0,0,0,1,0,0,0
1950,2,1,1,1,1,0,0,0,1,0,1,0,0,0,1,0,0,0
1430,5,3,2,1,1,0,0,1,0,0,0,0,0,1,0,0,0,1
680,1,0,0,1,0,1,0,0,1,0,0,1,0,0,0,0,1,0
1650,1,0,0,1,0,1,0,1,0,0,1,0,0,0,1,0,0,0
1320,3,1,0,1,1,0,0,0,0,1,0,0,0,1,0,1,0,0
610,2,1,0,1,0,1,0,1,0,0,1,0,0,0,1,0,0,0
1180,4,1,0,1,1,0,0,1,0,0,1,0,0,0,1,0,0,0
5900,5,2,0,1,0,0,1,1,0,0,0,1,0,0,0,1,0,0
600,4,0,0,1,1,0,0,1,0,0,1,0,0,0,0,1,0,0
2540,2,1,1,1,1,0,0,1,0,0,1,0,0,0,0,0,0,1
1130,2,1,0,1,1,0,0,0,1,0,1,0,0,0,0,1,0,0
3530,5,1,0,1,1,0,0,0,1,0,0,1,0,0,0,1,0,0
22870,1,0,0,1,0,1,0,1,0,0,0,0,0,1,0,0,0,1
670,1,0,0,1,1,0,0,0,0,1,0,0,0,1,0,1,0,0
880,4,3,2,1,0,0,1,0,1,0,0,1,0,0,0,1,0,0
1970,4,1,1,1,1,0,0,0,0,1,0,1,0,0,0,1,0,0
1450,3,1,0,1,1,0,0,0,1,0,1,0,0,0,1,0,0,0
1430,1,0,0,1,1,0,0,0,0,1,1,0,0,0,0,1,0,0
890,1,0,0,1,1,0,0,0,1,0,0,1,0,0,0,0,0,1
640,2,0,0,1,1,0,0,1,0,0,0,1,0,0,0,1,0,0
720,5,1,0,1,1,0,0,0,1,0,1,0,0,0,0,1,0,0
680,1,0,0,1,0,1,0,0,1,0,1,0,0,0,1,0,0,0
1550,2,0,0,1,0,1,0,1,0,0,1,0,0,0,1,0,0,0
2710,5,4,0,1,1,0,0,1,0,0,1,0,0,0,0,1,0,0
39270,1,0,0,1,1,0,0,1,0,0,1,0,0,0,1,0,0,0
9560,5,0,0,1,0,0,1,0,1,0,0,1,0,0,0,1,0,0
630,5,2,0,1,1,0,0,0,0,1,1,0,0,0,1,0,0,0
650,5,1,0,1,1,0,0,1,0,0,0,0,0,1,0,1,0,0
1040,2,1,0,1,1,0,0,1,0,0,0,1,0,0,0,0,0,1
31130,5,4,0,1,0,1,0,1,0,0,0,0,0,1,0,0,0,1
810,2,0,0,1,1,0,0,1,0,0,0,1,0,0,0,1,0,0
870,3,0,0,1,1,0,0,1,0,0,1,0,0,0,1,0,0,0
1880,5,3,3,1,1,0,0,0,1,0,0,0,1,0,0,0,1,0
13150,5,4,1,1,0,1,0,0,1,0,1,0,0,0,0,0,1,0
2060,5,4,3,1,1,0,0,0,1,0,0,0,0,1,1,0,0,0
1600,3,2,2,1,1,0,0,1,0,0,1,0,0,0,1,0,0,0
4970,3,1,0,1,1,0,0,0,0,1,1,0,0,0,1,0,0,0
11090,2,0,0,1,1,0,0,1,0,0,1,0,0,0,0,1,0,0
730,4,2,1,1,1,0,0,1,0,0,0,0,0,1,0,1,0,0
780,3,1,1,1,1,0,0,0,0,1,0,1,0,0,0,1,0,0
610,5,4,4,1,1,0,0,1,0,0,0,0,1,0,0,0,1,0
770,5,2,0,1,1,0,0,1,0,0,0,0,0,1,0,1,0,0
610,3,1,0,1,0,1,0,1,0,0,0,0,1,0,0,0,0,1
1900,1,0,0,1,1,0,0,1,0,0,1,0,0,0,0,0,0,1
650,5,3,3,1,0,1,0,0,0,1,0,0,1,0,0,0,1,0
1500,4,2,2,1,1,0,0,1,0,0,1,0,0,0,1,0,0,0
3470,3,1,0,1,1,0,0,1,0,0,1,0,0,0,0,1,0,0
1550,1,0,0,1,1,0,0,1,0,0,1,0,0,0,0,1,0,0
710,5,4,1,1,1,0,0,0,1,0,1,0,0,0,0,1,0,0
660,3,0,0,1,1,0,0,1,0,0,0,1,0,0,0,1,0,0
3770,5,2,2,1,1,0,0,0,1,0,1,0,0,0,1,0,0,0
2080,4,0,0,1,0,0,1,1,0,0,0,1,0,0,0,0,0,1
5660,5,4,2,1,1,0,0,1,0,0,1,0,0,0,1,0,0,0
630,5,1,0,1,1,0,0,1,0,0,1,0,0,0,1,0,0,0
630,4,0,0,1,0,1,0,1,0,0,1,0,0,0,0,0,1,0
640,5,1,1,1,1,0,0,1,0,0,1,0,0,0,1,0,0,0
590,3,2,0,1,1,0,0,0,0,1,1,0,0,0,0,0,0,1
7970,3,2,1,1,1,0,0,0,0,1,1,0,0,0,1,0,0,0
590,5,4,4,1,0,1,0,1,0,0,0,1,0,0,0,0,0,1
1000,5,1,1,1,0,0,1,1,0,0,0,0,1,0,0,0,1,0
760,3,0,0,1,1,0,0,0,1,0,1,0,0,0,1,0,0,0
13720,5,1,1,1,1,0,0,1,0,0,1,0,0,0,1,0,0,0
1860,1,0,0,1,1,0,0,1,0,0,0,1,0,0,0,1,0,0
1790,2,0,0,1,1,0,0,0,0,1,1,0,0,0,0,1,0,0
600,3,2,2,1,1,0,0,0,1,0,0,1,0,0,0,0,0,1
11890,5,3,1,1,1,0,0,1,0,0,0,1,0,0,0,1,0,0
820,3,0,0,1,1,0,0,1,0,0,1,0,0,0,1,0,0,0
9530,3,2,0,1,0,1,0,1,0,0,0,1,0,0,0,1,0,0
9030,2,1,1,1,1,0,0,1,0,0,0,0,0,1,0,0,0,1
5130,2,1,1,1,1,0,0,1,0,0,0,1,0,0,1,0,0,0
38910,5,3,1,1,1,0,0,0,1,0,1,0,0,0,0,0,0,1
910,4,3,1,1,1,0,0,1,0,0,0,1,0,0,0,1,0,0
16420,2,1,0,1,1,0,0,0,0,1,0,0,0,1,0,0,0,1
17820,5,0,0,1,1,0,0,1,0,0,1,0,0,0,0,1,0,0
2290,1,0,0,1,1,0,0,1,0,0,0,1,0,0,0,1,0,0
790,2,1,1,1,1,0,0,1,0,0,0,0,1,0,0,0,1,0
36260,4,1,0,1,1,0,0,0,0,1,0,1,0,0,0,0,0,1
970,5,1,1,1,1,0,0,1,0,0,0,1,0,0,0,0,0,1
640,1,0,0,1,1,0,0,0,0,1,0,0,0,1,0,0,0,1
670,1,0,0,1,0,0,1,0,0,1,0,1,0,0,0,1,0,0
3220,4,3,1,1,1,0,0,0,1,0,1,0,0,0,0,1,0,0
590,1,0,0,1,1,0,0,1,0,0,1,0,0,0,1,0,0,0
30410,5,3,2,1,0,1,0,0,1,0,1,0,0,0,1,0,0,0
25600,3,2,2,1,1,0,0,1,0,0,0,1,0,0,0,1,0,0
980,2,1,1,1,1,0,0,1,0,0,0,1,0,0,0,1,0,0
770,1,0,0,1,1,0,0,0,0,1,1,0,0,0,0,1,0,0
11050,2,1,1,1,1,0,0,1,0,0,0,1,0,0,1,0,0,0
9300,1,0,0,1,1,0,0,1,0,0,0,1,0,0,0,0,0,1
760,2,0,0,1,1,0,0,1,0,0,0,1,0,0,0,1,0,0
3070,2,1,0,1,1,0,0,0,0,1,0,1,0,0,0,0,1,0
19400,4,1,0,1,1,0,0,1,0,0,1,0,0,0,1,0,0,0
840,3,2,1,1,1,0,0,0,1,0,1,0,0,0,0,1,0,0
1270,1,0,0,1,1,0,0,0,1,0,0,1,0,0,0,0,1,0
4300,3,2,1,1,0,1,0,1,0,0,1,0,0,0,0,1,0,0
1920,4,1,0,1,1,0,0,1,0,0,0,1,0,0,0,1,0,0
3270,1,0,0,1,1,0,0,0,1,0,1,0,0,0,1,0,0,0
1120,2,1,0,1,1,0,0,1,0,0,0,0,1,0,1,0,0,0
2190,1,0,0,1,1,0,0,0,1,0,0,1,0,0,1,0,0,0
610,3,1,1,1,1,0,0,1,0,0,1,0,0,0,0,1,0,0
4500,5,3,1,1,1,0,0,0,0,1,1,0,0,0,0,0,1,0
4860,4,2,2,1,0,1,0,0,1,0,0,0,0,1,1,0,0,0
14530,2,0,0,1,1,0,0,0,1,0,1,0,0,0,1,0,0,0
28590,4,3,3,1,1,0,0,1,0,0,1,0,0,0,0,0,0,1
2420,2,0,0,1,1,0,0,0,0,1,0,0,1,0,0,0,1,0
800,4,1,0,1,1,0,0,1,0,0,1,0,0,0,1,0,0,0
1010,3,2,0,1,1,0,0,0,1,0,1,0,0,0,1,0,0,0
1530,1,0,0,1,1,0,0,0,1,0,0,1,0,0,0,1,0,0
630,3,2,1,1,1,0,0,1,0,0,0,1,0,0,0,1,0,0
13330,1,0,0,1,1,0,0,1,0,0,0,1,0,0,0,0,1,0
28960,3,2,0,1,0,1,0,0,1,0,0,0,0,1,0,0,0,1
630,3,0,0,1,1,0,0,1,0,0,0,1,0,0,0,1,0,0
630,4,1,0,1,1,0,0,0,1,0,1,0,0,0,0,1,0,0
2590,5,1,0,1,1,0,0,1,0,0,0,1,0,0,1,0,0,0
1390,2,1,1,1,0,1,0,1,0,0,0,1,0,0,0,1,0,0
730,2,0,0,1,1,0,0,1,0,0,0,1,0,0,0,0,1,0
19020,4,3,2,1,1,0,0,0,1,0,0,0,1,0,0,0,1,0
1690,2,0,0,1,1,0,0,1,0,0,0,1,0,0,0,1,0,0
720,3,0,0,1,1,0,0,1,0,0,1,0,0,0,1,0,0,0
670,1,0,0,1,0,1,0,1,0,0,1,0,0,0,0,0,0,1
1670,3,2,2,1,1,0,0,1,0,0,0,1,0,0,0,1,0,0
23380,5,0,0,1,1,0,0,1,0,0,1,0,0,0,0,0,0,1
9170,2,0,0,1,0,1,0,1,0,0,1,0,0,0,0,1,0,0
2570,4,2,0,1,0,1,0,0,1,0,0,1,0,0,0,1,0,0
930,5,0,0,1,0,1,0,1,0,0,1,0,0,0,1,0,0,0
750,4,0,0,1,1,0,0,1,0,0,0,1,0,0,0,0,0,1
18580,4,1,1,1,1,0,0,1,0,0,0,0,0,1,0,1,0,0
5280,5,0,0,1,1,0,0,0,0,1,1,0,0,0,1,0,0,0
740,3,0,0,1,1,0,0,0,1,0,1,0,0,0,0,0,1,0
980,4,3,3,1,1,0,0,1,0,0,1,0,0,0,1,0,0,0
1410,3,1,0,1,1,0,0,0,1,0,1,0,0,0,0,1,0,0
7560,2,0,0,1,0,0,1,1,0,0,1,0,0,0,1,0,0,0
4480,1,0,0,1,1,0,0,0,0,1,0,1,0,0,0,0,0,1
5250,2,0,0,1,1,0,0,0,1,0,1,0,0,0,1,0,0,0
1640,1,0,0,1,1,0,0,0,1,0,1,0,0,0,1,0,0,0
13050,2,0,0,1,1,0,0,1,0,0,0,0,1,0,0,0,1,0
33660,2,0,0,1,1,0,0,1,0,0,1,0,0,0,0,0,1,0
1600,1,0,0,1,1,0,0,0,0,1,0,1,0,0,1,0,0,0
590,1,0,0,1,1,0,0,0,1,0,1,0,0,0,0,0,0,1
11570,1,0,0,1,1,0,0,1,0,0,1,0,0,0,1,0,0,0
670,1,0,0,1,1,0,0,0,1,0,1,0,0,0,0,0,1,0
34580,1,0,0,1,1,0,0,0,0,1,0,0,1,0,0,0,1,0
1490,4,2,1,1,0,1,0,0,0,1,1,0,0,0,1,0,0,0
880,5,0,0,1,0,0,1,0,1,0,0,1,0,0,0,1,0,0
18730,1,0,0,1,0,0,1,0,1,0,1,0,0,0,0,0,1,0
6640,1,0,0,1,0,1,0,0,0,1,1,0,0,0,0,1,0,0
700,4,1,0,1,1,0,0,1,0,0,1,0,0,0,1,0,0,0
2210,1,0,0,1,1,0,0,1,0,0,1,0,0,0,1,0,0,0
620,4,0,0,1,0,0,1,0,1,0,0,0,0,1,0,0,0,1
31640,1,0,0,1,0,1,0,0,0,1,1,0,0,0,1,0,0,0
22810,2,0,0,1,1,0,0,1,0,0,1,0,0,0,0,0,0,1
930,1,0,0,1,0,0,1,1,0,0,1,0,0,0,0,0,1,0
1350,1,0,0,1,1,0,0,1,0,0,0,1,0,0,0,1,0,0
18000,2,1,0,1,1,0,0,0,1,0,0,0,0,1,0,0,0,1
590,1,0,0,1,1,0,0,1,0,0,0,0,1,0,0,1,0,0
5570,5,3,0,1,1,0,0,1,0,0,0,0,1,0,0,0,1,0
2620,2,0,0,1,1,0,0,1,0,0,1,0,0,0,0,0,0,1
3180,3,0,0,1,1,0,0,1,0,0,0,0,0,1,0,1,0,0
1540,4,3,2,1,0,1,0,0,0,1,1,0,0,0,0,0,0,1
13140,3,2,2,1,1,0,0,1,0,0,0,0,1,0,0,0,1,0
860,5,3,0,1,1,0,0,1,0,0,0,1,0,0,0,0,0,1
1480,1,0,0,1,1,0,0,1,0,0,1,0,0,0,1,0,0,0
690,1,0,0,1,1,0,0,1,0,0,1,0,0,0,0,0,0,1
5820,2,1,1,1,1,0,0,1,0,0,0,1,0,0,0,1,0,0
22840,2,0,0,1,1,0,0,0,1,0,0,1,0,0,0,0,0,1
830,4,3,1,1,1,0,0,1,0,0,0,0,1,0,0,0,0,1
3650,5,3,1,1,1,0,0,1,0,0,0,0,1,0,0,0,0,1
5930,2,1,1,1,0,1,0,1,0,0,0,1,0,0,0,0,1,0
800,5,1,0,1,1,0,0,0,1,0,1,0,0,0,1,0,0,0
1190,4,3,0,1,1,0,0,1,0,0,0,1,0,0,0,0,0,1
640,5,4,3,1,1,0,0,1,0,0,0,1,0,0,0,1,0,0
1410,4,3,2,1,1,0,0,1,0,0,1,0,0,0,1,0,0,0
740,5,3,2,1,0,1,0,1,0,0,0,0,1,0,0,0,1,0
4980,3,2,2,1,0,0,1,1,0,0,0,1,0,0,0,1,0,0
2610,5,2,1,1,0,0,1,1,0,0,0,0,1,0,0,0,1,0
19130,3,0,0,1,1,0,0,1,0,0,0,1,0,0,0,1,0,0
590,3,1,0,1,1,0,0,0,0,1,0,1,0,0,0,1,0,0
660,1,0,0,1,1,0,0,0,0,1,1,0,0,0,0,1,0,0
620,5,3,0,1,1,0,0,0,1,0,0,1,0,0,0,1,0,0
20060,2,1,1,1,1,0,0,0,1,0,0,1,0,0,0,1,0,0
640,2,0,0,1,1,0,0,0,1,0,0,1,0,0,0,1,0,0
34570,5,4,3,1,1,0,0,1,0,0,1,0,0,0,1,0,0,0
7930,2,0,0,1,1,0,0,1,0,0,1,0,0,0,1,0,0,0
2540,2,1,1,1,0,1,0,1,0,0,1,0,0,0,1,0,0,0
590,4,2,0,1,0,1,0,1,0,0,0,1,0,0,1,0,0,0
1460,5,4,2,1,1,0,0,1,0,0,0,0,0,1,0,0,0,1
31460,5,1,0,1,0,1,0,1,0,0,0,0,1,0,0,0,1,0
620,2,1,0,1,1,0,0,1,0,0,0,0,0,1,0,0,0,1
3090,5,4,4,1,1,0,0,1,0,0,0,1,0,0,0,1,0,0
820,1,0,0,1,1,0,0,0,1,0,0,0,0,1,0,0,0,1
2060,5,3,3,1,1,0,0,0,0,1,0,1,0,0,0,1,0,0
740,3,0,0,1,1,0,0,1,0,0,0,0,0,1,1,0,0,0
26560,5,0,0,1,1,0,0,0,1,0,0,0,0,1,0,0,0,1
810,5,4,3,1,1,0,0,1,0,0,1,0,0,0,0,0,1,0
870,1,0,0,1,1,0,0,0,1,0,1,0,0,0,1,0,0,0
40200,5,3,3,1,1,0,0,1,0,0,1,0,0,0,1,0,0,0
650,1,0,0,1,1,0,0,0,1,0,0,0,0,1,0,0,1,0
16390,4,3,2,1,1,0,0,0,0,1,0,0,0,1,0,0,0,1
2320,4,0,0,1,1,0,0,1,0,0,1,0,0,0,0,0,1,0
14470,1,0,0,1,0,0,1,1,0,0,1,0,0,0,0,0,0,1
660,2,0,0,1,1,0,0,0,1,0,1,0,0,0,0,0,0,1
10580,3,0,0,1,1,0,0,1,0,0,1,0,0,0,1,0,0,0
21820,5,3,2,1,1,0,0,0,1,0,0,1,0,0,0,1,0,0
6300,4,0,0,1,1,0,0,0,1,0,1,0,0,0,1,0,0,0
1160,4,2,0,1,1,0,0,0,1,0,0,1,0,0,0,1,0,0
5420,3,2,1,1,1,0,0,0,1,0,1,0,0,0,0,0,1,0
1470,3,1,1,1,1,0,0,1,0,0,1,0,0,0,1,0,0,0
10030,1,0,0,1,1,0,0,0,0,1,1,0,0,0,0,1,0,0
590,1,0,0,1,1,0,0,1,0,0,1,0,0,0,1,0,0,0
10780,4,2,2,1,0,0,1,0,0,1,0,1,0,0,0,0,0,1
2230,2,0,0,1,1,0,0,0,1,0,1,0,0,0,1,0,0,0
1130,2,1,1,1,0,1,0,1,0,0,0,1,0,0,0,1,0,0
17330,1,0,0,1,1,0,0,0,1,0,0,1,0,0,0,0,1,0
5280,1,0,0,1,1,0,0,0,1,0,1,0,0,0,1,0,0,0
1440,3,2,2,1,1,0,0,1,0,0,0,1,0,0,0,0,0,1
610,5,2,0,1,1,0,0,1,0,0,0,0,1,0,0,0,1,0
630,1,0,0,1,1,0,0,0,1,0,0,0,0,1,0,0,1,0
910,5,4,2,1,1,0,0,0,1,0,0,0,1,0,0,1,0,0
1000,1,0,0,1,1,0,0,0,0,1,1,0,0,0,0,0,0,1
37350,1,0,0,1,1,0,0,1,0,0,1,0,0,0,0,1,0,0
1220,2,0,0,1,0,1,0,1,0,0,1,0,0,0,0,0,0,1
650,3,2,1,1,1,0,0,1,0,0,1,0,0,0,0,1,0,0
31880,5,2,1,1,0,1,0,0,1,0,0,1,0,0,0,0,0,1
880,5,3,1,1,1,0,0,0,1,0,0,0,0,1,0,0,1,0
620,3,1,0,1,0,1,0,1,0,0,1,0,0,0,0,1,0,0
640,5,2,1,1,1,0,0,1,0,0,0,1,0,0,0,0,0,1
1390,4,2,0,1,1,0,0,0,1,0,0,1,0,0,0,1,0,0
740,4,3,2,1,1,0,0,1,0,0,0,0,1,0,0,0,1,0
630,1,0,0,1,1,0,0,1,0,0,1,0,0,0,0,0,0,1
970,4,0,0,1,0,1,0,0,0,1,1,0,0,0,0,1,0,0
12930,3,0,0,1,1,0,0,1,0,0,0,0,0,1,0,0,0,1
620,4,3,1,1,1,0,0,1,0,0,0,1,0,0,0,0,1,0
600,2,0,0,1,1,0,0,1,0,0,0,1,0,0,0,1,0,0
25800,2,1,0,1,1,0,0,1,0,0,0,1,0,0,0,0,0,1
1990,3,0,0,1,1,0,0,1,0,0,0,1,0,0,0,1,0,0
10450,5,4,2,1,0,1,0,1,0,0,0,1,0,0,0,1,0,0
730,3,0,0,1,1,0,0,0,1,0,0,1,0,0,0,0,0,1
28090,1,0,0,1,1,0,0,1,0,0,1,0,0,0,0,1,0,0
1190,5,3,0,1,1,0,0,0,1,0,1,0,0,0,1,0,0,0
790,4,0,0,1,1,0,0,1,0,0,0,1,0,0,0,0,0,1
1770,2,1,0,1,1,0,0,1,0,0,0,1,0,0,0,1,0,0
1890,2,1,0,1,1,0,0,0,1,0,1,0,0,0,1,0,0,0
1600,2,0,0,1,1,0,0,0,0,1,1,0,0,0,0,0,1,0
3690,4,0,0,1,1,0,0,1,0,0,1,0,0,0,0,0,0,1
27830,1,0,0,1,1,0,0,1,0,0,0,0,0,1,0,0,0,1
880,5,2,2,1,0,0,1,1,0,0,1,0,0,0,1,0,0,0
9200,4,0,0,1,1,0,0,0,0,1,0,1,0,0,0,0,0,1
21990,3,1,0,1,1,0,0,1,0,0,0,0,0,1,0,0,0,1
610,3,1,1,1,1,0,0,0,1,0,1,0,0,0,0,0,1,0
1340,3,2,0,1,1,0,0,1,0,0,0,0,1,0,0,0,0,1
1660,3,1,0,1,1,0,0,0,0,1,0,1,0,0,0,0,1,0
660,3,1,0,1,0,1,0,0,1,0,1,0,0,0,1,0,0,0
1510,5,3,1,1,1,0,0,0,1,0,1,0,0,0,1,0,0,0
840,1,0,0,1,1,0,0,0,1,0,1,0,0,0,1,0,0,0
770,2,0,0,1,1,0,0,0,1,0,1,0,0,0,0,0,1,0
640,2,0,0,1,1,0,0,1,0,0,0,0,0,1,0,0,0,1
1120,5,4,1,1,0,1,0,0,1,0,1,0,0,0,0,1,0,0
1870,1,0,0,1,1,0,0,1,0,0,0,1,0,0,0,0,1,0
4650,3,0,0,1,1,0,0,1,0,0,1,0,0,0,0,0,1,0
800,5,0,0,1,0,0,1,0,1,0,1,0,0,0,1,0,0,0
660,1,0,0,1,1,0,0,0,1,0,0,0,0,1,0,0,0,1
730,3,0,0,1,1,0,0,0,1,0,0,1,0,0,0,1,0,0
1250,2,0,0,1,1,0,0,0,1,0,0,0,0,1,0,0,0,1
1960,1,0,0,1,1,0,0,0,1,0,0,1,0,0,1,0,0,0
1450,1,0,0,1,1,0,0,1,0,0,0,0,1,0,0,0,1,0
7050,1,0,0,1,1,0,0,1,0,0,0,1,0,0,0,1,0,0
20300,2,0,0,1,1,0,0,1,0,0,0,1,0,0,1,0,0,0
1140,2,0,0,1,1,0,0,0,0,1,0,1,0,0,0,1,0,0
690,2,1,1,1,0,0,1,1,0,0,0,0,1,0,0,0,1,0
1350,2,1,0,1,1,0,0,1,0,0,0,0,1,0,0,0,1,0
1570,5,3,0,1,1,0,0,1,0,0,0,0,1,0,0,0,1,0
23640,4,1,1,1,1,0,0,1,0,0,0,0,1,0,0,0,1,0
670,3,1,0,1,1,0,0,0,0,1,1,0,0,0,1,0,0,0
1440,1,0,0,1,1,0,0,1,0,0,1,0,0,0,0,1,0,0
1380,5,1,1,1,0,0,1,0,0,1,0,0,1,0,0,0,1,0
2680,3,2,0,1,1,0,0,0,0,1,0,0,1,0,0,0,1,0
7840,2,1,0,1,1,0,0,1,0,0,1,0,0,0,1,0,0,0
990,5,4,1,1,1,0,0,0,1,0,1,0,0,0,1,0,0,0
31640,4,2,2,1,1,0,0,0,1,0,1,0,0,0,1,0,0,0
12180,1,0,0,1,1,0,0,0,0,1,0,0,0,1,0,0,0,1
1480,3,0,0,1,1,0,0,1,0,0,1,0,0,0,0,0,0,1
15040,1,0,0,1,1,0,0,0,0,1,0,0,0,1,0,0,0,1
33210,3,2,2,1,1,0,0,1,0,0,0,1,0,0,0,1,0,0
620,1,0,0,1,1,0,0,1,0,0,0,1,0,0,0,0,1,0
930,4,3,2,1,1,0,0,1,0,0,1,0,0,0,1,0,0,0
7880,5,4,2,1,1,0,0,0,1,0,0,1,0,0,0,0,0,1
2170,1,0,0,1,1,0,0,1,0,0,0,0,1,0,0,0,1,0
15220,4,0,0,1,1,0,0,1,0,0,0,0,1,0,0,0,1,0
1510,5,3,2,1,1,0,0,0,1,0,0,1,0,0,0,1,0,0
6640,5,2,0,1,0,0,1,1,0,0,0,0,1,0,0,0,1,0
22230,1,0,0,1,1,0,0,0,1,0,1,0,0,0,1,0,0,0
2170,4,3,0,1,1,0,0,0,0,1,1,0,0,0,1,0,0,0
1210,5,0,0,1,1,0,0,0,1,0,1,0,0,0,0,1,0,0
700,4,0,0,1,0,0,1,0,0,1,0,0,1,0,0,0,1,0
3350,1,0,0,1,1,0,0,0,1,0,0,0,0,1,0,0,0,1
1790,5,1,0,1,0,1,0,0,1,0,1,0,0,0,1,0,0,0
30440,3,1,1,1,1,0,0,1,0,0,0,1,0,0,0,0,1,0
620,2,1,1,1,1,0,0,1,0,0,0,0,0,1,0,1,0,0
600,3,2,2,1,1,0,0,1,0,0,1,0,0,0,1,0,0,0
11650,4,2,1,1,1,0,0,1,0,0,1,0,0,0,0,1,0,0
19240,4,2,2,1,1,0,0,0,1,0,0,0,1,0,0,0,1,0
630,5,3,0,1,1,0,0,1,0,0,1,0,0,0,1,0,0,0
4350,3,1,1,1,0,0,1,1,0,0,0,0,1,0,0,0,1,0
6530,1,0,0,1,0,1,0,0,1,0,0,1,0,0,0,1,0,0
5770,1,0,0,1,1,0,0,1,0,0,0,1,0,0,0,1,0,0
4330,2,0,0,1,1,0,0,0,1,0,1,0,0,0,0,0,0,1
8130,4,0,0,1,1,0,0,0,0,1,0,0,1,0,0,1,0,0
28570,3,2,2,1,1,0,0,1,0,0,1,0,0,0,1,0,0,0
990,1,0,0,1,1,0,0,0,1,0,1,0,0,0,1,0,0,0
6850,2,0,0,1,0,0,1,0,1,0,1,0,0,0,1,0,0,0
1010,1,0,0,1,1,0,0,0,1,0,1,0,0,0,1,0,0,0
2660,2,0,0,1,1,0,0,1,0,0,1,0,0,0,0,0,0,1
810,3,0,0,1,1,0,0,1,0,0,0,0,0,1,0,1,0,0
38820,5,2,2,1,0,1,0,1,0,0,0,1,0,0,1,0,0,0
620,5,2,0,1,1,0,0,0,1,0,1,0,0,0,1,0,0,0
600,2,0,0,1,1,0,0,0,0,1,1,0,0,0,0,0,1,0
1950,5,0,0,1,0,0,1,1,0,0,1,0,0,0,0,1,0,0
700,2,1,0,1,1,0,0,0,1,0,0,0,1,0,0,1,0,0
720,3,1,0,1,1,0,0,0,1,0,0,1,0,0,0,1,0,0
4790,4,2,1,1,0,0,1,1,0,0,0,1,0,0,0,0,0,1
11230,3,2,0,1,1,0,0,0,1,0,1,0,0,0,1,0,0,0
730,1,0,0,1,1,0,0,1,0,0,1,0,0,0,0,0,1,0
630,3,1,1,1,1,0,0,0,0,1,0,0,0,1,0,1,0,0
29790,5,2,2,1,1,0,0,0,1,0,0,1,0,0,0,0,1,0
14770,1,0,0,1,1,0,0,0,1,0,1,0,0,0,0,0,0,1
6390,5,0,0,1,1,0,0,1,0,0,1,0,0,0,0,1,0,0
4380,3,2,1,1,1,0,0,0,0,1,1,0,0,0,0,1,0,0
8250,2,1,0,1,1,0,0,0,1,0,0,1,0,0,0,0,1,0
17660,1,0,0,1,1,0,0,1,0,0,0,1,0,0,0,1,0,0
14830,5,2,2,1,1,0,0,1,0,0,1,0,0,0,0,0,0,1
19670,2,1,1,1,1,0,0,1,0,0,0,0,1,0,0,0,1,0
6000,1,0,0,1,1,0,0,0,0,1,0,0,1,0,0,0,1,0
5260,5,3,1,1,0,1,0,0,1,0,1,0,0,0,0,1,0,0
36370,4,0,0,1,1,0,0,0,1,0,0,0,0,1,0,0,0,1
1020,5,4,3,1,1,0,0,0,0,1,1,0,0,0,1,0,0,0
1130,2,0,0,1,0,1,0,1,0,0,0,0,0,1,0,1,0,0
2630,5,2,0,1,1,0,0,1,0,0,0,1,0,0,0,1,0,0
2120,1,0,0,1,1,0,0,0,1,0,0,1,0,0,0,0,0,1
3020,3,1,0,1,1,0,0,1,0,0,0,0,1,0,1,0,0,0
39550,1,0,0,1,1,0,0,0,0,1,0,0,1,0,0,1,0,0
2240,1,0,0,1,1,0,0,0,1,0,1,0,0,0,0,1,0,0
1570,5,3,1,1,1,0,0,1,0,0,1,0,0,0,1,0,0,0
31210,2,0,0,1,1,0,0,1,0,0,1,0,0,0,0,0,1,0
7890,2,1,0,1,1,0,0,0,1,0,0,1,0,0,0,0,1,0
3480,4,0,0,1,1,0,0,0,0,1,0,1,0,0,0,0,0,1
860,4,1,1,1,1,0,0,1,0,0,0,0,0,1,1,0,0,0
5650,3,2,1,1,1,0,0,0,1,0,0,1,0,0,0,0,0,1
950,3,1,1,1,1,0,0,0,1,0,1,0,0,0,0,0,0,1
8530,4,1,0,1,1,0,0,1,0,0,1,0,0,0,1,0,0,0
14630,5,4,3,1,1,0,0,1,0,0,0,1,0,0,0,1,0,0
35130,2,1,1,1,1,0,0,1,0,0,0,1,0,0,0,1,0,0
16020,3,2,1,1,1,0,0,1,0,0,0,1,0,0,0,1,0,0
11110,2,1,0,1,1,0,0,0,0,1,0,0,1,0,0,0,1,0
1090,4,3,1,1,1,0,0,1,0,0,0,1,0,0,0,1,0,0
1640,1,0,0,1,1,0,0,1,0,0,1,0,0,0,0,0,1,0
30310,1,0,0,1,1,0,0,1,0,0,1,0,0,0,0,0,0,1
1100,3,0,0,1,0,0,1,0,1,0,1,0,0,0,1,0,0,0
670,4,0,0,1,1,0,0,1,0,0,1,0,0,0,0,0,0,1
1220,5,4,4,1,1,0,0,0,0,1,0,0,1,0,0,0,1,0
2070,2,1,1,1,1,0,0,1,0,0,0,1,0,0,0,1,0,0
5270,5,4,4,1,1,0,0,1,0,0,0,0,1,0,0,0,1,0
600,4,1,0,1,0,1,0,1,0,0,0,1,0,0,0,1,0,0
620,1,0,0,1,1,0,0,1,0,0,0,0,0,1,0,0,0,1
2690,5,0,0,1,1,0,0,0,1,0,1,0,0,0,1,0,0,0
34200,2,1,0,1,1,0,0,1,0,0,0,1,0,0,0,0,0,1
3230,2,1,0,1,1,0,0,0,0,1,1,0,0,0,1,0,0,0
8370,5,1,1,1,0,1,0,1,0,0,1,0,0,0,0,1,0,0
820,4,3,0,1,1,0,0,0,0,1,1,0,0,0,1,0,0,0
4950,3,0,0,1,0,0,1,0,1,0,0,0,1,0,0,0,1,0
13090,5,3,2,1,0,1,0,1,0,0,0,1,0,0,0,1,0,0
1570,3,2,0,1,1,0,0,1,0,0,1,0,0,0,0,0,0,1
29550,3,1,1,1,1,0,0,1,0,0,1,0,0,0,0,1,0,0
660,5,1,1,1,1,0,0,1,0,0,1,0,0,0,1,0,0,0
750,2,0,0,1,1,0,0,0,1,0,0,0,0,1,0,0,0,1
4970,1,0,0,1,1,0,0,1,0,0,1,0,0,0,0,0,0,1
1100,1,0,0,1,1,0,0,1,0,0,0,1,0,0,1,0,0,0
17610,5,4,3,1,1,0,0,0,1,0,0,0,0,1,0,0,1,0
4270,2,0,0,1,1,0,0,1,0,0,1,0,0,0,1,0,0,0
700,1,0,0,1,1,0,0,1,0,0,1,0,0,0,1,0,0,0
4690,3,2,1,1,1,0,0,1,0,0,0,0,1,0,1,0,0,0
1510,3,2,1,1,1,0,0,1,0,0,1,0,0,0,1,0,0,0
9650,4,2,2,1,1,0,0,1,0,0,1,0,0,0,1,0,0,0
590,5,1,0,1,1,0,0,1,0,0,0,0,1,0,0,0,0,1
25620,2,0,0,1,1,0,0,1,0,0,1,0,0,0,1,0,0,0
1350,5,1,0,1,1,0,0,1,0,0,0,1,0,0,1,0,0,0
34130,2,1,0,1,1,0,0,0,1,0,1,0,0,0,1,0,0,0
580,3,1,0,1,1,0,0,0,0,1,1,0,0,0,1,0,0,0
590,1,0,0,1,1,0,0,0,1,0,1,0,0,0,1,0,0,0
2520,1,0,0,1,1,0,0,1,0,0,0,0,1,0,0,0,1,0
1090,3,0,0,1,1,0,0,1,0,0,0,1,0,0,0,1,0,0
5370,1,0,0,1,1,0,0,0,0,1,0,0,0,1,1,0,0,0
3290,4,0,0,1,0,1,0,1,0,0,1,0,0,0,1,0,0,0
930,1,0,0,1,1,0,0,1,0,0,0,1,0,0,0,1,0,0
29520,5,0,0,1,1,0,0,1,0,0,0,1,0,0,0,0,0,1
3230,2,0,0,1,1,0,0,1,0,0,1,0,0,0,0,0,1,0
2060,4,3,2,1,1,0,0,0,1,0,0,0,1,0,1,0,0,0
650,1,0,0,1,0,1,0,1,0,0,1,0,0,0,1,0,0,0
1360,4,3,2,1,1,0,0,1,0,0,1,0,0,0,0,0,0,1
2730,4,0,0,1,1,0,0,1,0,0,1,0,0,0,1,0,0,0
690,2,1,0,1,1,0,0,1,0,0,1,0,0,0,1,0,0,0
660,5,3,0,1,1,0,0,1,0,0,1,0,0,0,1,0,0,0
710,2,0,0,1,1,0,0,1,0,0,0,1,0,0,0,0,0,1
14210,3,1,0,1,1,0,0,1,0,0,0,1,0,0,0,1,0,0
650,5,1,1,1,1,0,0,0,1,0,0,0,0,1,0,0,0,1
7430,1,0,0,1,0,0,1,0,1,0,1,0,0,0,1,0,0,0
29540,2,0,0,1,1,0,0,0,1,0,0,0,1,0,0,0,0,1
1950,2,0,0,1,1,0,0,1,0,0,1,0,0,0,1,0,0,0
18580,5,2,2,1,0,0,1,1,0,0,0,0,0,1,0,0,0,1
14950,4,2,0,1,1,0,0,0,1,0,1,0,0,0,0,0,0,1
1100,2,1,0,1,1,0,0,0,1,0,0,0,1,0,0,0,1,0
2360,4,0,0,1,1,0,0,0,1,0,1,0,0,0,0,1,0,0
18150,3,1,0,1,1,0,0,1,0,0,0,1,0,0,0,0,1,0
2120,5,0,0,1,1,0,0,1,0,0,1,0,0,0,1,0,0,0
660,3,0,0,1,1,0,0,1,0,0,0,0,0,1,1,0,0,0
3250,2,0,0,1,1,0,0,1,0,0,1,0,0,0,0,1,0,0
1650,5,4,0,1,1,0,0,0,1,0,1,0,0,0,0,0,1,0
1190,1,0,0,1,1,0,0,0,1,0,0,1,0,0,1,0,0,0
810,4,0,0,1,1,0,0,0,1,0,0,0,0,1,0,0,1,0
680,3,0,0,1,1,0,0,1,0,0,0,1,0,0,0,1,0,0
18680,2,1,0,1,0,1,0,1,0,0,0,1,0,0,0,1,0,0
8340,3,0,0,1,0,0,1,1,0,0,1,0,0,0,0,0,1,0
6770,5,2,0,1,0,0,1,1,0,0,1,0,0,0,1,0,0,0
14790,1,0,0,1,1,0,0,1,0,0,1,0,0,0,1,0,0,0
830,4,2,1,1,0,1,0,0,1,0,0,0,1,0,0,0,1,0
8670,2,1,0,1,1,0,0,0,1,0,1,0,0,0,1,0,0,0
2540,4,0,0,1,1,0,0,1,0,0,0,1,0,0,0,0,0,1
7940,4,2,0,1,1,0,0,0,1,0,0,1,0,0,0,0,0,1
1030,5,3,3,1,0,0,1,1,0,0,1,0,0,0,1,0,0,0
1120,5,1,1,1,1,0,0,0,1,0,0,0,0,1,0,0,0,1
27330,2,1,0,1,1,0,0,0,1,0,0,1,0,0,0,1,0,0
10310,2,1,0,1,1,0,0,1,0,0,0,1,0,0,0,1,0,0
14600,3,2,1,1,0,1,0,0,1,0,0,0,1,0,0,0,1,0
1220,1,0,0,1,1,0,0,0,1,0,1,0,0,0,0,0,0,1
2680,3,2,1,1,0,0,1,1,0,0,0,0,0,1,0,0,0,1
710,1,0,0,1,1,0,0,0,1,0,1,0,0,0,1,0,0,0
5030,1,0,0,1,1,0,0,0,0,1,1,0,0,0,0,0,1,0
700,3,2,1,1,1,0,0,1,0,0,1,0,0,0,1,0,0,0
1530,1,0,0,1,0,1,0,1,0,0,1,0,0,0,0,0,0,1
930,4,0,0,1,1,0,0,1,0,0,0,1,0,0,0,0,0,1
3000,2,0,0,1,1,0,0,1,0,0,1,0,0,0,1,0,0,0
720,5,4,4,1,1,0,0,0,0,1,0,0,1,0,1,0,0,0
1080,5,1,1,1,1,0,0,1,0,0,1,0,0,0,0,1,0,0
4830,3,0,0,1,1,0,0,0,1,0,0,1,0,0,0,1,0,0
29370,5,3,0,1,1,0,0,1,0,0,0,0,1,0,0,1,0,0
1740,2,0,0,1,1,0,0,1,0,0,1,0,0,0,0,0,0,1
670,3,1,0,1,1,0,0,1,0,0,1,0,0,0,0,0,1,0
650,5,4,1,1,1,0,0,0,1,0,1,0,0,0,0,0,0,1
7250,2,1,0,1,0,1,0,1,0,0,0,1,0,0,0,1,0,0
640,3,2,1,1,1,0,0,0,0,1,1,0,0,0,1,0,0,0
600,3,0,0,1,1,0,0,1,0,0,0,1,0,0,0,0,1,0
30860,5,1,1,1,1,0,0,0,0,1,1,0,0,0,0,0,1,0
2070,2,0,0,1,1,0,0,0,1,0,1,0,0,0,1,0,0,0
4190,1,0,0,1,0,0,1,1,0,0,1,0,0,0,0,0,0,1
14670,1,0,0,1,1,0,0,1,0,0,0,1,0,0,0,0,1,0
8080,4,0,0,1,1,0,0,1,0,0,1,0,0,0,0,0,0,1
630,2,0,0,1,1,0,0,0,0,1,1,0,0,0,0,0,0,1
7120,2,1,1,1,1,0,0,1,0,0,1,0,0,0,0,1,0,0
22460,4,3,1,1,0,0,1,0,1,0,0,1,0,0,0,1,0,0
840,4,2,2,1,1,0,0,0,1,0,1,0,0,0,1,0,0,0
3170,2,1,0,1,1,0,0,1,0,0,0,1,0,0,0,0,0,1
1780,1,0,0,1,1,0,0,1,0,0,0,0,1,0,1,0,0,0
6650,4,0,0,1,1,0,0,1,0,0,0,1,0,0,0,0,0,1
6580,1,0,0,1,1,0,0,1,0,0,1,0,0,0,1,0,0,0
870,5,3,1,1,0,0,1,1,0,0,0,0,0,1,0,0,0,1
15740,3,2,0,1,1,0,0,0,1,0,1,0,0,0,0,0,0,1
680,4,1,0,1,1,0,0,1,0,0,0,0,0,1,0,0,0,1
680,1,0,0,1,1,0,0,1,0,0,1,0,0,0,0,0,1,0
3210,2,1,0,1,1,0,0,0,1,0,0,0,1,0,0,0,1,0
4450,4,2,2,1,1,0,0,1,0,0,0,0,0,1,0,0,0,1
28490,3,0,0,1,1,0,0,0,1,0,0,1,0,0,0,0,0,1
840,2,1,0,1,1,0,0,1,0,0,1,0,0,0,1,0,0,0
910,4,1,1,1,1,0,0,1,0,0,1,0,0,0,0,0,0,1
4400,3,1,0,1,1,0,0,0,1,0,1,0,0,0,1,0,0,0
22280,5,4,0,1,1,0,0,1,0,0,1,0,0,0,1,0,0,0
2120,5,2,2,1,1,0,0,1,0,0,1,0,0,0,1,0,0,0
5130,5,0,0,1,1,0,0,0,0,1,0,1,0,0,0,1,0,0
7710,4,3,2,1,1,0,0,0,1,0,0,1,0,0,1,0,0,0
2890,5,1,1,1,0,1,0,1,0,0,1,0,0,0,0,0,0,1
610,4,2,2,1,1,0,0,0,1,0,1,0,0,0,0,0,1,0
1490,5,3,2,1,1,0,0,1,0,0,0,1,0,0,0,0,0,1
690,1,0,0,1,1,0,0,1,0,0,0,1,0,0,0,1,0,0
1200,3,0,0,1,0,0,1,0,1,0,0,1,0,0,0,1,0,0
3050,3,0,0,1,1,0,0,1,0,0,0,0,0,1,0,0,0,1
590,5,0,0,1,1,0,0,0,0,1,0,1,0,0,0,0,0,1
620,5,3,0,1,1,0,0,0,1,0,1,0,0,0,0,1,0,0
2090,1,0,0,1,0,1,0,0,1,0,1,0,0,0,0,1,0,0
8330,3,2,2,1,1,0,0,0,1,0,0,1,0,0,0,1,0,0
8050,1,0,0,1,1,0,0,0,1,0,0,1,0,0,1,0,0,0
17360,1,0,0,1,1,0,0,1,0,0,0,0,1,0,0,0,1,0
19740,1,0,0,1,1,0,0,1,0,0,1,0,0,0,1,0,0,0
2990,1,0,0,1,1,0,0,0,1,0,0,0,0,1,1,0,0,0
800,1,0,0,1,1,0,0,1,0,0,0,1,0,0,0,0,0,1
2640,5,3,2,1,1,0,0,1,0,0,1,0,0,0,1,0,0,0
610,5,1,1,1,1,0,0,0,1,0,1,0,0,0,0,1,0,0
13910,3,1,0,1,1,0,0,0,0,1,0,0,1,0,0,0,1,0
2190,5,4,1,1,1,0,0,1,0,0,1,0,0,0,1,0,0,0
4870,5,0,0,1,1,0,0,1,0,0,0,1,0,0,0,0,0,1
1730,1,0,0,1,1,0,0,1,0,0,0,1,0,0,0,0,1,0
37710,1,0,0,1,1,0,0,0,1,0,1,0,0,0,0,0,0,1
2280,5,3,3,1,1,0,0,0,1,0,1,0,0,0,1,0,0,0
18710,4,1,1,1,0,1,0,0,0,1,1,0,0,0,0,0,1,0
7010,4,1,0,1,1,0,0,1,0,0,0,1,0,0,1,0,0,0
27210,3,0,0,1,1,0,0,1,0,0,0,0,0,1,0,0,1,0
16070,2,1,0,1,0,1,0,0,1,0,1,0,0,0,0,1,0,0
680,3,0,0,1,1,0,0,1,0,0,0,0,1,0,0,1,0,0
2810,4,3,2,1,0,0,1,1,0,0,0,0,0,1,0,0,0,1
8250,3,0,0,1,1,0,0,1,0,0,1,0,0,0,1,0,0,0
590,5,3,2,1,0,1,0,0,1,0,1,0,0,0,1,0,0,0
620,5,1,1,1,1,0,0,1,0,0,1,0,0,0,1,0,0,0
1310,3,0,0,1,1,0,0,0,1,0,0,1,0,0,0,0,1,0
9450,2,0,0,1,1,0,0,1,0,0,0,0,0,1,0,0,0,1
9160,5,4,0,1,1,0,0,1,0,0,1,0,0,0,1,0,0,0
820,3,0,0,1,1,0,0,1,0,0,1,0,0,0,1,0,0,0
10020,4,2,0,1,1,0,0,1,0,0,0,1,0,0,0,0,1,0
710,2,1,1,1,1,0,0,1,0,0,0,1,0,0,0,1,0,0
3580,4,2,0,1,1,0,0,1,0,0,1,0,0,0,1,0,0,0
2560,1,0,0,1,1,0,0,0,1,0,1,0,0,0,1,0,0,0
3010,1,0,0,1,1,0,0,1,0,0,1,0,0,0,0,1,0,0
760,2,0,0,1,0,0,1,0,1,0,1,0,0,0,0,1,0,0
1990,4,3,0,1,1,0,0,1,0,0,1,0,0,0,0,1,0,0
860,2,1,0,1,1,0,0,0,1,0,1,0,0,0,1,0,0,0
4320,1,0,0,1,1,0,0,0,1,0,1,0,0,0,1,0,0,0
8870,2,0,0,1,1,0,0,1,0,0,1,0,0,0,0,0,1,0
980,3,2,2,1,0,1,0,1,0,0,1,0,0,0,0,0,1,0
920,5,2,2,1,0,1,0,1,0,0,1,0,0,0,0,0,0,1
1170,1,0,0,1,1,0,0,0,1,0,0,0,0,1,0,0,1,0
660,5,4,4,1,1,0,0,0,1,0,0,1,0,0,0,1,0,0
1540,5,4,0,1,1,0,0,1,0,0,1,0,0,0,0,0,0,1
580,3,1,1,1,0,1,0,1,0,0,1,0,0,0,0,1,0,0
26190,1,0,0,1,1,0,0,0,1,0,0,0,1,0,0,0,1,0
6320,4,3,0,1,0,1,0,0,1,0,0,1,0,0,0,1,0,0
10360,2,0,0,1,1,0,0,0,1,0,1,0,0,0,1,0,0,0
8700,1,0,0,1,1,0,0,1,0,0,1,0,0,0,1,0,0,0
1580,2,0,0,1,1,0,0,0,1,0,0,1,0,0,0,0,0,1
6600,2,1,0,1,1,0,0,0,0,1,0,0,0,1,0,1,0,0
10100,1,0,0,1,1,0,0,1,0,0,1,0,0,0,1,0,0,0
4410,2,1,1,1,1,0,0,1,0,0,0,0,1,0,0,0,0,1
13070,1,0,0,1,0,0,1,1,0,0,1,0,0,0,0,1,0,0
590,3,0,0,1,1,0,0,1,0,0,1,0,0,0,0,1,0,0
1070,5,3,1,1,1,0,0,0,1,0,0,1,0,0,0,1,0,0
15500,2,0,0,1,1,0,0,0,0,1,0,1,0,0,0,1,0,0
730,3,0,0,1,1,0,0,0,1,0,0,0,1,0,0,1,0,0
5160,2,1,0,1,1,0,0,1,0,0,1,0,0,0,1,0,0,0
8490,4,1,0,1,1,0,0,0,0,1,1,0,0,0,1,0,0,0
1190,4,2,0,1,1,0,0,0,1,0,1,0,0,0,1,0,0,0
1500,1,0,0,1,1,0,0,1,0,0,1,0,0,0,0,0,1,0
1180,4,2,1,1,1,0,0,0,1,0,1,0,0,0,1,0,0,0
920,2,0,0,1,1,0,0,1,0,0,1,0,0,0,1,0,0,0
1200,2,0,0,1,1,0,0,1,0,0,0,1,0,0,0,0,1,0
1120,4,3,2,1,1,0,0,1,0,0,0,0,1,0,0,0,1,0
2400,2,0,0,1,1,0,0,1,0,0,1,0,0,0,0,0,0,1
1650,1,0,0,1,1,0,0,0,1,0,0,1,0,0,0,1,0,0
740,2,0,0,1,1,0,0,0,1,0,0,1,0,0,0,1,0,0
790,1,0,0,1,1,0,0,1,0,0,0,0,1,0,0,0,1,0
5120,1,0,0,1,1,0,0,1,0,0,1,0,0,0,1,0,0,0
1240,3,2,0,1,0,0,1,0,1,0,1,0,0,0,1,0,0,0
1300,1,0,0,1,1,0,0,1,0,0,1,0,0,0,0,0,0,1
590,2,1,0,1,1,0,0,1,0,0,0,1,0,0,0,0,1,0
37720,5,3,2,1,1,0,0,0,1,0,0,1,0,0,0,1,0,0
1010,5,4,1,1,0,1,0,1,0,0,0,1,0,0,1,0,0,0
610,2,0,0,1,0,0,1,1,0,0,1,0,0,0,0,1,0,0
850,1,0,0,1,1,0,0,0,1,0,1,0,0,0,0,0,0,1
2350,1,0,0,1,1,0,0,0,0,1,1,0,0,0,1,0,0,0
6260,5,0,0,1,0,1,0,0,0,1,0,1,0,0,0,0,1,0
4540,2,1,1,1,1,0,0,1,0,0,0,0,0,1,0,0,0,1
850,4,0,0,1,1,0,0,1,0,0,1,0,0,0,1,0,0,0
40380,4,3,3,1,1,0,0,0,0,1,1,0,0,0,1,0,0,0
860,2,0,0,1,1,0,0,0,0,1,1,0,0,0,1,0,0,0
680,3,2,0,1,0,0,1,0,1,0,1,0,0,0,1,0,0,0
980,1,0,0,1,0,0,1,1,0,0,0,1,0,0,0,1,0,0
760,2,0,0,1,1,0,0,0,0,1,1,0,0,0,1,0,0,0
660,5,1,1,1,1,0,0,0,1,0,0,1,0,0,0,1,0,0
2490,3,1,0,1,1,0,0,1,0,0,1,0,0,0,1,0,0,0
2510,2,1,1,1,1,0,0,1,0,0,0,1,0,0,0,1,0,0
1560,4,0,0,1,1,0,0,0,1,0,1,0,0,0,0,1,0,0
30590,3,0,0,1,1,0,0,1,0,0,0,0,0,1,0,0,1,0
34160,1,0,0,1,1,0,0,0,1,0,0,1,0,0,0,1,0,0
4480,3,2,0,1,1,0,0,0,1,0,0,1,0,0,0,1,0,0
710,5,2,1,1,0,1,0,0,1,0,1,0,0,0,0,0,1,0
580,3,1,0,1,1,0,0,1,0,0,0,1,0,0,0,1,0,0
16380,2,1,1,1,1,0,0,1,0,0,1,0,0,0,0,1,0,0
660,4,3,2,1,1,0,0,0,1,0,1,0,0,0,1,0,0,0
31150,3,0,0,1,1,0,0,1,0,0,0,0,0,1,0,0,0,1
17350,2,0,0,1,1,0,0,0,1,0,0,1,0,0,0,1,0,0
35900,2,1,1,1,0,1,0,0,1,0,1,0,0,0,0,0,1,0
9570,5,3,0,1,1,0,0,1,0,0,1,0,0,0,0,0,0,1
3920,2,1,1,1,0,1,0,0,1,0,0,1,0,0,0,1,0,0
9600,3,0,0,1,1,0,0,0,1,0,0,1,0,0,0,1,0,0
710,1,0,0,1,1,0,0,0,1,0,1,0,0,0,0,1,0,0
620,5,3,2,1,1,0,0,0,0,1,1,0,0,0,0,0,1,0
640,3,1,1,1,1,0,0,1,0,0,0,1,0,0,0,0,0,1
8530,4,3,0,1,1,0,0,1,0,0,1,0,0,0,0,0,0,1
640,1,0,0,1,0,1,0,1,0,0,0,0,0,1,0,0,0,1
5280,4,2,1,1,1,0,0,1,0,0,0,1,0,0,0,1,0,0
29070,5,4,0,1,1,0,0,1,0,0,1,0,0,0,1,0,0,0
860,1,0,0,1,1,0,0,0,0,1,0,1,0,0,0,0,0,1
6460,2,0,0,1,1,0,0,1,0,0,1,0,0,0,1,0,0,0
4770,5,1,0,1,1,0,0,0,0,1,0,0,1,0,1,0,0,0
620,1,0,0,1,1,0,0,1,0,0,0,0,0,1,0,1,0,0
580,5,1,0,1,0,1,0,1,0,0,1,0,0,0,0,1,0,0
920,2,0,0,1,1,0,0,0,1,0,1,0,0,0,1,0,0,0
780,1,0,0,1,1,0,0,0,0,1,1,0,0,0,1,0,0,0
660,4,3,2,1,1,0,0,1,0,0,1,0,0,0,1,0,0,0
2760,3,1,0,1,1,0,0,0,1,0,1,0,0,0,0,0,0,1
5390,1,0,0,1,1,0,0,1,0,0,1,0,0,0,0,0,0,1
10150,5,1,0,1,1,0,0,0,1,0,0,1,0,0,0,1,0,0
640,4,0,0,1,0,1,0,1,0,0,0,1,0,0,0,1,0,0
6080,5,0,0,1,1,0,0,1,0,0,1,0,0,0,1,0,0,0
12420,3,2,2,1,1,0,0,1,0,0,0,1,0,0,0,0,0,1
810,3,1,0,1,0,0,1,1,0,0,1,0,0,0,1,0,0,0
4070,2,1,0,1,1,0,0,0,1,0,0,0,0,1,0,0,0,1
600,1,0,0,1,0,1,0,1,0,0,0,1,0,0,0,0,0,1
710,2,1,1,1,1,0,0,1,0,0,1,0,0,0,1,0,0,0
660,4,0,0,1,1,0,0,0,0,1,0,0,0,1,0,1,0,0
810,5,3,1,1,1,0,0,1,0,0,1,0,0,0,1,0,0,0
2940,3,2,0,1,0,1,0,1,0,0,0,1,0,0,1,0,0,0
13970,2,0,0,1,1,0,0,1,0,0,1,0,0,0,0,0,1,0
1200,3,2,1,1,1,0,0,1,0,0,0,1,0,0,0,1,0,0
25370,5,1,0,1,1,0,0,0,1,0,1,0,0,0,0,0,0,1
1220,3,1,1,1,0,0,1,1,0,0,1,0,0,0,1,0,0,0
27050,4,1,1,1,1,0,0,1,0,0,0,0,1,0,0,0,0,1
6690,2,1,0,1,1,0,0,0,0,1,0,1,0,0,0,1,0,0
1570,5,2,2,1,1,0,0,0,1,0,0,0,1,0,0,0,1,0
2800,1,0,0,1,1,0,0,0,1,0,1,0,0,0,0,1,0,0
11150,4,3,2,1,1,0,0,1,0,0,0,0,1,0,0,0,0,1
870,1,0,0,1,1,0,0,0,1,0,0,0,0,1,1,0,0,0
4040,3,1,1,1,1,0,0,0,1,0,0,0,1,0,0,0,1,0
5040,5,4,4,1,1,0,0,0,0,1,0,0,0,1,0,1,0,0
2000,3,2,0,1,1,0,0,0,0,1,1,0,0,0,1,0,0,0
900,5,3,0,1,1,0,0,0,0,1,0,1,0,0,0,0,0,1
10440,5,3,3,1,0,0,1,0,0,1,1,0,0,0,1,0,0,0
1010,4,2,2,1,0,1,0,0,0,1,0,1,0,0,1,0,0,0
2510,3,1,0,1,1,0,0,0,1,0,1,0,0,0,0,1,0,0
16720,4,0,0,1,1,0,0,1,0,0,1,0,0,0,0,1,0,0
780,1,0,0,1,1,0,0,1,0,0,0,1,0,0,1,0,0,0
15330,1,0,0,1,1,0,0,0,1,0,1,0,0,0,1,0,0,0
2960,4,3,3,1,1,0,0,0,1,0,0,1,0,0,0,1,0,0
1100,2,0,0,1,0,1,0,0,1,0,1,0,0,0,0,0,0,1
15340,1,0,0,1,0,0,1,0,0,1,1,0,0,0,1,0,0,0
20240,4,1,0,1,1,0,0,1,0,0,0,1,0,0,0,1,0,0
3280,5,2,0,1,0,0,1,0,0,1,0,0,0,1,0,1,0,0
800,5,4,0,1,0,1,0,0,1,0,0,1,0,0,0,1,0,0
11170,3,1,0,1,1,0,0,1,0,0,1,0,0,0,1,0,0,0
1270,3,2,1,1,1,0,0,0,0,1,0,0,0,1,0,1,0,0
3420,1,0,0,1,1,0,0,1,0,0,1,0,0,0,0,0,0,1
19930,4,0,0,1,1,0,0,1,0,0,0,1,0,0,0,1,0,0
750,5,0,0,1,1,0,0,0,1,0,0,1,0,0,0,0,0,1
34190,3,2,1,1,0,1,0,1,0,0,1,0,0,0,0,0,0,1
690,1,0,0,1,1,0,0,1,0,0,1,0,0,0,1,0,0,0
720,4,0,0,1,1,0,0,0,1,0,0,1,0,0,0,0,0,1
37550,4,1,0,1,1,0,0,1,0,0,0,1,0,0,0,1,0,0
620,1,0,0,1,1,0,0,1,0,0,0,1,0,0,1,0,0,0
1200,2,0,0,1,0,1,0,0,1,0,1,0,0,0,1,0,0,0
740,1,0,0,1,1,0,0,1,0,0,0,1,0,0,1,0,0,0
930,1,0,0,1,0,1,0,0,0,1,0,0,0,1,0,0,0,1
1230,4,3,0,1,1,0,0,1,0,0,1,0,0,0,0,1,0,0
2320,4,1,0,1,1,0,0,1,0,0,1,0,0,0,1,0,0,0
37480,3,1,1,1,1,0,0,1,0,0,0,0,0,1,1,0,0,0
860,2,0,0,1,1,0,0,1,0,0,0,1,0,0,0,1,0,0
19980,3,2,2,1,1,0,0,1,0,0,1,0,0,0,0,0,1,0
840,2,1,1,1,1,0,0,1,0,0,0,1,0,0,0,1,0,0
900,5,1,0,1,1,0,0,0,1,0,0,1,0,0,0,0,1,0
4470,4,0,0,1,1,0,0,0,0,1,0,1,0,0,0,1,0,0
800,4,0,0,1,1,0,0,1,0,0,0,0,0,1,1,0,0,0
890,3,0,0,1,0,0,1,0,1,0,1,0,0,0,1,0,0,0
930,4,2,1,1,1,0,0,0,0,1,1,0,0,0,0,0,1,0
7530,4,0,0,1,0,1,0,0,0,1,1,0,0,0,1,0,0,0
32800,2,1,0,1,1,0,0,0,0,1,0,1,0,0,0,1,0,0
850,5,0,0,1,0,1,0,1,0,0,0,0,1,0,0,0,1,0
20720,5,0,0,1,1,0,0,1,0,0,1,0,0,0,0,1,0,0
2050,3,0,0,1,1,0,0,0,1,0,0,0,0,1,0,0,0,1
840,2,0,0,1,0,1,0,1,0,0,0,1,0,0,0,1,0,0
5990,1,0,0,1,0,0,1,0,1,0,0,0,1,0,0,0,0,1
940,1,0,0,1,1,0,0,0,1,0,0,0,1,0,0,0,0,1
660,2,0,0,1,1,0,0,0,1,0,1,0,0,0,0,0,1,0
10700,3,0,0,1,1,0,0,1,0,0,0,0,1,0,0,0,1,0
7990,4,2,2,1,1,0,0,1,0,0,0,0,1,0,0,1,0,0
24700,3,1,0,1,0,1,0,0,1,0,1,0,0,0,1,0,0,0
25330,5,2,2,1,1,0,0,1,0,0,0,0,0,1,0,0,0,1
620,2,0,0,1,1,0,0,0,0,1,1,0,0,0,0,1,0,0
1290,5,3,2,1,1,0,0,0,1,0,1,0,0,0,0,0,1,0
3800,5,4,3,1,1,0,0,0,1,0,0,1,0,0,0,1,0,0
1450,5,0,0,1,1,0,0,0,0,1,0,1,0,0,0,1,0,0
15230,5,4,1,1,1,0,0,0,1,0,1,0,0,0,1,0,0,0
21380,5,3,3,1,0,1,0,1,0,0,0,1,0,0,1,0,0,0
3170,3,2,0,1,1,0,0,0,1,0,1,0,0,0,1,0,0,0
890,2,0,0,1,1,0,0,0,0,1,1,0,0,0,1,0,0,0
870,5,4,1,1,0,1,0,0,1,0,1,0,0,0,1,0,0,0
4250,5,0,0,1,0,0,1,1,0,0,0,1,0,0,0,0,0,1
1410,1,0,0,1,1,0,0,1,0,0,0,1,0,0,0,1,0,0
760,2,1,1,1,1,0,0,0,1,0,0,1,0,0,0,1,0,0
1240,1,0,0,1,1,0,0,1,0,0,0,0,0,1,1,0,0,0
2400,2,0,0,1,1,0,0,0,0,1,0,0,0,1,0,1,0,0
700,1,0,0,1,1,0,0,0,1,0,1,0,0,0,1,0,0,0
1390,4,2,2,1,0,0,1,0,0,1,1,0,0,0,0,0,0,1
810,5,2,2,1,0,1,0,1,0,0,1,0,0,0,0,0,1,0
1060,5,1,0,1,1,0,0,1,0,0,0,1,0,0,0,1,0,0
15360,2,1,0,1,0,0,1,1,0,0,0,1,0,0,0,1,0,0
600,4,1,0,1,1,0,0,0,0,1,1,0,0,0,0,0,0,1
2310,5,4,0,1,0,1,0,1,0,0,0,1,0,0,0,1,0,0
34800,1,0,0,1,1,0,0,1,0,0,1,0,0,0,0,1,0,0
1490,4,1,1,1,1,0,0,0,1,0,0,1,0,0,0,1,0,0
14600,4,1,0,1,1,0,0,0,0,1,0,1,0,0,1,0,0,0
1250,3,0,0,1,0,1,0,1,0,0,0,1,0,0,0,1,0,0
1260,3,1,1,1,1,0,0,0,1,0,0,0,0,1,0,1,0,0
5500,3,0,0,1,0,0,1,1,0,0,0,1,0,0,0,1,0,0
4860,1,0,0,1,1,0,0,1,0,0,1,0,0,0,1,0,0,0
700,2,0,0,1,1,0,0,1,0,0,1,0,0,0,1,0,0,0
28740,1,0,0,1,0,1,0,0,1,0,1,0,0,0,0,1,0,0
660,5,0,0,1,1,0,0,0,1,0,0,0,1,0,0,0,1,0
3730,4,2,0,1,0,1,0,1,0,0,1,0,0,0,1,0,0,0
810,1,0,0,1,1,0,0,0,1,0,0,0,1,0,0,0,0,1
1410,4,2,2,1,1,0,0,0,0,1,1,0,0,0,1,0,0,0
590,2,1,1,1,1,0,0,1,0,0,1,0,0,0,0,1,0,0
13200,5,4,3,1,1,0,0,0,0,1,1,0,0,0,1,0,0,0
920,2,0,0,1,1,0,0,0,0,1,0,0,1,0,0,0,0,1
7300,2,0,0,1,1,0,0,1,0,0,1,0,0,0,1,0,0,0
1340,4,2,2,1,1,0,0,1,0,0,1,0,0,0,0,1,0,0
740,5,0,0,1,1,0,0,0,1,0,0,0,1,0,0,0,0,1
11250,5,0,0,1,0,1,0,0,0,1,1,0,0,0,0,0,0,1
18520,2,1,1,1,1,0,0,1,0,0,1,0,0,0,0,0,0,1
8340,3,0,0,1,1,0,0,0,0,1,0,0,0,1,0,0,1,0
3300,3,2,2,1,1,0,0,1,0,0,1,0,0,0,1,0,0,0
2460,1,0,0,1,1,0,0,1,0,0,0,0,0,1,0,1,0,0
1670,2,1,1,1,1,0,0,0,1,0,0,0,1,0,0,0,1,0
740,3,2,0,1,0,0,1,0,1,0,1,0,0,0,0,0,0,1
6620,2,0,0,1,1,0,0,1,0,0,0,0,1,0,0,0,1,0
660,3,2,0,1,1,0,0,0,1,0,0,0,1,0,0,0,1,0
4010,2,1,1,1,0,1,0,0,0,1,0,0,0,1,0,0,0,1
2080,3,1,1,1,1,0,0,1,0,0,0,0,1,0,0,0,1,0
1230,1,0,0,1,1,0,0,1,0,0,0,1,0,0,1,0,0,0
13820,1,0,0,1,1,0,0,1,0,0,0,1,0,0,0,1,0,0
2370,2,1,1,1,0,0,1,0,1,0,0,1,0,0,0,1,0,0
9930,1,0,0,1,1,0,0,1,0,0,1,0,0,0,1,0,0,0
35050,4,1,1,1,1,0,0,0,1,0,0,0,1,0,0,0,1,0
24180,5,4,4,1,0,0,1,0,0,1,0,1,0,0,0,0,0,1
31460,3,1,0,1,0,1,0,1,0,0,0,0,1,0,0,0,0,1
1320,5,3,0,1,1,0,0,0,0,1,1,0,0,0,0,0,0,1
1610,4,3,1,1,1,0,0,1,0,0,1,0,0,0,0,0,0,1
600,5,0,0,1,0,1,0,1,0,0,0,0,1,0,0,0,1,0
20550,2,0,0,1,1,0,0,1,0,0,0,1,0,0,0,1,0,0
710,3,2,1,1,1,0,0,1,0,0,1,0,0,0,0,1,0,0
2620,4,1,1,1,1,0,0,1,0,0,1,0,0,0,1,0,0,0
21090,5,1,0,1,1,0,0,1,0,0,1,0,0,0,1,0,0,0
13910,2,0,0,1,1,0,0,1,0,0,0,0,1,0,0,0,1,0
38790,2,0,0,1,1,0,0,1,0,0,0,0,0,1,0,0,1,0
620,5,0,0,1,1,0,0,0,0,1,0,0,0,1,0,0,0,1
1410,4,0,0,1,1,0,0,1,0,0,0,1,0,0,0,1,0,0
2090,4,0,0,1,1,0,0,1,0,0,0,1,0,0,0,1,0,0
3330,4,1,0,1,1,0,0,1,0,0,1,0,0,0,0,1,0,0
650,4,1,0,1,0,1,0,1,0,0,0,1,0,0,0,1,0,0
8480,2,1,1,1,1,0,0,1,0,0,0,1,0,0,0,1,0,0
2770,1,0,0,1,0,1,0,1,0,0,0,1,0,0,0,1,0,0
740,4,1,1,1,1,0,0,0,0,1,1,0,0,0,1,0,0,0
3810,2,0,0,1,1,0,0,0,1,0,1,0,0,0,0,0,1,0
890,5,1,1,1,1,0,0,1,0,0,0,0,1,0,0,0,0,1
16530,5,1,0,1,1,0,0,0,1,0,0,0,1,0,0,0,0,1
910,2,0,0,1,1,0,0,1,0,0,1,0,0,0,0,1,0,0
1350,4,3,3,1,1,0,0,1,0,0,0,1,0,0,0,1,0,0
35820,3,2,2,1,1,0,0,1,0,0,0,1,0,0,0,0,1,0
33580,2,1,0,1,1,0,0,0,0,1,0,0,0,1,0,1,0,0
1840,3,0,0,1,0,1,0,0,0,1,0,1,0,0,0,1,0,0
10890,2,1,0,1,1,0,0,1,0,0,0,1,0,0,0,0,1,0
610,1,0,0,1,1,0,0,1,0,0,0,1,0,0,0,1,0,0
1420,2,0,0,1,1,0,0,1,0,0,0,1,0,0,0,1,0,0
790,1,0,0,1,1,0,0,0,1,0,0,1,0,0,0,1,0,0
7120,5,4,2,1,1,0,0,0,1,0,1,0,0,0,1,0,0,0
790,4,0,0,1,1,0,0,0,0,1,0,1,0,0,0,0,0,1
840,4,1,1,1,1,0,0,0,1,0,0,1,0,0,0,1,0,0
920,3,0,0,1,1,0,0,0,0,1,0,1,0,0,0,1,0,0
590,1,0,0,1,1,0,0,0,1,0,0,1,0,0,0,1,0,0
16060,5,2,1,1,1,0,0,0,1,0,1,0,0,0,1,0,0,0
650,4,3,1,1,1,0,0,0,0,1,1,0,0,0,1,0,0,0
4520,3,2,1,1,1,0,0,0,1,0,0,0,1,0,0,0,1,0
16060,4,1,1,1,1,0,0,1,0,0,1,0,0,0,0,0,0,1
8400,1,0,0,1,1,0,0,1,0,0,0,1,0,0,0,1,0,0
730,2,1,1,1,1,0,0,0,1,0,1,0,0,0,0,0,0,1
1020,4,2,2,1,1,0,0,0,1,0,1,0,0,0,0,0,0,1
20530,1,0,0,1,1,0,0,0,1,0,0,0,0,1,1,0,0,0
740,5,4,1,1,1,0,0,1,0,0,0,1,0,0,1,0,0,0
8650,1,0,0,1,1,0,0,0,1,0,0,0,0,1,1,0,0,0
1430,4,2,0,1,1,0,0,0,0,1,1,0,0,0,1,0,0,0
24070,4,0,0,1,1,0,0,0,0,1,0,0,1,0,0,0,1,0
810,5,3,0,1,1,0,0,1,0,0,0,0,0,1,0,0,0,1
6200,3,0,0,1,1,0,0,1,0,0,0,1,0,0,0,0,0,1
590,3,2,1,1,1,0,0,0,0,1,0,0,0,1,0,0,0,1
590,5,1,1,1,1,0,0,1,0,0,0,0,1,0,0,0,1,0
20630,5,0,0,1,1,0,0,1,0,0,1,0,0,0,1,0,0,0
2220,3,2,1,1,1,0,0,1,0,0,1,0,0,0,1,0,0,0
710,2,0,0,1,1,0,0,1,0,0,0,1,0,0,0,1,0,0
630,2,1,0,1,0,1,0,0,1,0,1,0,0,0,0,1,0,0
1940,3,1,0,1,1,0,0,0,1,0,0,1,0,0,0,1,0,0
1020,4,1,1,1,1,0,0,1,0,0,0,0,0,1,0,0,0,1
950,3,2,2,1,1,0,0,1,0,0,1,0,0,0,1,0,0,0
9850,5,1,1,1,0,1,0,0,1,0,1,0,0,0,1,0,0,0
1460,2,1,1,1,1,0,0,0,1,0,0,0,0,1,0,0,0,1
36900,2,1,0,1,0,1,0,0,1,0,0,0,0,1,0,1,0,0
15270,1,0,0,1,1,0,0,1,0,0,1,0,0,0,0,0,1,0
15300,2,1,0,1,1,0,0,0,1,0,1,0,0,0,0,1,0,0
32890,4,3,1,1,0,1,0,1,0,0,0,1,0,0,0,1,0,0
3740,5,4,3,1,1,0,0,1,0,0,0,0,0,1,1,0,0,0
810,4,3,0,1,1,0,0,0,1,0,0,0,0,1,0,0,0,1
4750,4,1,1,1,1,0,0,0,0,1,0,0,1,0,0,0,1,0
730,1,0,0,1,1,0,0,1,0,0,0,1,0,0,0,1,0,0
16210,1,0,0,1,1,0,0,1,0,0,0,0,1,0,1,0,0,0
1550,4,0,0,1,1,0,0,1,0,0,0,0,0,1,0,0,0,1
6850,1,0,0,1,1,0,0,1,0,0,1,0,0,0,0,0,0,1
840,1,0,0,1,0,1,0,1,0,0,1,0,0,0,0,1,0,0
680,2,1,1,1,1,0,0,0,1,0,1,0,0,0,1,0,0,0
29900,4,3,1,1,1,0,0,0,0,1,0,1,0,0,0,1,0,0
3050,1,0,0,1,1,0,0,0,0,1,0,0,0,1,0,0,1,0
780,1,0,0,1,1,0,0,0,0,1,1,0,0,0,1,0,0,0
9020,3,2,0,1,1,0,0,0,1,0,1,0,0,0,0,1,0,0
590,2,0,0,1,1,0,0,1,0,0,0,1,0,0,0,1,0,0
11730,5,0,0,1,1,0,0,0,0,1,0,0,1,0,1,0,0,0
16680,3,0,0,1,1,0,0,0,0,1,1,0,0,0,1,0,0,0
15800,3,1,1,1,1,0,0,0,1,0,0,1,0,0,0,1,0,0
10310,5,4,4,1,1,0,0,1,0,0,1,0,0,0,0,0,1,0
8210,2,1,1,1,1,0,0,1,0,0,0,0,1,0,0,0,0,1
1230,4,1,1,1,1,0,0,1,0,0,0,1,0,0,0,0,0,1
1640,4,3,1,1,1,0,0,0,1,0,0,1,0,0,0,1,0,0
790,1,0,0,1,0,1,0,0,1,0,1,0,0,0,0,1,0,0
31660,2,0,0,1,1,0,0,0,0,1,0,0,1,0,0,0,1,0
590,1,0,0,1,1,0,0,0,1,0,0,1,0,0,0,1,0,0
770,3,2,2,1,1,0,0,0,0,1,0,1,0,0,0,1,0,0
1080,1,0,0,1,1,0,0,1,0,0,0,1,0,0,0,1,0,0
2360,4,2,0,1,1,0,0,1,0,0,0,1,0,0,1,0,0,0
3000,1,0,0,1,1,0,0,1,0,0,0,1,0,0,0,1,0,0
6310,5,1,1,1,0,1,0,1,0,0,0,0,0,1,0,0,0,1
37520,3,0,0,1,1,0,0,0,0,1,1,0,0,0,1,0,0,0
12770,2,0,0,1,1,0,0,1,0,0,0,1,0,0,0,0,0,1
800,3,1,0,1,1,0,0,0,0,1,0,1,0,0,1,0,0,0
600,3,0,0,1,0,0,1,1,0,0,0,0,1,0,0,0,1,0
4470,4,1,1,1,1,0,0,0,1,0,1,0,0,0,0,1,0,0
8000,4,1,0,1,0,1,0,1,0,0,0,0,1,0,0,1,0,0
3020,2,1,1,1,1,0,0,1,0,0,1,0,0,0,0,0,0,1
11800,2,0,0,1,1,0,0,0,1,0,1,0,0,0,1,0,0,0
7720,5,2,1,1,1,0,0,1,0,0,0,1,0,0,0,1,0,0
12060,1,0,0,1,0,1,0,0,1,0,1,0,0,0,0,0,0,1
22690,4,0,0,1,1,0,0,1,0,0,1,0,0,0,0,1,0,0
7100,3,1,0,1,1,0,0,0,1,0,1,0,0,0,1,0,0,0
20770,3,2,1,1,1,0,0,1,0,0,1,0,0,0,0,1,0,0
13400,5,0,0,1,1,0,0,1,0,0,0,1,0,0,0,1,0,0
7720,5,2,1,1,0,1,0,1,0,0,0,0,1,0,0,1,0,0
1080,1,0,0,1,1,0,0,0,0,1,0,1,0,0,0,0,0,1
880,4,2,2,1,0,0,1,0,1,0,0,0,1,0,0,1,0,0
4180,5,2,2,1,1,0,0,0,1,0,1,0,0,0,0,0,0,1
10000,4,3,2,1,1,0,0,1,0,0,1,0,0,0,0,1,0,0
770,4,2,2,1,1,0,0,1,0,0,0,1,0,0,0,1,0,0
3250,1,0,0,1,1,0,0,1,0,0,1,0,0,0,0,0,0,1
1090,1,0,0,1,1,0,0,0,0,1,1,0,0,0,0,1,0,0
4850,4,3,0,1,1,0,0,1,0,0,0,1,0,0,0,1,0,0
770,1,0,0,1,1,0,0,1,0,0,0,1,0,0,0,1,0,0
6760,5,4,3,1,1,0,0,1,0,0,0,1,0,0,0,1,0,0
1220,2,1,0,1,1,0,0,1,0,0,1,0,0,0,0,0,0,1
720,3,1,1,1,1,0,0,0,1,0,1,0,0,0,0,1,0,0
5010,3,2,1,1,0,0,1,1,0,0,0,0,0,1,0,1,0,0
8250,1,0,0,1,0,1,0,0,0,1,1,0,0,0,1,0,0,0
6180,3,0,0,1,1,0,0,0,1,0,1,0,0,0,0,0,0,1
16670,3,0,0,1,1,0,0,1,0,0,0,0,1,0,0,0,1,0
24430,1,0,0,1,1,0,0,1,0,0,0,0,0,1,0,0,1,0
26270,1,0,0,1,1,0,0,0,0,1,1,0,0,0,1,0,0,0
1570,1,0,0,1,1,0,0,0,1,0,0,0,1,0,0,0,1,0
600,2,1,1,1,1,0,0,1,0,0,0,0,1,0,0,0,1,0
36530,2,0,0,1,1,0,0,0,1,0,1,0,0,0,1,0,0,0
3330,2,1,0,1,1,0,0,0,1,0,1,0,0,0,1,0,0,0
7070,4,3,2,1,1,0,0,0,1,0,1,0,0,0,1,0,0,0
740,4,2,1,1,1,0,0,0,1,0,0,0,1,0,0,0,1,0
9330,2,1,0,1,1,0,0,1,0,0,1,0,0,0,1,0,0,0
5800,1,0,0,1,1,0,0,0,0,1,0,0,1,0,0,0,0,1
7050,4,1,0,1,1,0,0,1,0,0,1,0,0,0,0,0,0,1
1890,3,0,0,1,1,0,0,1,0,0,1,0,0,0,0,0,1,0
2700,3,2,2,1,1,0,0,1,0,0,1,0,0,0,1,0,0,0
860,1,0,0,1,1,0,0,0,1,0,1,0,0,0,0,0,1,0
4600,1,0,0,1,1,0,0,0,1,0,1,0,0,0,0,1,0,0
5390,2,0,0,1,1,0,0,0,1,0,0,1,0,0,0,1,0,0
14140,3,0,0,1,1,0,0,0,1,0,0,1,0,0,0,1,0,0
2580,1,0,0,1,0,1,0,0,1,0,0,0,0,1,0,1,0,0
1250,2,0,0,1,1,0,0,1,0,0,0,0,1,0,0,0,0,1
6250,4,3,2,1,1,0,0,1,0,0,0,0,0,1,1,0,0,0
830,5,0,0,1,1,0,0,0,1,0,0,0,0,1,1,0,0,0
1540,5,1,0,1,1,0,0,1,0,0,1,0,0,0,1,0,0,0
2980,5,0,0,1,1,0,0,1,0,0,0,0,0,1,0,0,0,1
600,4,1,0,1,0,1,0,1,0,0,0,0,0,1,0,0,1,0
21400,2,1,1,1,0,1,0,1,0,0,0,1,0,0,0,1,0,0
810,1,0,0,1,1,0,0,0,1,0,0,0,0,1,0,0,0,1
820,3,0,0,1,1,0,0,1,0,0,1,0,0,0,1,0,0,0
3880,5,3,1,1,1,0,0,0,1,0,1,0,0,0,1,0,0,0
1040,5,3,0,1,1,0,0,0,1,0,1,0,0,0,0,1,0,0
610,3,0,0,1,1,0,0,1,0,0,0,1,0,0,1,0,0,0
2790,3,2,0,1,1,0,0,1,0,0,1,0,0,0,0,1,0,0
19970,1,0,0,1,1,0,0,0,1,0,1,0,0,0,1,0,0,0
7770,2,0,0,1,0,0,1,1,0,0,1,0,0,0,1,0,0,0
7540,5,4,2,1,1,0,0,1,0,0,0,1,0,0,0,0,1,0
590,1,0,0,1,1,0,0,1,0,0,0,0,0,1,1,0,0,0
3250,4,0,0,1,0,0,1,0,1,0,1,0,0,0,1,0,0,0
1020,1,0,0,1,1,0,0,1,0,0,1,0,0,0,1,0,0,0
13520,2,1,0,1,1,0,0,0,1,0,0,1,0,0,0,1,0,0
1930,5,2,0,1,1,0,0,1,0,0,0,0,0,1,0,0,1,0
850,1,0,0,1,1,0,0,0,1,0,0,1,0,0,0,1,0,0
10870,1,0,0,1,1,0,0,0,1,0,1,0,0,0,0,1,0,0
670,5,1,0,1,1,0,0,0,1,0,1,0,0,0,0,1,0,0
600,5,3,1,1,1,0,0,1,0,0,1,0,0,0,1,0,0,0
3360,2,0,0,1,1,0,0,0,1,0,0,0,1,0,0,0,1,0
16320,3,2,1,1,1,0,0,0,1,0,1,0,0,0,1,0,0,0
690,4,2,2,1,1,0,0,1,0,0,0,1,0,0,0,0,0,1
660,4,3,3,1,1,0,0,0,1,0,1,0,0,0,1,0,0,0
4460,5,0,0,1,1,0,0,0,1,0,0,1,0,0,0,0,0,1
17250,2,0,0,1,1,0,0,1,0,0,1,0,0,0,0,1,0,0
1380,1,0,0,1,1,0,0,1,0,0,0,0,1,0,0,1,0,0
23460,3,0,0,1,1,0,0,0,1,0,0,0,0,1,0,1,0,0
26370,2,0,0,1,1,0,0,0,1,0,1,0,0,0,0,1,0,0
2070,1,0,0,1,1,0,0,0,1,0,1,0,0,0,1,0,0,0
2530,3,1,1,1,1,0,0,0,1,0,1,0,0,0,1,0,0,0
1770,4,2,2,1,1,0,0,1,0,0,0,0,0,1,0,1,0,0
37960,2,0,0,1,1,0,0,1,0,0,1,0,0,0,1,0,0,0
24660,5,0,0,1,1,0,0,0,1,0,0,0,1,0,0,0,0,1
3210,2,1,1,1,0,1,0,0,1,0,0,0,0,1,0,1,0,0
17520,1,0,0,1,0,1,0,0,1,0,1,0,0,0,0,0,0,1
850,5,1,1,1,1,0,0,1,0,0,0,0,0,1,1,0,0,0
17810,5,2,2,1,1,0,0,1,0,0,0,1,0,0,1,0,0,0
1920,1,0,0,1,1,0,0,1,0,0,0,0,1,0,0,0,1,0
6270,4,0,0,1,1,0,0,1,0,0,1,0,0,0,1,0,0,0
770,4,3,1,1,1,0,0,0,1,0,1,0,0,0,0,1,0,0
10070,1,0,0,1,1,0,0,0,0,1,0,1,0,0,0,0,0,1
19490,4,0,0,1,1,0,0,1,0,0,1,0,0,0,0,0,1,0
1420,2,0,0,1,1,0,0,1,0,0,0,1,0,0,0,1,0,0
1060,3,1,0,1,1,0,0,0,1,0,0,1,0,0,0,0,1,0
31260,1,0,0,1,0,0,1,1,0,0,1,0,0,0,1,0,0,0
700,5,3,2,1,1,0,0,0,1,0,0,1,0,0,0,0,0,1
1650,3,0,0,1,1,0,0,0,1,0,0,0,0,1,0,0,1,0
7050,4,3,0,1,1,0,0,1,0,0,1,0,0,0,1,0,0,0
580,3,1,0,1,1,0,0,0,1,0,0,1,0,0,0,1,0,0
640,1,0,0,1,1,0,0,0,1,0,0,1,0,0,0,0,1,0
11360,5,1,1,1,0,1,0,1,0,0,1,0,0,0,1,0,0,0
3990,5,0,0,1,0,1,0,0,0,1,1,0,0,0,1,0,0,0
740,4,3,2,1,1,0,0,0,1,0,0,1,0,0,0,0,0,1
6110,2,0,0,1,1,0,0,1,0,0,1,0,0,0,0,0,0,1
790,5,4,0,1,0,1,0,1,0,0,1,0,0,0,0,0,0,1
17950,4,3,1,1,1,0,0,1,0,0,0,1,0,0,0,1,0,0
630,3,2,1,1,1,0,0,0,0,1,1,0,0,0,0,1,0,0
2850,3,1,1,1,1,0,0,1,0,0,0,1,0,0,0,1,0,0
6320,5,0,0,1,1,0,0,1,0,0,0,0,0,1,0,0,0,1
2530,3,1,0,1,1,0,0,1,0,0,1,0,0,0,0,1,0,0
14650,1,0,0,1,1,0,0,1,0,0,0,1,0,0,0,1,0,0
10720,3,1,0,1,1,0,0,0,0,1,0,0,0,1,1,0,0,0
9800,2,0,0,1,1,0,0,0,1,0,1,0,0,0,0,0,0,1
1120,1,0,0,1,1,0,0,0,1,0,1,0,0,0,1,0,0,0
670,2,0,0,1,1,0,0,1,0,0,1,0,0,0,1,0,0,0
640,5,1,0,1,1,0,0,0,1,0,0,1,0,0,0,1,0,0
1590,1,0,0,1,1,0,0,1,0,0,1,0,0,0,0,1,0,0
850,3,2,0,1,0,1,0,0,1,0,1,0,0,0,1,0,0,0
2100,4,2,0,1,1,0,0,1,0,0,0,0,1,0,0,1,0,0
11060,4,2,1,1,1,0,0,1,0,0,0,0,1,0,0,0,0,1
650,1,0,0,1,1,0,0,1,0,0,1,0,0,0,1,0,0,0
1390,3,2,0,1,0,1,0,0,1,0,0,0,0,1,0,0,1,0
740,2,0,0,1,1,0,0,1,0,0,0,1,0,0,0,0,0,1
830,5,0,0,1,1,0,0,1,0,0,0,0,1,0,0,0,1,0
890,3,1,1,1,1,0,0,1,0,0,0,0,0,1,0,0,0,1
630,1,0,0,1,1,0,0,1,0,0,0,0,1,0,0,0,0,1
10650,3,0,0,1,1,0,0,1,0,0,1,0,0,0,1,0,0,0
1530,3,2,2,1,1,0,0,1,0,0,1,0,0,0,1,0,0,0
18350,4,3,3,1,1,0,0,1,0,0,0,1,0,0,0,1,0,0
12360,1,0,0,1,1,0,0,0,1,0,1,0,0,0,1,0,0,0
780,2,0,0,1,1,0,0,0,0,1,1,0,0,0,1,0,0,0
5800,3,1,1,1,1,0,0,1,0,0,1,0,0,0,1,0,0,0
2300,1,0,0,1,1,0,0,1,0,0,0,1,0,0,0,1,0,0
9480,2,0,0,1,1,0,0,0,0,1,1,0,0,0,1,0,0,0
720,5,0,0,1,1,0,0,1,0,0,1,0,0,0,0,0,0,1
4480,3,0,0,1,1,0,0,0,1,0,1,0,0,0,0,1,0,0
830,4,3,1,1,1,0,0,1,0,0,0,0,1,0,0,0,0,1
590,1,0,0,1,1,0,0,1,0,0,1,0,0,0,0,0,0,1
4040,1,0,0,1,1,0,0,1,0,0,1,0,0,0,1,0,0,0
13040,4,2,0,1,1,0,0,0,0,1,0,1,0,0,0,1,0,0
16960,5,4,2,1,1,0,0,0,0,1,0,0,0,1,1,0,0,0
7740,3,0,0,1,0,0,1,1,0,0,0,0,1,0,0,0,1,0
1240,2,1,0,1,1,0,0,1,0,0,1,0,0,0,0,0,0,1
970,2,1,0,1,1,0,0,0,1,0,0,1,0,0,0,1,0,0
620,5,1,1,1,1,0,0,1,0,0,0,0,0,1,0,0,0,1
28220,2,1,1,1,1,0,0,1,0,0,1,0,0,0,0,0,1,0
750,3,0,0,1,1,0,0,0,0,1,1,0,0,0,0,0,1,0
720,3,0,0,1,1,0,0,1,0,0,1,0,0,0,0,1,0,0
670,1,0,0,1,1,0,0,0,1,0,0,1,0,0,0,0,0,1
1620,3,2,0,1,1,0,0,1,0,0,0,0,1,0,0,0,1,0
18040,5,4,3,1,1,0,0,0,1,0,0,1,0,0,0,1,0,0
630,5,0,0,1,1,0,0,1,0,0,0,1,0,0,0,0,1,0
1290,5,1,1,1,1,0,0,1,0,0,1,0,0,0,1,0,0,0
590,3,1,1,1,1,0,0,0,1,0,1,0,0,0,1,0,0,0
890,5,4,4,1,1,0,0,0,1,0,0,1,0,0,0,1,0,0
1300,2,0,0,1,1,0,0,0,1,0,0,1,0,0,0,0,0,1
21630,5,1,1,1,1,0,0,1,0,0,1,0,0,0,1,0,0,0
14910,3,2,1,1,1,0,0,1,0,0,1,0,0,0,0,0,0,1
12490,5,0,0,1,1,0,0,1,0,0,1,0,0,0,0,1,0,0
3020,2,0,0,1,0,0,1,0,1,0,0,0,1,0,0,0,1,0
17070,1,0,0,1,1,0,0,0,0,1,1,0,0,0,0,0,1,0
610,1,0,0,1,1,0,0,0,1,0,1,0,0,0,1,0,0,0
30390,5,4,2,1,0,0,1,1,0,0,1,0,0,0,1,0,0,0
840,5,4,3,1,1,0,0,0,1,0,1,0,0,0,0,1,0,0
2480,2,0,0,1,1,0,0,0,1,0,1,0,0,0,1,0,0,0
710,2,1,1,1,1,0,0,0,0,1,1,0,0,0,0,1,0,0
760,3,2,2,1,1,0,0,0,1,0,1,0,0,0,1,0,0,0
9500,3,1,1,1,1,0,0,1,0,0,1,0,0,0,1,0,0,0
890,4,2,2,1,1,0,0,1,0,0,1,0,0,0,0,1,0,0
840,1,0,0,1,1,0,0,1,0,0,0,0,1,0,0,0,1,0
1470,3,1,0,1,0,0,1,1,0,0,0,0,0,1,0,0,1,0
9250,1,0,0,1,1,0,0,1,0,0,1,0,0,0,0,1,0,0
1650,5,1,0,1,1,0,0,1,0,0,0,1,0,0,0,1,0,0
1760,1,0,0,1,1,0,0,0,1,0,1,0,0,0,1,0,0,0
2230,5,4,2,1,0,0,1,1,0,0,0,0,0,1,1,0,0,0
1090,1,0,0,1,1,0,0,1,0,0,0,0,1,0,0,0,0,1
2930,1,0,0,1,1,0,0,0,0,1,1,0,0,0,1,0,0,0
1730,2,0,0,1,1,0,0,0,1,0,0,0,0,1,1,0,0,0
10730,3,0,0,1,1,0,0,0,1,0,1,0,0,0,0,0,1,0
750,3,1,1,1,1,0,0,0,1,0,0,0,0,1,0,0,0,1
680,1,0,0,1,0,1,0,1,0,0,0,0,1,0,0,0,1,0
590,4,0,0,1,1,0,0,0,1,0,0,1,0,0,0,0,0,1
8790,1,0,0,1,1,0,0,1,0,0,1,0,0,0,1,0,0,0
19390,4,3,3,1,1,0,0,0,1,0,0,0,0,1,0,0,0,1
640,1,0,0,1,1,0,0,0,1,0,0,0,1,0,0,0,1,0
25180,1,0,0,1,0,1,0,0,0,1,0,0,0,1,1,0,0,0
37860,4,2,2,1,1,0,0,0,0,1,1,0,0,0,0,1,0,0
1120,1,0,0,1,0,0,1,0,0,1,1,0,0,0,0,1,0,0
13070,1,0,0,1,1,0,0,0,1,0,0,0,1,0,0,0,1,0
2480,3,0,0,1,1,0,0,1,0,0,1,0,0,0,1,0,0,0
880,2,1,1,1,1,0,0,1,0,0,0,0,0,1,0,1,0,0
7070,1,0,0,1,1,0,0,1,0,0,1,0,0,0,1,0,0,0
1270,4,0,0,1,0,0,1,0,1,0,1,0,0,0,1,0,0,0
4920,5,1,1,1,1,0,0,1,0,0,0,1,0,0,0,1,0,0
810,1,0,0,1,1,0,0,0,0,1,1,0,0,0,1,0,0,0
1240,3,0,0,1,1,0,0,0,1,0,1,0,0,0,0,1,0,0
590,1,0,0,1,1,0,0,1,0,0,0,1,0,0,0,1,0,0
14620,5,0,0,1,1,0,0,1,0,0,1,0,0,0,1,0,0,0
970,1,0,0,1,1,0,0,0,0,1,1,0,0,0,1,0,0,0
39310,5,4,2,1,0,1,0,1,0,0,0,1,0,0,0,1,0,0
640,2,1,1,1,1,0,0,0,1,0,1,0,0,0,0,0,0,1
10160,3,2,2,1,1,0,0,0,1,0,0,0,0,1,1,0,0,0
1760,4,0,0,1,1,0,0,1,0,0,0,1,0,0,0,0,0,1
2230,3,2,1,1,0,1,0,1,0,0,0,0,0,1,0,0,0,1
3920,2,1,0,1,0,0,1,0,0,1,1,0,0,0,0,1,0,0
3570,2,1,0,1,1,0,0,1,0,0,0,1,0,0,0,0,0,1
650,5,2,1,1,1,0,0,0,1,0,0,1,0,0,0,1,0,0
780,5,0,0,1,0,0,1,0,0,1,1,0,0,0,0,1,0,0
840,1,0,0,1,1,0,0,0,1,0,1,0,0,0,1,0,0,0
18860,2,0,0,1,1,0,0,0,1,0,1,0,0,0,1,0,0,0
8200,4,3,3,1,1,0,0,0,1,0,0,1,0,0,0,1,0,0
20100,2,0,0,1,0,0,1,1,0,0,0,0,1,0,1,0,0,0
17510,3,2,0,1,1,0,0,0,1,0,0,0,0,1,0,0,0,1
930,3,1,1,1,1,0,0,1,0,0,0,1,0,0,1,0,0,0
6830,1,0,0,1,1,0,0,1,0,0,1,0,0,0,0,0,1,0
780,4,0,0,1,1,0,0,0,0,1,0,0,1,0,0,0,0,1
5790,5,2,2,1,1,0,0,0,1,0,1,0,0,0,1,0,0,0
1000,5,0,0,1,0,1,0,1,0,0,0,0,0,1,0,0,0,1
4830,2,1,1,1,1,0,0,0,1,0,1,0,0,0,1,0,0,0
1330,4,0,0,1,0,1,0,0,1,0,1,0,0,0,1,0,0,0
2650,1,0,0,1,0,0,1,1,0,0,1,0,0,0,1,0,0,0
1260,5,4,2,1,1,0,0,0,1,0,1,0,0,0,1,0,0,0
690,4,1,1,1,1,0,0,1,0,0,0,0,0,1,0,0,0,1
2860,2,0,0,1,1,0,0,0,1,0,1,0,0,0,0,0,1,0
620,5,0,0,1,1,0,0,0,1,0,1,0,0,0,1,0,0,0
940,5,2,0,1,0,1,0,1,0,0,0,1,0,0,1,0,0,0
29820,1,0,0,1,1,0,0,0,1,0,0,0,0,1,0,0,0,1
610,5,2,2,1,1,0,0,1,0,0,0,1,0,0,0,0,1,0
710,2,0,0,1,1,0,0,0,1,0,1,0,0,0,1,0,0,0
850,2,0,0,1,1,0,0,0,0,1,0,1,0,0,0,0,1,0
930,5,1,0,1,0,0,1,1,0,0,1,0,0,0,0,1,0,0
650,2,1,1,1,0,1,0,1,0,0,0,0,0,1,0,0,0,1
950,1,0,0,1,1,0,0,0,1,0,1,0,0,0,1,0,0,0
1000,1,0,0,1,1,0,0,1,0,0,1,0,0,0,0,0,1,0
670,2,0,0,1,1,0,0,1,0,0,1,0,0,0,1,0,0,0
15000,1,0,0,1,1,0,0,0,1,0,1,0,0,0,1,0,0,0
730,3,1,0,1,1,0,0,0,0,1,0,1,0,0,0,1,0,0
33370,5,3,1,1,1,0,0,0,0,1,1,0,0,0,1,0,0,0
1270,2,0,0,1,1,0,0,0,1,0,0,0,1,0,0,0,1,0
1080,1,0,0,1,0,1,0,1,0,0,1,0,0,0,1,0,0,0
830,3,2,2,1,1,0,0,1,0,0,1,0,0,0,0,0,0,1
6650,3,0,0,1,1,0,0,0,1,0,0,0,1,0,0,0,0,1
7750,3,2,0,1,0,0,1,0,0,1,1,0,0,0,1,0,0,0
17640,1,0,0,1,1,0,0,1,0,0,0,1,0,0,0,1,0,0
28970,5,0,0,1,1,0,0,0,1,0,1,0,0,0,1,0,0,0
15140,2,1,0,1,0,0,1,1,0,0,0,1,0,0,0,0,1,0
1550,4,2,2,1,0,0,1,0,0,1,1,0,0,0,1,0,0,0
11630,4,0,0,1,0,1,0,0,1,0,1,0,0,0,0,1,0,0
22760,3,2,0,1,1,0,0,0,0,1,1,0,0,0,0,0,0,1
950,1,0,0,1,0,0,1,1,0,0,0,1,0,0,0,1,0,0
1720,4,1,1,1,1,0,0,1,0,0,1,0,0,0,1,0,0,0
590,2,0,0,1,1,0,0,0,1,0,0,0,1,0,0,0,1,0
2040,4,3,0,1,1,0,0,1,0,0,0,1,0,0,0,1,0,0
650,3,0,0,1,0,1,0,1,0,0,1,0,0,0,1,0,0,0
6120,2,0,0,1,1,0,0,1,0,0,1,0,0,0,0,0,1,0
40070,3,1,0,1,1,0,0,0,1,0,1,0,0,0,1,0,0,0
1080,5,1,1,1,1,0,0,1,0,0,0,0,1,0,0,0,0,1
3840,5,2,0,1,1,0,0,1,0,0,0,1,0,0,0,1,0,0
3200,1,0,0,1,1,0,0,0,1,0,0,0,0,1,0,0,1,0
980,5,4,0,1,1,0,0,0,1,0,0,1,0,0,0,1,0,0
9020,4,3,0,1,0,1,0,1,0,0,0,1,0,0,0,1,0,0
7790,5,3,3,1,1,0,0,0,1,0,1,0,0,0,1,0,0,0
10600,5,3,2,1,0,1,0,1,0,0,1,0,0,0,1,0,0,0
12950,3,0,0,1,0,0,1,1,0,0,1,0,0,0,1,0,0,0
9110,4,3,0,1,1,0,0,1,0,0,1,0,0,0,0,1,0,0
2910,3,2,2,1,1,0,0,1,0,0,1,0,0,0,1,0,0,0
640,2,0,0,1,1,0,0,1,0,0,0,0,0,1,0,0,0,1
25630,3,1,0,1,1,0,0,1,0,0,1,0,0,0,0,0,0,1
1420,5,2,1,1,1,0,0,0,1,0,0,1,0,0,0,0,1,0
22670,4,1,0,1,1,0,0,1,0,0,1,0,0,0,0,0,1,0
3630,2,1,1,1,1,0,0,0,1,0,1,0,0,0,0,1,0,0
990,4,2,2,1,1,0,0,0,0,1,1,0,0,0,0,1,0,0
9760,3,2,0,1,1,0,0,1,0,0,0,0,1,0,0,0,0,1
1180,5,1,1,1,1,0,0,1,0,0,0,1,0,0,0,0,0,1
920,3,0,0,1,1,0,0,1,0,0,0,1,0,0,0,1,0,0
2250,1,0,0,1,1,0,0,1,0,0,0,1,0,0,0,0,0,1
14040,1,0,0,1,1,0,0,1,0,0,0,1,0,0,0,1,0,0
23430,2,0,0,1,1,0,0,1,0,0,0,1,0,0,0,1,0,0
1650,5,1,1,1,1,0,0,1,0,0,0,1,0,0,0,0,1,0
990,4,2,2,1,1,0,0,1,0,0,0,0,1,0,0,0,1,0
26390,1,0,0,1,0,1,0,0,1,0,1,0,0,0,1,0,0,0
14470,5,0,0,1,1,0,0,1,0,0,1,0,0,0,1,0,0,0
1170,4,0,0,1,1,0,0,0,0,1,1,0,0,0,1,0,0,0
3250,3,2,1,1,1,0,0,0,1,0,0,0,1,0,0,0,1,0
1740,1,0,0,1,1,0,0,0,1,0,1,0,0,0,0,1,0,0
1290,1,0,0,1,1,0,0,0,0,1,0,1,0,0,0,0,0,1
12710,2,1,0,1,0,0,1,1,0,0,1,0,0,0,0,0,0,1
10050,3,1,0,1,1,0,0,0,1,0,1,0,0,0,1,0,0,0
3520,3,2,0,1,1,0,0,0,1,0,0,0,1,0,0,0,1,0
11990,4,2,2,1,0,1,0,1,0,0,0,1,0,0,0,0,0,1
590,1,0,0,1,1,0,0,1,0,0,1,0,0,0,1,0,0,0
31950,1,0,0,1,1,0,0,0,1,0,0,1,0,0,1,0,0,0
600,3,2,2,1,1,0,0,1,0,0,1,0,0,0,0,0,1,0
1350,1,0,0,1,0,0,1,1,0,0,1,0,0,0,1,0,0,0
630,4,2,0,1,1,0,0,1,0,0,1,0,0,0,0,0,0,1
2670,2,0,0,1,1,0,0,1,0,0,1,0,0,0,0,1,0,0
930,3,2,1,1,1,0,0,1,0,0,0,1,0,0,0,1,0,0
19690,2,1,1,1,1,0,0,0,1,0,1,0,0,0,1,0,0,0
1630,4,3,3,1,1,0,0,0,1,0,1,0,0,0,1,0,0,0
610,3,1,0,1,1,0,0,1,0,0,0,0,0,1,0,0,0,1
730,3,1,0,1,1,0,0,1,0,0,0,1,0,0,0,1,0,0
2480,1,0,0,1,1,0,0,1,0,0,1,0,0,0,1,0,0,0
1730,3,1,1,1,0,1,0,1,0,0,0,0,0,1,0,0,0,1
1300,4,1,0,1,0,0,1,0,0,1,1,0,0,0,1,0,0,0
900,4,3,2,1,1,0,0,0,0,1,0,1,0,0,0,1,0,0
600,5,4,0,1,1,0,0,1,0,0,1,0,0,0,1,0,0,0
5470,1,0,0,1,1,0,0,1,0,0,1,0,0,0,0,0,1,0
650,2,0,0,1,1,0,0,1,0,0,1,0,0,0,0,1,0,0
33300,5,4,4,1,0,1,0,0,0,1,1,0,0,0,0,1,0,0
1530,1,0,0,1,1,0,0,1,0,0,1,0,0,0,1,0,0,0
610,5,1,1,1,1,0,0,1,0,0,0,0,1,0,0,0,1,0
630,5,2,1,1,1,0,0,0,0,1,1,0,0,0,0,0,0,1
720,1,0,0,1,1,0,0,1,0,0,1,0,0,0,0,1,0,0
2120,5,0,0,1,0,0,1,0,1,0,1,0,0,0,1,0,0,0
640,3,1,1,1,1,0,0,1,0,0,0,1,0,0,0,1,0,0
32560,2,1,1,1,1,0,0,1,0,0,0,0,1,0,0,1,0,0
730,2,1,0,1,1,0,0,0,1,0,0,0,1,0,0,0,1,0
1590,5,3,0,1,1,0,0,0,0,1,1,0,0,0,1,0,0,0
3140,4,2,1,1,1,0,0,1,0,0,1,0,0,0,0,1,0,0
12510,2,0,0,1,1,0,0,1,0,0,0,0,1,0,0,0,1,0
12630,4,1,0,1,1,0,0,0,1,0,1,0,0,0,0,0,1,0
25260,4,2,2,1,1,0,0,0,1,0,1,0,0,0,0,0,0,1
680,3,2,0,1,1,0,0,1,0,0,0,1,0,0,0,0,1,0
12500,2,0,0,1,1,0,0,0,1,0,0,0,1,0,0,0,1,0
1190,1,0,0,1,0,1,0,0,1,0,1,0,0,0,1,0,0,0
860,2,0,0,1,1,0,0,0,1,0,0,0,0,1,0,0,0,1
880,4,3,3,1,1,0,0,1,0,0,0,1,0,0,0,0,0,1
620,4,3,1,1,1,0,0,1,0,0,1,0,0,0,0,0,0,1
6980,5,1,1,1,1,0,0,0,1,0,0,0,0,1,0,0,0,1
640,5,2,2,1,1,0,0,1,0,0,1,0,0,0,0,0,0,1
660,4,1,1,1,0,0,1,0,1,0,0,0,0,1,0,0,0,1
2600,1,0,0,1,1,0,0,1,0,0,0,1,0,0,0,1,0,0
9040,2,0,0,1,1,0,0,0,0,1,0,1,0,0,0,0,1,0
610,4,1,0,1,1,0,0,0,1,0,0,1,0,0,1,0,0,0
3990,4,0,0,1,1,0,0,1,0,0,1,0,0,0,0,0,1,0
22370,2,0,0,1,1,0,0,0,0,1,1,0,0,0,1,0,0,0
6230,5,1,0,1,1,0,0,0,1,0,0,1,0,0,0,1,0,0
650,1,0,0,1,1,0,0,1,0,0,1,0,0,0,1,0,0,0
1040,4,1,1,1,0,1,0,1,0,0,1,0,0,0,1,0,0,0
790,3,2,0,1,1,0,0,1,0,0,0,1,0,0,0,0,1,0
640,3,0,0,1,1,0,0,1,0,0,0,1,0,0,0,1,0,0
820,3,0,0,1,1,0,0,0,0,1,0,1,0,0,0,1,0,0
820,1,0,0,1,1,0,0,1,0,0,1,0,0,0,0,1,0,0
1790,3,2,0,1,1,0,0,1,0,0,1,0,0,0,1,0,0,0
1540,1,0,0,1,1,0,0,1,0,0,0,1,0,0,0,1,0,0
590,1,0,0,1,1,0,0,0,1,0,0,0,0,1,0,1,0,0
3430,5,4,1,1,1,0,0,0,1,0,0,0,0,1,1,0,0,0
590,2,1,1,1,0,0,1,1,0,0,1,0,0,0,0,1,0,0
780,5,4,0,1,1,0,0,1,0,0,1,0,0,0,0,1,0,0
13810,2,0,0,1,1,0,0,1,0,0,1,0,0,0,1,0,0,0
2300,4,2,2,1,0,1,0,1,0,0,1,0,0,0,1,0,0,0
1520,4,0,0,1,0,1,0,1,0,0,0,0,0,1,0,1,0,0
27520,5,1,0,1,1,0,0,0,1,0,1,0,0,0,1,0,0,0
2850,3,2,1,1,1,0,0,0,1,0,0,1,0,0,0,1,0,0
16460,1,0,0,1,0,0,1,0,0,1,0,0,1,0,1,0,0,0
970,1,0,0,1,1,0,0,1,0,0,0,1,0,0,0,1,0,0
1800,5,0,0,1,1,0,0,0,1,0,1,0,0,0,1,0,0,0
15800,5,2,1,1,1,0,0,1,0,0,0,1,0,0,0,0,0,1
9310,5,2,1,1,1,0,0,1,0,0,0,1,0,0,0,1,0,0
800,4,3,1,1,0,1,0,1,0,0,0,1,0,0,0,1,0,0
19340,1,0,0,1,1,0,0,0,1,0,0,0,0,1,0,1,0,0
13510,1,0,0,1,1,0,0,1,0,0,0,1,0,0,0,1,0,0
2320,5,4,4,1,0,1,0,0,1,0,0,0,1,0,0,0,1,0
2270,4,0,0,1,1,0,0,1,0,0,0,1,0,0,0,0,0,1
33580,4,1,1,1,0,0,1,0,1,0,1,0,0,0,1,0,0,0
820,1,0,0,1,1,0,0,0,1,0,0,0,1,0,1,0,0,0
1390,5,4,4,1,0,1,0,0,1,0,0,0,1,0,0,0,1,0
2820,2,1,0,1,1,0,0,0,1,0,0,1,0,0,0,0,1,0
890,4,0,0,1,1,0,0,0,0,1,1,0,0,0,0,0,0,1
34380,4,2,2,1,1,0,0,1,0,0,0,0,0,1,0,0,0,1
810,3,1,0,1,1,0,0,1,0,0,0,0,1,0,0,0,0,1
5190,4,1,1,1,1,0,0,1,0,0,0,0,1,0,0,0,1,0
1320,5,4,0,1,1,0,0,0,1,0,0,0,0,1,1,0,0,0
5780,5,2,0,1,1,0,0,0,1,0,1,0,0,0,0,1,0,0
650,1,0,0,1,1,0,0,1,0,0,1,0,0,0,0,0,0,1
680,4,0,0,1,1,0,0,1,0,0,1,0,0,0,1,0,0,0
3000,1,0,0,1,1,0,0,0,1,0,0,0,1,0,0,0,1,0
3800,5,1,0,1,1,0,0,0,1,0,0,0,1,0,0,0,1,0
38200,3,2,0,1,1,0,0,1,0,0,1,0,0,0,1,0,0,0
660,2,1,0,1,1,0,0,0,1,0,1,0,0,0,1,0,0,0
10670,2,0,0,1,1,0,0,1,0,0,0,1,0,0,0,0,0,1
4140,2,0,0,1,1,0,0,0,0,1,1,0,0,0,1,0,0,0
16800,4,1,0,1,1,0,0,0,0,1,0,0,1,0,0,0,1,0
10490,1,0,0,1,1,0,0,1,0,0,0,0,1,0,0,0,0,1
630,5,1,0,1,1,0,0,0,1,0,1,0,0,0,1,0,0,0
1060,5,4,4,1,1,0,0,0,1,0,1,0,0,0,0,0,1,0
1480,5,2,0,1,1,0,0,1,0,0,0,1,0,0,0,1,0,0
1360,1,0,0,1,1,0,0,0,1,0,1,0,0,0,1,0,0,0
34550,3,0,0,1,1,0,0,1,0,0,0,1,0,0,0,0,0,1
1900,3,2,0,1,1,0,0,1,0,0,1,0,0,0,1,0,0,0
670,4,1,0,1,1,0,0,1,0,0,1,0,0,0,1,0,0,0
26390,2,0,0,1,1,0,0,0,1,0,0,1,0,0,0,1,0,0
4810,2,1,1,1,1,0,0,1,0,0,0,1,0,0,0,0,1,0
35060,1,0,0,1,1,0,0,0,0,1,1,0,0,0,0,1,0,0
4690,1,0,0,1,1,0,0,0,1,0,0,0,0,1,1,0,0,0
16900,3,0,0,1,1,0,0,1,0,0,0,1,0,0,0,0,1,0
1690,5,1,1,1,1,0,0,0,1,0,0,0,0,1,0,1,0,0
9320,4,0,0,1,1,0,0,0,1,0,1,0,0,0,1,0,0,0
840,3,2,2,1,1,0,0,1,0,0,0,0,1,0,0,0,1,0
10930,1,0,0,1,1,0,0,1,0,0,0,1,0,0,0,1,0,0
12650,5,3,2,1,0,1,0,1,0,0,0,1,0,0,0,0,1,0
3610,3,1,1,1,1,0,0,1,0,0,1,0,0,0,0,0,0,1
8370,5,3,2,1,1,0,0,1,0,0,0,1,0,0,0,1,0,0
630,5,0,0,1,1,0,0,1,0,0,0,0,1,0,0,1,0,0
28810,3,0,0,1,0,1,0,1,0,0,0,1,0,0,0,1,0,0
12680,3,2,2,1,1,0,0,0,1,0,0,1,0,0,1,0,0,0
590,2,0,0,1,1,0,0,0,1,0,0,0,1,0,0,0,1,0
30930,3,2,1,1,1,0,0,1,0,0,0,1,0,0,0,1,0,0
1330,1,0,0,1,0,1,0,0,0,1,0,1,0,0,0,1,0,0
620,5,1,1,1,1,0,0,1,0,0,0,1,0,0,0,1,0,0
5910,1,0,0,1,1,0,0,0,1,0,1,0,0,0,1,0,0,0
2380,2,0,0,1,1,0,0,0,1,0,0,1,0,0,0,1,0,0
5550,3,0,0,1,1,0,0,1,0,0,0,1,0,0,0,1,0,0
9790,4,2,1,1,1,0,0,0,1,0,0,0,1,0,0,0,1,0
3390,1,0,0,1,0,1,0,1,0,0,1,0,0,0,1,0,0,0
8940,2,1,0,1,1,0,0,1,0,0,0,0,1,0,0,0,1,0
23190,4,0,0,1,1,0,0,0,1,0,0,1,0,0,0,1,0,0
5890,4,2,2,1,1,0,0,1,0,0,0,1,0,0,0,1,0,0
610,5,0,0,1,1,0,0,0,1,0,1,0,0,0,0,0,0,1
1370,4,1,1,1,1,0,0,0,1,0,1,0,0,0,1,0,0,0
3690,5,1,0,1,1,0,0,0,0,1,0,1,0,0,0,1,0,0
9430,3,2,2,1,1,0,0,0,1,0,1,0,0,0,1,0,0,0
640,5,1,1,1,1,0,0,0,1,0,1,0,0,0,0,1,0,0
720,3,0,0,1,1,0,0,1,0,0,1,0,0,0,0,1,0,0
590,5,1,0,1,1,0,0,0,1,0,0,0,1,0,0,1,0,0
36470,2,1,1,1,1,0,0,1,0,0,1,0,0,0,0,0,0,1
9920,3,2,0,1,1,0,0,1,0,0,0,1,0,0,0,1,0,0
9500,4,3,2,1,1,0,0,0,1,0,0,0,1,0,0,0,1,0
960,3,1,0,1,1,0,0,1,0,0,1,0,0,0,1,0,0,0
640,5,0,0,1,1,0,0,1,0,0,1,0,0,0,1,0,0,0
8590,3,2,1,1,1,0,0,1,0,0,1,0,0,0,0,0,0,1
3990,5,3,2,1,0,0,1,0,1,0,1,0,0,0,0,0,0,1
30900,3,1,0,1,1,0,0,0,0,1,0,0,0,1,0,0,0,1
1440,2,1,0,1,1,0,0,0,1,0,1,0,0,0,1,0,0,0
25060,3,0,0,1,0,1,0,0,1,0,0,1,0,0,0,1,0,0
36610,1,0,0,1,1,0,0,1,0,0,0,1,0,0,0,1,0,0
3620,3,1,0,1,1,0,0,1,0,0,1,0,0,0,0,1,0,0
5450,2,1,0,1,1,0,0,1,0,0,1,0,0,0,1,0,0,0
1200,5,2,0,1,1,0,0,1,0,0,0,1,0,0,0,1,0,0
2900,1,0,0,1,1,0,0,1,0,0,1,0,0,0,1,0,0,0
1100,1,0,0,1,1,0,0,0,1,0,1,0,0,0,0,0,1,0
1630,5,3,2,1,1,0,0,0,1,0,1,0,0,0,1,0,0,0
2860,4,2,2,1,1,0,0,0,0,1,1,0,0,0,0,0,1,0
14910,5,2,0,1,1,0,0,1,0,0,1,0,0,0,1,0,0,0
27040,1,0,0,1,0,0,1,1,0,0,0,0,0,1,0,0,0,1
12730,5,1,1,1,1,0,0,1,0,0,1,0,0,0,1,0,0,0
21520,3,2,1,1,0,1,0,0,1,0,1,0,0,0,0,1,0,0
15720,1,0,0,1,1,0,0,0,1,0,0,1,0,0,1,0,0,0
650,3,2,0,1,0,1,0,1,0,0,0,0,0,1,0,0,0,1
11810,4,1,1,1,1,0,0,0,0,1,0,0,1,0,0,1,0,0
600,1,0,0,1,0,1,0,1,0,0,0,1,0,0,0,1,0,0
12550,2,1,0,1,1,0,0,0,0,1,0,1,0,0,0,1,0,0
13550,5,0,0,1,0,1,0,0,1,0,0,1,0,0,0,0,1,0
1040,5,3,3,1,1,0,0,1,0,0,1,0,0,0,0,1,0,0
2550,2,1,1,1,0,1,0,1,0,0,0,1,0,0,0,1,0,0
36470,3,2,1,1,1,0,0,1,0,0,0,0,0,1,1,0,0,0
3150,5,0,0,1,0,1,0,0,0,1,0,0,0,1,0,0,1,0
620,4,0,0,1,1,0,0,1,0,0,1,0,0,0,0,1,0,0
900,2,0,0,1,1,0,0,1,0,0,1,0,0,0,0,1,0,0
700,1,0,0,1,1,0,0,0,0,1,1,0,0,0,0,0,1,0
1030,1,0,0,1,1,0,0,1,0,0,0,0,1,0,0,0,1,0
16330,4,1,0,1,1,0,0,1,0,0,0,1,0,0,1,0,0,0
1050,2,1,0,1,1,0,0,0,1,0,1,0,0,0,0,0,1,0
1480,1,0,0,1,0,0,1,0,1,0,1,0,0,0,0,0,0,1
680,3,0,0,1,1,0,0,1,0,0,0,1,0,0,1,0,0,0
3980,5,0,0,1,1,0,0,0,1,0,0,0,0,1,0,1,0,0
670,1,0,0,1,1,0,0,0,1,0,0,0,1,0,0,0,1,0
630,2,1,1,1,1,0,0,0,1,0,1,0,0,0,0,1,0,0
1080,2,1,1,1,1,0,0,0,1,0,1,0,0,0,0,1,0,0
5960,3,0,0,1,0,1,0,1,0,0,0,1,0,0,0,1,0,0
2580,3,0,0,1,1,0,0,1,0,0,1,0,0,0,0,1,0,0
650,5,1,1,1,1,0,0,0,1,0,1,0,0,0,0,0,0,1
16030,1,0,0,1,1,0,0,0,1,0,0,0,1,0,0,0,1,0
2030,1,0,0,1,1,0,0,1,0,0,1,0,0,0,0,1,0,0
18950,2,0,0,1,1,0,0,0,1,0,1,0,0,0,0,1,0,0
2480,4,0,0,1,1,0,0,0,1,0,1,0,0,0,0,1,0,0
590,1,0,0,1,1,0,0,0,1,0,0,1,0,0,0,1,0,0
28460,3,1,1,1,1,0,0,0,1,0,0,0,0,1,0,1,0,0
650,2,1,0,1,1,0,0,0,0,1,1,0,0,0,1,0,0,0
6710,3,1,1,1,1,0,0,1,0,0,0,1,0,0,1,0,0,0
1090,2,1,1,1,1,0,0,1,0,0,1,0,0,0,1,0,0,0
690,3,1,1,1,1,0,0,1,0,0,0,0,0,1,0,0,0,1
790,1,0,0,1,1,0,0,0,1,0,0,1,0,0,0,1,0,0
34080,1,0,0,1,1,0,0,1,0,0,1,0,0,0,0,1,0,0
12330,2,0,0,1,1,0,0,0,1,0,0,1,0,0,0,0,1,0
4160,2,1,1,1,1,0,0,1,0,0,0,1,0,0,0,0,0,1
710,4,3,0,1,1,0,0,0,1,0,0,1,0,0,1,0,0,0
6460,1,0,0,1,1,0,0,0,1,0,1,0,0,0,1,0,0,0
820,1,0,0,1,0,0,1,1,0,0,0,0,1,0,1,0,0,0
2560,1,0,0,1,1,0,0,0,0,1,0,0,1,0,0,1,0,0
690,5,4,4,1,1,0,0,1,0,0,0,1,0,0,0,1,0,0
750,5,1,1,1,0,1,0,1,0,0,1,0,0,0,0,1,0,0
1010,3,1,1,1,0,0,1,1,0,0,0,1,0,0,0,1,0,0
7260,2,0,0,1,1,0,0,0,1,0,1,0,0,0,1,0,0,0
22660,5,1,0,1,1,0,0,0,0,1,0,0,1,0,0,0,1,0
1100,2,0,0,1,1,0,0,0,1,0,0,1,0,0,0,1,0,0
30570,2,0,0,1,1,0,0,1,0,0,0,1,0,0,0,0,0,1
12760,3,0,0,1,1,0,0,0,1,0,0,1,0,0,0,0,1,0
1240,3,0,0,1,1,0,0,0,1,0,0,0,1,0,1,0,0,0
2490,2,1,0,1,1,0,0,1,0,0,0,0,1,0,0,0,1,0
810,5,2,1,1,0,0,1,0,1,0,0,1,0,0,0,1,0,0
1810,4,0,0,1,1,0,0,1,0,0,0,0,0,1,0,0,1,0
600,1,0,0,1,1,0,0,1,0,0,1,0,0,0,1,0,0,0
1350,1,0,0,1,0,0,1,0,1,0,0,1,0,0,0,1,0,0
8720,2,0,0,1,1,0,0,0,1,0,1,0,0,0,1,0,0,0
14240,2,1,1,1,1,0,0,1,0,0,1,0,0,0,1,0,0,0
940,5,4,1,1,1,0,0,0,1,0,1,0,0,0,1,0,0,0
11400,2,1,1,1,1,0,0,0,0,1,0,0,0,1,1,0,0,0
4510,5,1,0,1,1,0,0,0,1,0,1,0,0,0,0,0,1,0
660,1,0,0,1,0,1,0,1,0,0,1,0,0,0,0,0,0,1
840,5,4,4,1,1,0,0,1,0,0,1,0,0,0,0,1,0,0
3080,3,0,0,1,1,0,0,1,0,0,1,0,0,0,0,0,0,1
6230,2,1,1,1,1,0,0,0,1,0,1,0,0,0,1,0,0,0
1960,2,0,0,1,1,0,0,1,0,0,1,0,0,0,0,1,0,0
9230,3,1,0,1,1,0,0,0,1,0,1,0,0,0,0,0,1,0
6830,2,1,1,1,1,0,0,0,1,0,0,0,0,1,0,0,0,1
740,4,3,2,1,1,0,0,0,1,0,0,0,1,0,1,0,0,0
4340,4,1,0,1,1,0,0,1,0,0,0,1,0,0,0,0,1,0
4030,4,0,0,1,0,0,1,1,0,0,1,0,0,0,0,1,0,0
830,4,2,1,1,0,1,0,0,1,0,1,0,0,0,1,0,0,0
4000,1,0,0,1,1,0,0,0,1,0,0,1,0,0,1,0,0,0
1330,5,2,0,1,1,0,0,1,0,0,1,0,0,0,1,0,0,0
3380,4,1,0,1,1,0,0,0,1,0,1,0,0,0,0,0,0,1
590,4,1,1,1,1,0,0,1,0,0,1,0,0,0,0,0,0,1
8480,2,0,0,1,1,0,0,1,0,0,1,0,0,0,0,0,0,1
32420,2,0,0,1,1,0,0,0,0,1,0,1,0,0,1,0,0,0
1050,1,0,0,1,1,0,0,1,0,0,0,1,0,0,1,0,0,0
18210,3,2,0,1,1,0,0,1,0,0,0,1,0,0,0,1,0,0
940,3,2,0,1,1,0,0,1,0,0,1,0,0,0,0,1,0,0
870,1,0,0,1,1,0,0,1,0,0,0,1,0,0,0,1,0,0
24960,1,0,0,1,1,0,0,0,1,0,1,0,0,0,1,0,0,0
33880,4,3,3,1,1,0,0,1,0,0,1,0,0,0,1,0,0,0
9480,5,1,0,1,0,1,0,1,0,0,0,1,0,0,0,1,0,0
23980,1,0,0,1,1,0,0,0,1,0,1,0,0,0,1,0,0,0
7040,3,0,0,1,1,0,0,0,1,0,1,0,0,0,0,0,0,1
1950,1,0,0,1,1,0,0,0,0,1,1,0,0,0,1,0,0,0
710,3,1,1,1,1,0,0,1,0,0,1,0,0,0,1,0,0,0
1230,4,0,0,1,0,0,1,1,0,0,0,1,0,0,0,1,0,0
4060,4,2,0,1,1,0,0,0,1,0,1,0,0,0,1,0,0,0
28460,1,0,0,1,1,0,0,1,0,0,0,0,1,0,0,0,1,0
1600,5,2,0,1,1,0,0,1,0,0,1,0,0,0,1,0,0,0
38590,3,2,1,1,1,0,0,0,0,1,0,0,1,0,0,0,1,0
9620,3,1,0,1,0,1,0,1,0,0,1,0,0,0,1,0,0,0
4050,4,0,0,1,1,0,0,0,1,0,1,0,0,0,1,0,0,0
690,1,0,0,1,1,0,0,1,0,0,1,0,0,0,1,0,0,0
2040,2,1,0,1,1,0,0,0,1,0,1,0,0,0,1,0,0,0
4860,3,0,0,1,1,0,0,1,0,0,1,0,0,0,1,0,0,0
680,2,1,0,1,1,0,0,1,0,0,1,0,0,0,1,0,0,0
3590,5,3,3,1,1,0,0,1,0,0,1,0,0,0,0,0,0,1
830,2,1,1,1,1,0,0,1,0,0,1,0,0,0,0,1,0,0
8960,2,0,0,1,1,0,0,0,1,0,1,0,0,0,1,0,0,0
3500,5,4,4,1,0,1,0,1,0,0,0,1,0,0,0,1,0,0
2270,1,0,0,1,0,1,0,0,0,1,0,1,0,0,0,1,0,0
5540,2,1,1,1,1,0,0,1,0,0,0,1,0,0,0,1,0,0
2390,3,2,2,1,1,0,0,1,0,0,1,0,0,0,1,0,0,0
7700,5,2,2,1,1,0,0,0,0,1,0,0,1,0,0,0,1,0
1100,1,0,0,1,0,0,1,0,1,0,0,0,0,1,0,0,1,0
810,1,0,0,1,1,0,0,1,0,0,1,0,0,0,1,0,0,0
5900,5,0,0,1,1,0,0,1,0,0,0,1,0,0,0,0,1,0
20700,2,1,1,1,1,0,0,1,0,0,1,0,0,0,1,0,0,0
3450,4,2,1,1,1,0,0,1,0,0,0,0,0,1,1,0,0,0
630,3,1,1,1,1,0,0,1,0,0,0,0,1,0,0,0,1,0
17660,2,1,0,1,1,0,0,1,0,0,0,0,0,1,0,0,0,1
33420,1,0,0,1,0,1,0,1,0,0,1,0,0,0,0,0,0,1
4070,1,0,0,1,0,1,0,0,1,0,1,0,0,0,0,1,0,0
620,2,0,0,1,0,0,1,1,0,0,1,0,0,0,1,0,0,0
9620,4,0,0,1,1,0,0,1,0,0,0,1,0,0,0,1,0,0
620,2,1,1,1,0,0,1,1,0,0,1,0,0,0,1,0,0,0
920,4,1,1,1,1,0,0,1,0,0,0,1,0,0,0,1,0,0
30610,2,1,0,1,1,0,0,0,1,0,0,0,1,0,0,0,1,0
840,4,3,0,1,0,1,0,1,0,0,0,1,0,0,0,1,0,0
4530,1,0,0,1,0,0,1,0,1,0,0,0,1,0,0,0,1,0
840,1,0,0,1,1,0,0,0,1,0,1,0,0,0,0,0,1,0
750,3,1,0,1,1,0,0,0,1,0,1,0,0,0,0,1,0,0
1320,3,1,0,1,1,0,0,1,0,0,1,0,0,0,0,0,0,1
3230,3,1,0,1,1,0,0,0,0,1,1,0,0,0,1,0,0,0
12420,4,2,2,1,1,0,0,0,1,0,1,0,0,0,0,1,0,0
600,3,0,0,1,1,0,0,0,1,0,0,1,0,0,0,1,0,0
700,3,0,0,1,1,0,0,0,1,0,1,0,0,0,1,0,0,0
12590,1,0,0,1,1,0,0,1,0,0,1,0,0,0,1,0,0,0
5090,2,1,1,1,1,0,0,0,1,0,1,0,0,0,1,0,0,0
630,5,0,0,1,1,0,0,0,1,0,0,0,0,1,0,0,0,1
4030,2,1,0,1,1,0,0,0,0,1,1,0,0,0,0,0,0,1
11220,3,0,0,1,1,0,0,1,0,0,1,0,0,0,1,0,0,0
24630,1,0,0,1,1,0,0,0,1,0,1,0,0,0,1,0,0,0
6390,3,2,1,1,1,0,0,0,1,0,0,0,1,0,0,0,0,1
2480,1,0,0,1,1,0,0,0,1,0,0,1,0,0,0,1,0,0
1050,2,1,1,1,1,0,0,1,0,0,0,1,0,0,0,1,0,0
1330,3,1,0,1,1,0,0,0,1,0,0,1,0,0,0,0,0,1
700,2,0,0,1,1,0,0,1,0,0,1,0,0,0,0,0,0,1
7540,5,1,1,1,1,0,0,0,0,1,0,1,0,0,0,0,0,1
6920,2,1,0,1,1,0,0,0,1,0,0,1,0,0,0,1,0,0
700,5,2,0,1,1,0,0,1,0,0,1,0,0,0,1,0,0,0
2250,5,3,2,1,1,0,0,0,0,1,0,1,0,0,0,1,0,0
710,3,0,0,1,1,0,0,0,1,0,1,0,0,0,1,0,0,0
21500,5,3,2,1,1,0,0,0,1,0,0,0,0,1,0,0,0,1
10570,4,3,1,1,1,0,0,0,0,1,0,1,0,0,0,1,0,0
750,2,0,0,1,0,0,1,0,1,0,1,0,0,0,1,0,0,0
620,3,2,0,1,1,0,0,1,0,0,1,0,0,0,1,0,0,0
16450,2,0,0,1,1,0,0,0,1,0,0,1,0,0,0,0,1,0
6060,5,2,2,1,1,0,0,0,1,0,1,0,0,0,1,0,0,0
12150,1,0,0,1,1,0,0,0,1,0,1,0,0,0,1,0,0,0
590,5,4,2,1,1,0,0,1,0,0,1,0,0,0,0,0,0,1
600,4,1,1,1,1,0,0,0,1,0,0,1,0,0,0,1,0,0
1520,5,1,0,1,1,0,0,1,0,0,0,0,1,0,1,0,0,0
720,5,2,0,1,1,0,0,1,0,0,0,0,0,1,0,0,0,1
5450,2,1,0,1,0,1,0,1,0,0,1,0,0,0,0,1,0,0
920,4,2,0,1,0,1,0,0,1,0,1,0,0,0,1,0,0,0
2960,2,0,0,1,0,1,0,1,0,0,0,1,0,0,0,0,0,1
670,2,1,0,1,1,0,0,0,1,0,1,0,0,0,0,0,1,0
760,4,1,1,1,1,0,0,1,0,0,1,0,0,0,1,0,0,0
3810,1,0,0,1,0,1,0,0,1,0,0,0,0,1,0,1,0,0
1220,3,1,0,1,1,0,0,1,0,0,1,0,0,0,0,0,0,1
680,3,0,0,1,0,0,1,0,1,0,1,0,0,0,1,0,0,0
730,5,2,0,1,0,0,1,1,0,0,1,0,0,0,1,0,0,0
680,1,0,0,1,1,0,0,1,0,0,0,1,0,0,0,1,0,0
1270,5,0,0,1,1,0,0,1,0,0,1,0,0,0,1,0,0,0
6850,2,0,0,1,1,0,0,1,0,0,0,1,0,0,0,0,1,0
2280,1,0,0,1,1,0,0,0,1,0,1,0,0,0,1,0,0,0
1600,4,1,1,1,1,0,0,0,1,0,0,0,0,1,1,0,0,0
22750,5,2,2,1,1,0,0,1,0,0,0,1,0,0,0,1,0,0
1120,5,0,0,1,0,0,1,1,0,0,0,0,1,0,0,0,1,0
4320,2,1,0,1,0,1,0,1,0,0,0,1,0,0,0,1,0,0
10600,1,0,0,1,1,0,0,0,1,0,0,1,0,0,0,1,0,0
24780,1,0,0,1,0,0,1,1,0,0,1,0,0,0,1,0,0,0
8800,4,3,1,1,1,0,0,1,0,0,0,1,0,0,0,0,1,0
6740,1,0,0,1,1,0,0,1,0,0,1,0,0,0,1,0,0,0
1020,3,0,0,1,1,0,0,1,0,0,1,0,0,0,1,0,0,0
6310,1,0,0,1,1,0,0,1,0,0,1,0,0,0,1,0,0,0
800,1,0,0,1,1,0,0,1,0,0,1,0,0,0,0,0,0,1
1270,2,1,1,1,1,0,0,1,0,0,0,1,0,0,0,1,0,0
40510,3,1,0,1,1,0,0,1,0,0,1,0,0,0,1,0,0,0
1300,2,0,0,1,1,0,0,0,1,0,1,0,0,0,0,0,0,1
600,1,0,0,1,0,0,1,1,0,0,0,1,0,0,0,1,0,0
13840,2,0,0,1,1,0,0,0,0,1,1,0,0,0,0,1,0,0
1270,4,0,0,1,0,1,0,0,1,0,0,1,0,0,0,1,0,0
10990,4,1,1,1,0,0,1,0,1,0,1,0,0,0,0,1,0,0
1950,2,1,0,1,0,1,0,1,0,0,1,0,0,0,0,0,0,1
3910,5,2,0,1,1,0,0,0,1,0,1,0,0,0,1,0,0,0
33970,3,0,0,1,1,0,0,0,1,0,0,0,1,0,0,0,1,0
5990,5,2,2,1,0,1,0,0,1,0,1,0,0,0,0,0,0,1
1220,3,0,0,1,1,0,0,1,0,0,1,0,0,0,0,1,0,0
17840,2,0,0,1,0,1,0,1,0,0,0,0,0,1,0,1,0,0
17130,5,2,1,1,1,0,0,0,1,0,0,1,0,0,0,1,0,0
580,3,2,0,1,1,0,0,1,0,0,1,0,0,0,0,0,1,0
590,3,1,1,1,1,0,0,1,0,0,0,0,0,1,0,1,0,0
1860,2,0,0,1,1,0,0,0,1,0,0,0,1,0,0,0,1,0
590,5,4,0,1,1,0,0,1,0,0,0,0,0,1,0,0,0,1
6480,3,2,2,1,1,0,0,0,1,0,0,1,0,0,0,1,0,0
720,4,1,0,1,1,0,0,1,0,0,0,1,0,0,0,1,0,0
10570,1,0,0,1,1,0,0,0,1,0,0,1,0,0,0,1,0,0
17320,4,1,0,1,1,0,0,1,0,0,1,0,0,0,0,1,0,0
1390,5,3,1,1,1,0,0,1,0,0,0,1,0,0,0,1,0,0
950,2,1,1,1,0,1,0,0,0,1,1,0,0,0,0,0,0,1
3040,5,2,1,1,1,0,0,0,1,0,1,0,0,0,1,0,0,0
580,2,1,1,1,1,0,0,0,1,0,0,1,0,0,0,1,0,0
1030,2,0,0,1,1,0,0,0,1,0,0,0,1,0,0,0,1,0
1010,4,3,1,1,1,0,0,0,0,1,0,1,0,0,0,1,0,0
970,5,4,0,1,1,0,0,1,0,0,1,0,0,0,1,0,0,0
1540,5,0,0,1,1,0,0,0,1,0,0,0,1,0,1,0,0,0
1020,4,1,1,1,1,0,0,0,1,0,1,0,0,0,1,0,0,0
26430,5,1,1,1,1,0,0,1,0,0,0,1,0,0,0,1,0,0
750,5,0,0,1,0,1,0,0,0,1,0,1,0,0,0,0,0,1
1530,2,1,0,1,1,0,0,0,0,1,0,1,0,0,0,0,0,1
6630,2,1,1,1,1,0,0,0,1,0,0,1,0,0,1,0,0,0
810,4,2,0,1,1,0,0,1,0,0,1,0,0,0,0,1,0,0
690,1,0,0,1,1,0,0,0,1,0,1,0,0,0,1,0,0,0
3040,2,0,0,1,0,0,1,1,0,0,1,0,0,0,1,0,0,0
38390,5,2,1,1,1,0,0,0,1,0,0,1,0,0,0,0,0,1
1550,1,0,0,1,1,0,0,1,0,0,1,0,0,0,1,0,0,0
620,3,2,2,1,1,0,0,1,0,0,0,0,0,1,0,0,1,0
18780,3,1,1,1,1,0,0,1,0,0,0,1,0,0,0,1,0,0
760,3,1,0,1,1,0,0,0,1,0,1,0,0,0,1,0,0,0
590,3,2,0,1,1,0,0,0,1,0,1,0,0,0,0,1,0,0
740,4,3,2,1,1,0,0,0,1,0,1,0,0,0,0,0,0,1
1180,1,0,0,1,0,0,1,1,0,0,1,0,0,0,1,0,0,0
4000,3,1,1,1,1,0,0,1,0,0,0,0,1,0,0,0,1,0
14930,5,1,0,1,0,1,0,0,1,0,0,0,1,0,1,0,0,0
9880,4,0,0,1,1,0,0,1,0,0,0,1,0,0,1,0,0,0
3750,3,2,0,1,1,0,0,0,1,0,0,1,0,0,0,0,1,0
680,3,0,0,1,0,1,0,1,0,0,1,0,0,0,0,1,0,0
590,1,0,0,1,1,0,0,0,0,1,0,0,1,0,0,0,1,0
15120,3,1,1,1,1,0,0,1,0,0,1,0,0,0,0,0,1,0
580,2,0,0,1,0,0,1,0,1,0,0,0,1,0,0,0,1,0
10540,4,0,0,1,0,0,1,1,0,0,1,0,0,0,1,0,0,0
1240,1,0,0,1,1,0,0,0,0,1,1,0,0,0,0,1,0,0
710,4,0,0,1,1,0,0,0,1,0,0,0,0,1,0,0,0,1
4660,2,0,0,1,1,0,0,0,1,0,0,0,1,0,0,0,1,0
15850,1,0,0,1,0,1,0,0,0,1,1,0,0,0,1,0,0,0
960,3,0,0,1,1,0,0,0,1,0,1,0,0,0,1,0,0,0
29000,5,1,0,1,1,0,0,1,0,0,1,0,0,0,1,0,0,0
4010,2,0,0,1,0,0,1,0,1,0,1,0,0,0,1,0,0,0
5470,2,0,0,1,1,0,0,1,0,0,0,1,0,0,0,0,1,0
740,5,0,0,1,0,1,0,0,1,0,0,0,0,1,0,0,0,1
630,2,1,0,1,1,0,0,1,0,0,0,1,0,0,0,0,0,1
1930,5,4,4,1,1,0,0,1,0,0,1,0,0,0,0,1,0,0
740,5,0,0,1,0,1,0,0,1,0,1,0,0,0,1,0,0,0
7790,2,0,0,1,1,0,0,0,0,1,1,0,0,0,0,1,0,0
1020,5,2,1,1,1,0,0,0,1,0,1,0,0,0,1,0,0,0
790,4,0,0,1,0,0,1,1,0,0,1,0,0,0,0,1,0,0
5710,5,4,2,1,1,0,0,1,0,0,1,0,0,0,0,0,0,1
1440,5,1,1,1,0,1,0,0,0,1,0,1,0,0,0,1,0,0
610,2,1,0,1,1,0,0,1,0,0,0,1,0,0,0,0,1,0
10000,1,0,0,1,1,0,0,0,1,0,0,0,1,0,0,0,1,0
630,4,1,0,1,0,0,1,1,0,0,1,0,0,0,0,1,0,0
5580,1,0,0,1,1,0,0,0,0,1,1,0,0,0,1,0,0,0
3100,5,2,2,1,1,0,0,0,1,0,1,0,0,0,1,0,0,0
5060,2,1,1,1,1,0,0,0,1,0,1,0,0,0,0,0,1,0
9120,1,0,0,1,1,0,0,0,0,1,1,0,0,0,1,0,0,0
1160,3,0,0,1,1,0,0,1,0,0,1,0,0,0,1,0,0,0
1060,5,0,0,1,1,0,0,1,0,0,1,0,0,0,0,0,0,1
26400,1,0,0,1,0,1,0,0,0,1,1,0,0,0,1,0,0,0
6660,2,0,0,1,1,0,0,1,0,0,0,0,0,1,0,0,0,1
3440,2,1,0,1,1,0,0,1,0,0,1,0,0,0,0,0,1,0
22550,5,0,0,1,0,1,0,0,1,0,0,1,0,0,0,0,1,0
2350,3,1,0,1,1,0,0,1,0,0,0,0,1,0,0,0,1,0
950,3,0,0,1,1,0,0,1,0,0,1,0,0,0,1,0,0,0
720,2,1,1,1,1,0,0,0,1,0,0,0,0,1,1,0,0,0
1000,4,3,3,1,1,0,0,0,1,0,1,0,0,0,1,0,0,0
16390,4,1,0,1,1,0,0,0,0,1,0,1,0,0,0,0,1,0
1730,1,0,0,1,1,0,0,1,0,0,1,0,0,0,1,0,0,0
22640,3,1,1,1,0,1,0,0,1,0,0,0,1,0,0,0,1,0
710,5,0,0,1,1,0,0,0,1,0,1,0,0,0,0,0,1,0
23130,1,0,0,1,1,0,0,1,0,0,0,0,1,0,0,0,1,0
710,1,0,0,1,1,0,0,0,0,1,0,0,0,1,1,0,0,0
14140,3,0,0,1,1,0,0,0,1,0,0,1,0,0,0,0,0,1
590,3,1,1,1,1,0,0,1,0,0,1,0,0,0,1,0,0,0
710,1,0,0,1,1,0,0,0,1,0,1,0,0,0,0,0,0,1
4440,4,1,1,1,1,0,0,0,1,0,0,1,0,0,0,1,0,0
7560,3,0,0,1,0,1,0,1,0,0,1,0,0,0,1,0,0,0
34240,2,1,1,1,1,0,0,1,0,0,1,0,0,0,0,0,0,1
9260,1,0,0,1,0,1,0,0,1,0,1,0,0,0,0,1,0,0
840,5,3,1,1,1,0,0,0,1,0,1,0,0,0,1,0,0,0
760,5,2,1,1,1,0,0,1,0,0,1,0,0,0,0,1,0,0
1640,1,0,0,1,1,0,0,1,0,0,0,0,1,0,0,0,1,0
630,5,2,1,1,1,0,0,1,0,0,1,0,0,0,1,0,0,0
10200,5,4,0,1,1,0,0,1,0,0,1,0,0,0,1,0,0,0
17420,3,2,1,1,1,0,0,0,0,1,1,0,0,0,1,0,0,0
8170,3,0,0,1,1,0,0,0,0,1,0,0,1,0,0,0,1,0
21280,1,0,0,1,1,0,0,1,0,0,0,0,0,1,0,1,0,0
22490,2,0,0,1,0,0,1,1,0,0,0,0,1,0,0,0,1,0
1480,2,1,0,1,1,0,0,0,1,0,1,0,0,0,0,0,1,0
2400,2,1,1,1,1,0,0,1,0,0,1,0,0,0,0,0,0,1
3040,1,0,0,1,1,0,0,1,0,0,1,0,0,0,1,0,0,0
1320,4,0,0,1,0,1,0,1,0,0,1,0,0,0,0,0,0,1
810,3,1,1,1,1,0,0,0,1,0,0,0,1,0,0,0,1,0
5520,3,2,0,1,1,0,0,0,1,0,0,1,0,0,0,1,0,0
610,4,0,0,1,1,0,0,1,0,0,0,0,1,0,1,0,0,0
22700,4,2,1,1,0,1,0,0,1,0,1,0,0,0,1,0,0,0
650,4,2,1,1,1,0,0,1,0,0,0,0,1,0,0,0,1,0
1310,2,1,1,1,1,0,0,1,0,0,0,0,1,0,0,0,1,0
840,4,1,0,1,1,0,0,1,0,0,0,0,1,0,0,0,1,0
740,3,2,2,1,1,0,0,0,1,0,1,0,0,0,0,0,1,0
26070,1,0,0,1,0,0,1,0,1,0,1,0,0,0,1,0,0,0
600,5,1,1,1,0,1,0,1,0,0,1,0,0,0,1,0,0,0
1950,3,0,0,1,1,0,0,0,1,0,1,0,0,0,1,0,0,0
10580,5,3,2,1,0,0,1,0,0,1,0,1,0,0,0,0,1,0
850,5,1,0,1,0,0,1,0,1,0,0,0,0,1,0,0,1,0
630,2,0,0,1,1,0,0,1,0,0,1,0,0,0,1,0,0,0
760,3,1,1,1,0,0,1,1,0,0,1,0,0,0,1,0,0,0
5220,4,1,0,1,1,0,0,1,0,0,1,0,0,0,1,0,0,0
4530,2,1,0,1,1,0,0,1,0,0,0,1,0,0,0,1,0,0
1700,3,0,0,1,0,0,1,1,0,0,1,0,0,0,1,0,0,0
660,1,0,0,1,1,0,0,1,0,0,1,0,0,0,0,1,0,0
2010,4,0,0,1,1,0,0,0,1,0,1,0,0,0,1,0,0,0
920,4,3,3,1,1,0,0,1,0,0,1,0,0,0,1,0,0,0
710,3,1,1,1,1,0,0,0,1,0,1,0,0,0,1,0,0,0
24380,2,0,0,1,1,0,0,0,1,0,1,0,0,0,0,0,0,1
1700,5,3,1,1,1,0,0,0,1,0,0,0,0,1,0,1,0,0
9120,1,0,0,1,1,0,0,0,0,1,1,0,0,0,1,0,0,0
1150,1,0,0,1,0,1,0,1,0,0,1,0,0,0,0,0,0,1
11780,4,3,0,1,1,0,0,1,0,0,1,0,0,0,0,0,0,1
2130,3,2,1,1,1,0,0,0,1,0,0,0,1,0,0,0,1,0
610,5,1,0,1,1,0,0,1,0,0,1,0,0,0,1,0,0,0
9610,3,0,0,1,1,0,0,0,1,0,1,0,0,0,1,0,0,0
13890,1,0,0,1,1,0,0,0,1,0,0,1,0,0,0,0,0,1
3030,4,2,1,1,1,0,0,0,1,0,1,0,0,0,0,1,0,0
4550,3,2,0,1,1,0,0,1,0,0,1,0,0,0,0,1,0,0
720,1,0,0,1,1,0,0,0,1,0,1,0,0,0,1,0,0,0
1030,2,0,0,1,1,0,0,0,1,0,1,0,0,0,0,1,0,0
3220,1,0,0,1,1,0,0,1,0,0,1,0,0,0,0,0,0,1
23740,4,0,0,1,1,0,0,0,1,0,1,0,0,0,0,1,0,0
660,4,0,0,1,1,0,0,1,0,0,1,0,0,0,1,0,0,0
1630,5,3,3,1,0,0,1,0,1,0,1,0,0,0,1,0,0,0
4920,2,0,0,1,0,1,0,0,1,0,0,1,0,0,0,1,0,0
710,3,0,0,1,1,0,0,0,1,0,0,1,0,0,0,1,0,0
670,3,2,2,1,1,0,0,1,0,0,0,0,1,0,1,0,0,0
13310,1,0,0,1,1,0,0,0,1,0,1,0,0,0,1,0,0,0
31150,1,0,0,1,1,0,0,1,0,0,0,0,1,0,1,0,0,0
640,5,4,0,1,0,1,0,0,1,0,1,0,0,0,0,1,0,0
870,5,4,1,1,0,1,0,1,0,0,0,0,1,0,0,0,1,0
3220,3,0,0,1,1,0,0,1,0,0,0,0,0,1,0,0,0,1
26130,2,1,0,1,1,0,0,1,0,0,0,1,0,0,0,0,0,1
18100,4,1,1,1,1,0,0,1,0,0,0,0,1,0,0,0,1,0
28860,5,1,0,1,1,0,0,0,0,1,1,0,0,0,0,0,0,1
2030,5,2,1,1,1,0,0,1,0,0,0,0,0,1,0,0,1,0
890,5,0,0,1,1,0,0,0,1,0,0,0,1,0,0,0,0,1
3470,2,1,1,1,1,0,0,0,1,0,1,0,0,0,0,1,0,0
660,4,2,1,1,0,1,0,1,0,0,1,0,0,0,0,0,1,0
24510,1,0,0,1,0,1,0,0,1,0,1,0,0,0,1,0,0,0
9490,3,2,1,1,1,0,0,1,0,0,0,0,1,0,0,0,1,0
30300,1,0,0,1,1,0,0,0,1,0,0,0,1,0,0,0,1,0
1770,5,3,3,1,1,0,0,0,0,1,0,0,0,1,0,0,0,1
38510,4,1,0,1,1,0,0,0,1,0,1,0,0,0,1,0,0,0
3260,5,0,0,1,1,0,0,0,1,0,0,0,0,1,0,1,0,0
3760,5,2,0,1,1,0,0,0,1,0,1,0,0,0,0,1,0,0
660,1,0,0,1,1,0,0,0,1,0,0,0,0,1,0,0,0,1
760,3,1,1,1,1,0,0,1,0,0,1,0,0,0,0,0,0,1
700,4,1,0,1,0,1,0,0,1,0,1,0,0,0,0,1,0,0
32560,2,1,1,1,1,0,0,0,1,0,1,0,0,0,1,0,0,0
31330,5,3,3,1,1,0,0,1,0,0,0,0,1,0,0,0,1,0
1000,1,0,0,1,1,0,0,1,0,0,1,0,0,0,0,0,0,1
620,3,0,0,1,1,0,0,1,0,0,0,1,0,0,0,1,0,0
4370,5,4,0,1,1,0,0,1,0,0,0,0,0,1,0,1,0,0
10530,4,2,0,1,1,0,0,1,0,0,1,0,0,0,1,0,0,0
23510,2,0,0,1,1,0,0,0,1,0,0,1,0,0,0,1,0,0
1210,4,0,0,1,1,0,0,0,0,1,1,0,0,0,1,0,0,0
18950,3,2,0,1,0,0,1,1,0,0,1,0,0,0,1,0,0,0
960,2,0,0,1,1,0,0,0,1,0,1,0,0,0,1,0,0,0
730,3,1,1,1,1,0,0,1,0,0,1,0,0,0,1,0,0,0
1940,5,4,0,1,1,0,0,1,0,0,0,1,0,0,0,0,0,1
17350,2,0,0,1,1,0,0,1,0,0,0,1,0,0,0,0,0,1
8680,1,0,0,1,0,0,1,1,0,0,1,0,0,0,1,0,0,0
13110,5,3,3,1,1,0,0,1,0,0,0,0,0,1,0,0,1,0
630,5,3,1,1,1,0,0,0,1,0,0,0,0,1,1,0,0,0
5960,2,0,0,1,1,0,0,1,0,0,1,0,0,0,1,0,0,0
2730,4,2,2,1,0,1,0,1,0,0,0,0,1,0,0,0,1,0
11700,4,2,1,1,1,0,0,1,0,0,0,1,0,0,0,0,0,1
17700,2,1,1,1,1,0,0,0,1,0,0,1,0,0,1,0,0,0
24660,2,0,0,1,1,0,0,0,1,0,0,1,0,0,1,0,0,0
16890,1,0,0,1,1,0,0,1,0,0,0,1,0,0,0,1,0,0
790,3,2,2,1,1,0,0,1,0,0,0,1,0,0,0,0,1,0
710,5,1,0,1,1,0,0,0,1,0,0,1,0,0,1,0,0,0
3160,3,2,2,1,1,0,0,0,0,1,1,0,0,0,0,0,1,0
3210,4,0,0,1,1,0,0,1,0,0,1,0,0,0,1,0,0,0
810,2,0,0,1,0,1,0,1,0,0,0,1,0,0,0,1,0,0
850,4,3,1,1,1,0,0,0,1,0,1,0,0,0,1,0,0,0
3490,3,0,0,1,0,1,0,0,1,0,0,0,1,0,0,0,0,1
970,1,0,0,1,1,0,0,1,0,0,0,0,0,1,1,0,0,0
590,5,3,0,1,1,0,0,1,0,0,1,0,0,0,0,1,0,0
28450,2,0,0,1,1,0,0,1,0,0,1,0,0,0,1,0,0,0
1180,4,0,0,1,0,1,0,1,0,0,0,0,0,1,0,0,1,0
610,1,0,0,1,1,0,0,1,0,0,1,0,0,0,0,0,0,1
1650,1,0,0,1,1,0,0,1,0,0,0,1,0,0,0,1,0,0
1750,1,0,0,1,1,0,0,1,0,0,1,0,0,0,0,1,0,0
1520,5,0,0,1,0,1,0,1,0,0,1,0,0,0,0,0,0,1
1280,4,0,0,1,0,1,0,1,0,0,1,0,0,0,1,0,0,0
8030,4,0,0,1,1,0,0,1,0,0,1,0,0,0,1,0,0,0
14250,3,2,1,1,0,1,0,0,1,0,0,1,0,0,0,0,1,0
1060,5,4,0,1,1,0,0,1,0,0,0,0,0,1,0,0,0,1
5860,2,1,1,1,1,0,0,1,0,0,1,0,0,0,1,0,0,0
1100,3,1,0,1,1,0,0,0,1,0,1,0,0,0,1,0,0,0
680,4,3,2,1,0,1,0,1,0,0,0,1,0,0,0,1,0,0
630,3,0,0,1,1,0,0,1,0,0,1,0,0,0,1,0,0,0
1150,3,1,1,1,1,0,0,1,0,0,0,0,0,1,0,0,0,1
590,3,1,1,1,0,1,0,1,0,0,0,1,0,0,0,1,0,0
780,2,0,0,1,1,0,0,0,1,0,1,0,0,0,1,0,0,0
1200,3,1,0,1,1,0,0,1,0,0,1,0,0,0,0,1,0,0
27070,5,2,2,1,1,0,0,0,1,0,0,1,0,0,0,1,0,0
750,2,0,0,1,0,1,0,1,0,0,1,0,0,0,0,1,0,0
22160,5,2,2,1,1,0,0,0,0,1,0,1,0,0,0,1,0,0
630,2,1,0,1,0,1,0,1,0,0,0,1,0,0,0,0,0,1
2110,2,0,0,1,1,0,0,0,1,0,0,0,0,1,0,0,0,1
620,1,0,0,1,1,0,0,0,1,0,1,0,0,0,1,0,0,0
2590,5,2,1,1,1,0,0,1,0,0,0,1,0,0,0,0,1,0
30050,5,4,0,1,1,0,0,1,0,0,1,0,0,0,1,0,0,0
38950,5,0,0,1,1,0,0,1,0,0,1,0,0,0,1,0,0,0
590,4,2,2,1,0,0,1,1,0,0,1,0,0,0,0,1,0,0
15450,5,4,4,1,1,0,0,1,0,0,0,1,0,0,0,0,0,1
940,2,0,0,1,0,1,0,0,1,0,1,0,0,0,1,0,0,0
2280,1,0,0,1,1,0,0,1,0,0,0,0,0,1,0,0,1,0
1530,1,0,0,1,1,0,0,0,1,0,1,0,0,0,1,0,0,0
2400,1,0,0,1,1,0,0,1,0,0,1,0,0,0,1,0,0,0
1530,3,2,0,1,1,0,0,0,1,0,1,0,0,0,1,0,0,0
3000,2,1,0,1,0,1,0,1,0,0,0,0,0,1,0,0,0,1
580,2,1,0,1,1,0,0,0,1,0,1,0,0,0,0,1,0,0
590,5,3,2,1,1,0,0,1,0,0,0,1,0,0,0,1,0,0
7210,4,2,2,1,1,0,0,0,1,0,1,0,0,0,1,0,0,0
1770,3,1,1,1,1,0,0,1,0,0,1,0,0,0,0,0,0,1
2590,3,0,0,1,1,0,0,0,0,1,0,1,0,0,0,1,0,0
7120,5,4,4,1,1,0,0,1,0,0,1,0,0,0,1,0,0,0
35920,1,0,0,1,1,0,0,0,1,0,0,0,0,1,0,0,0,1
36870,2,0,0,1,1,0,0,1,0,0,0,0,1,0,0,1,0,0
14820,4,0,0,1,1,0,0,1,0,0,0,0,1,0,0,0,1,0
670,2,0,0,1,1,0,0,0,1,0,1,0,0,0,0,1,0,0
1020,3,1,1,1,1,0,0,0,1,0,1,0,0,0,1,0,0,0
8770,3,0,0,1,1,0,0,1,0,0,0,0,0,1,1,0,0,0
9030,1,0,0,1,1,0,0,1,0,0,0,1,0,0,0,0,0,1
4690,2,0,0,1,0,1,0,0,1,0,0,0,0,1,0,0,0,1
2320,3,1,0,1,1,0,0,0,1,0,0,0,1,0,0,0,1,0
2140,5,3,0,1,1,0,0,1,0,0,1,0,0,0,1,0,0,0
6440,4,2,1,1,1,0,0,1,0,0,0,1,0,0,0,0,0,1
1730,4,0,0,1,1,0,0,0,1,0,0,1,0,0,0,0,0,1
890,2,0,0,1,0,0,1,0,1,0,0,0,1,0,0,0,1,0
15310,5,4,2,1,1,0,0,0,1,0,1,0,0,0,1,0,0,0
710,4,2,2,1,1,0,0,0,1,0,0,1,0,0,0,1,0,0
2720,4,2,2,1,1,0,0,1,0,0,0,1,0,0,0,1,0,0
5220,3,0,0,1,1,0,0,1,0,0,0,0,1,0,0,1,0,0
4120,3,1,1,1,1,0,0,0,0,1,0,0,1,0,0,0,1,0
920,3,1,1,1,1,0,0,0,1,0,1,0,0,0,1,0,0,0
21610,1,0,0,1,1,0,0,1,0,0,0,1,0,0,0,1,0,0
620,3,2,0,1,1,0,0,1,0,0,0,0,0,1,0,0,0,1
2310,1,0,0,1,1,0,0,0,1,0,1,0,0,0,1,0,0,0
650,1,0,0,1,1,0,0,1,0,0,0,1,0,0,0,0,0,1
4980,1,0,0,1,0,1,0,0,1,0,1,0,0,0,0,1,0,0
580,5,2,1,1,1,0,0,1,0,0,0,0,1,0,0,0,0,1
860,2,1,1,1,1,0,0,0,1,0,1,0,0,0,1,0,0,0
11710,4,2,1,1,1,0,0,1,0,0,0,1,0,0,0,1,0,0
760,1,0,0,1,1,0,0,0,1,0,1,0,0,0,0,1,0,0
1370,5,3,2,1,1,0,0,0,1,0,1,0,0,0,0,0,0,1
1460,2,0,0,1,1,0,0,1,0,0,1,0,0,0,0,0,1,0
1930,5,4,4,1,1,0,0,0,1,0,0,1,0,0,0,1,0,0
1000,5,1,1,1,1,0,0,0,0,1,0,0,1,0,0,0,1,0
870,2,1,1,1,1,0,0,0,0,1,0,0,0,1,0,0,0,1
1430,5,2,1,1,1,0,0,0,1,0,1,0,0,0,1,0,0,0
2200,4,0,0,1,1,0,0,1,0,0,1,0,0,0,0,1,0,0
840,1,0,0,1,1,0,0,0,1,0,0,0,1,0,0,0,0,1
700,1,0,0,1,0,0,1,1,0,0,0,1,0,0,0,0,1,0
10810,3,2,1,1,1,0,0,1,0,0,1,0,0,0,1,0,0,0
590,5,3,0,1,1,0,0,1,0,0,1,0,0,0,0,1,0,0
720,4,3,3,1,1,0,0,0,1,0,0,1,0,0,0,1,0,0
19260,1,0,0,1,1,0,0,0,0,1,0,1,0,0,0,0,0,1
590,1,0,0,1,0,1,0,0,1,0,1,0,0,0,1,0,0,0
13460,5,3,2,1,1,0,0,0,0,1,0,1,0,0,0,0,0,1
1580,1,0,0,1,1,0,0,0,0,1,1,0,0,0,1,0,0,0
1330,5,3,2,1,1,0,0,1,0,0,1,0,0,0,1,0,0,0
1790,5,2,1,1,1,0,0,0,1,0,0,0,1,0,0,1,0,0
2380,4,3,1,1,1,0,0,0,1,0,1,0,0,0,0,1,0,0
7490,4,3,3,1,1,0,0,1,0,0,1,0,0,0,0,0,0,1
1740,5,2,1,1,0,1,0,0,1,0,0,0,0,1,1,0,0,0
1910,2,0,0,1,1,0,0,0,1,0,1,0,0,0,0,0,0,1
930,4,3,0,1,1,0,0,0,1,0,0,0,0,1,1,0,0,0
3330,5,1,0,1,1,0,0,0,1,0,1,0,0,0,1,0,0,0
2050,3,2,0,1,1,0,0,0,1,0,1,0,0,0,1,0,0,0
1950,4,0,0,1,1,0,0,1,0,0,0,1,0,0,0,1,0,0
1320,4,2,0,1,0,0,1,1,0,0,1,0,0,0,1,0,0,0
590,1,0,0,1,1,0,0,1,0,0,0,0,0,1,1,0,0,0
6600,5,2,0,1,1,0,0,0,0,1,0,1,0,0,0,0,1,0
1910,3,0,0,1,1,0,0,0,1,0,1,0,0,0,0,0,1,0
2070,1,0,0,1,0,1,0,1,0,0,0,0,1,0,0,0,0,1
4150,5,0,0,1,1,0,0,0,1,0,0,1,0,0,0,1,0,0
1900,2,0,0,1,1,0,0,1,0,0,0,0,0,1,0,0,0,1
1370,2,0,0,1,1,0,0,0,1,0,1,0,0,0,1,0,0,0
5820,1,0,0,1,1,0,0,1,0,0,1,0,0,0,0,0,0,1
780,2,0,0,1,1,0,0,1,0,0,0,1,0,0,0,0,0,1
680,2,0,0,1,1,0,0,0,1,0,0,1,0,0,0,1,0,0
1800,4,1,1,1,0,1,0,1,0,0,1,0,0,0,0,1,0,0
28560,5,4,4,1,1,0,0,0,0,1,0,0,0,1,1,0,0,0
630,1,0,0,1,0,1,0,1,0,0,1,0,0,0,1,0,0,0
5990,4,0,0,1,1,0,0,0,1,0,0,0,0,1,0,0,1,0
3650,1,0,0,1,1,0,0,0,1,0,0,1,0,0,1,0,0,0
1470,1,0,0,1,1,0,0,1,0,0,0,1,0,0,0,1,0,0
4460,3,0,0,1,1,0,0,1,0,0,0,1,0,0,0,1,0,0
4100,4,0,0,1,1,0,0,0,1,0,1,0,0,0,1,0,0,0
3120,3,1,0,1,0,0,1,0,1,0,0,0,1,0,0,0,1,0
730,2,1,0,1,1,0,0,0,0,1,1,0,0,0,1,0,0,0
16440,4,1,1,1,0,1,0,1,0,0,1,0,0,0,1,0,0,0
1100,5,2,1,1,1,0,0,0,1,0,1,0,0,0,0,1,0,0
2840,2,1,1,1,1,0,0,1,0,0,1,0,0,0,0,0,1,0
1010,5,1,0,1,1,0,0,0,1,0,0,1,0,0,0,1,0,0
18270,3,2,2,1,1,0,0,1,0,0,0,1,0,0,0,0,0,1
5690,1,0,0,1,0,1,0,0,1,0,0,0,1,0,0,0,1,0
4610,5,4,2,1,0,1,0,0,1,0,1,0,0,0,0,0,0,1
20940,1,0,0,1,1,0,0,1,0,0,1,0,0,0,0,0,1,0
1020,5,4,4,1,0,1,0,0,1,0,0,1,0,0,1,0,0,0
620,1,0,0,1,1,0,0,1,0,0,0,0,0,1,0,0,0,1
1380,1,0,0,1,1,0,0,1,0,0,0,0,0,1,0,0,0,1
1370,4,2,2,1,1,0,0,1,0,0,0,0,1,0,0,0,1,0
10910,2,0,0,1,1,0,0,1,0,0,1,0,0,0,0,0,1,0
26600,4,2,1,1,1,0,0,0,1,0,1,0,0,0,0,0,0,1
24050,2,1,1,1,1,0,0,1,0,0,0,0,1,0,1,0,0,0
1950,5,4,3,1,1,0,0,1,0,0,1,0,0,0,1,0,0,0
5070,3,2,1,1,1,0,0,1,0,0,0,1,0,0,0,1,0,0
2910,4,3,0,1,0,1,0,1,0,0,0,1,0,0,1,0,0,0
10430,3,1,1,1,1,0,0,1,0,0,0,1,0,0,1,0,0,0
850,2,0,0,1,1,0,0,1,0,0,0,1,0,0,0,1,0,0
6460,3,2,1,1,1,0,0,1,0,0,1,0,0,0,1,0,0,0
3130,2,0,0,1,1,0,0,1,0,0,1,0,0,0,0,0,1,0
37550,1,0,0,1,1,0,0,1,0,0,1,0,0,0,1,0,0,0
970,4,2,0,1,1,0,0,1,0,0,0,0,1,0,1,0,0,0
9820,3,0,0,1,0,1,0,1,0,0,1,0,0,0,0,0,0,1
2900,1,0,0,1,0,1,0,1,0,0,1,0,0,0,1,0,0,0
2780,3,1,1,1,1,0,0,1,0,0,0,1,0,0,0,1,0,0
5170,2,0,0,1,1,0,0,1,0,0,1,0,0,0,0,0,0,1
890,5,1,1,1,1,0,0,1,0,0,0,1,0,0,0,0,0,1
940,2,1,1,1,1,0,0,0,1,0,0,1,0,0,0,1,0,0
630,5,3,1,1,1,0,0,0,1,0,0,1,0,0,0,0,0,1
2660,4,0,0,1,1,0,0,1,0,0,1,0,0,0,1,0,0,0
2250,2,1,1,1,1,0,0,1,0,0,1,0,0,0,0,1,0,0
14100,5,2,1,1,1,0,0,0,1,0,0,0,0,1,0,1,0,0
1180,5,0,0,1,0,1,0,0,1,0,1,0,0,0,1,0,0,0
640,3,0,0,1,1,0,0,0,0,1,0,1,0,0,0,1,0,0
2240,3,2,0,1,1,0,0,1,0,0,1,0,0,0,0,1,0,0
22030,5,0,0,1,1,0,0,1,0,0,1,0,0,0,1,0,0,0
30520,5,4,3,1,1,0,0,0,1,0,0,1,0,0,0,1,0,0
2870,3,1,0,1,1,0,0,1,0,0,0,0,0,1,0,0,0,1
2100,5,2,2,1,0,0,1,1,0,0,1,0,0,0,0,0,0,1
13840,4,3,3,1,1,0,0,1,0,0,1,0,0,0,0,1,0,0
4500,1,0,0,1,1,0,0,1,0,0,1,0,0,0,0,1,0,0
13790,4,2,2,1,1,0,0,1,0,0,0,0,0,1,1,0,0,0
1640,3,0,0,1,1,0,0,0,1,0,1,0,0,0,0,0,0,1
5490,2,0,0,1,1,0,0,0,1,0,0,0,1,0,0,0,1,0
11150,4,0,0,1,1,0,0,1,0,0,1,0,0,0,1,0,0,0
5970,2,0,0,1,1,0,0,1,0,0,0,1,0,0,0,1,0,0
2940,2,0,0,1,1,0,0,1,0,0,1,0,0,0,1,0,0,0
840,3,0,0,1,1,0,0,0,1,0,1,0,0,0,1,0,0,0
3200,1,0,0,1,1,0,0,0,1,0,0,1,0,0,0,1,0,0
26940,2,1,1,1,1,0,0,0,1,0,0,1,0,0,0,1,0,0
690,3,2,0,1,1,0,0,1,0,0,0,1,0,0,0,0,1,0
2010,2,0,0,1,1,0,0,0,1,0,1,0,0,0,0,0,1,0
32270,3,2,2,1,1,0,0,1,0,0,0,0,0,1,0,0,0,1
610,3,0,0,1,0,1,0,0,1,0,1,0,0,0,0,1,0,0
630,1,0,0,1,1,0,0,1,0,0,0,1,0,0,0,0,0,1
2570,4,0,0,1,1,0,0,0,1,0,1,0,0,0,0,1,0,0
10430,1,0,0,1,1,0,0,1,0,0,1,0,0,0,0,0,1,0
580,3,0,0,1,0,1,0,1,0,0,1,0,0,0,0,0,0,1
7280,4,3,3,1,1,0,0,0,1,0,1,0,0,0,0,1,0,0
5840,4,2,0,1,1,0,0,0,1,0,0,1,0,0,0,1,0,0
4840,1,0,0,1,1,0,0,0,1,0,0,1,0,0,0,1,0,0
38100,4,2,1,1,1,0,0,1,0,0,0,0,0,1,1,0,0,0
3200,4,2,1,1,1,0,0,0,1,0,0,1,0,0,0,1,0,0
2920,5,1,1,1,1,0,0,1,0,0,1,0,0,0,0,0,0,1
1480,1,0,0,1,0,0,1,0,1,0,0,0,0,1,0,0,0,1
3150,2,1,1,1,0,1,0,0,0,1,1,0,0,0,1,0,0,0
7910,5,2,0,1,1,0,0,0,1,0,0,0,1,0,0,0,1,0
2000,4,3,0,1,1,0,0,1,0,0,0,1,0,0,1,0,0,0
12470,5,0,0,1,0,1,0,0,1,0,0,0,0,1,0,0,0,1
1480,1,0,0,1,1,0,0,0,0,1,0,1,0,0,0,1,0,0
4440,5,4,4,1,0,0,1,0,1,0,0,1,0,0,0,0,1,0
9570,4,2,0,1,1,0,0,0,0,1,1,0,0,0,1,0,0,0
1170,4,2,1,1,0,1,0,1,0,0,1,0,0,0,1,0,0,0
5740,5,4,3,1,1,0,0,0,1,0,1,0,0,0,1,0,0,0
1710,5,4,2,1,1,0,0,1,0,0,1,0,0,0,1,0,0,0
23430,1,0,0,1,1,0,0,0,1,0,1,0,0,0,0,0,0,1
640,5,2,2,1,0,1,0,1,0,0,0,1,0,0,0,1,0,0
610,5,4,1,1,1,0,0,1,0,0,0,0,1,0,0,0,1,0
1180,3,2,1,1,1,0,0,1,0,0,1,0,0,0,0,1,0,0
21760,2,1,1,1,1,0,0,0,0,1,1,0,0,0,0,0,0,1
6400,3,1,1,1,0,1,0,1,0,0,1,0,0,0,0,1,0,0
28470,1,0,0,1,1,0,0,0,1,0,0,1,0,0,0,1,0,0
810,3,2,0,1,0,1,0,1,0,0,1,0,0,0,1,0,0,0
1010,1,0,0,1,1,0,0,1,0,0,1,0,0,0,0,1,0,0
820,1,0,0,1,1,0,0,1,0,0,1,0,0,0,1,0,0,0
820,5,0,0,1,0,1,0,1,0,0,1,0,0,0,1,0,0,0
38680,2,0,0,1,0,1,0,1,0,0,0,1,0,0,0,0,0,1
590,4,2,2,1,1,0,0,0,0,1,1,0,0,0,0,0,1,0
1980,3,2,1,1,1,0,0,1,0,0,0,0,0,1,0,1,0,0
1110,4,3,2,1,1,0,0,0,1,0,0,1,0,0,1,0,0,0
23700,1,0,0,1,1,0,0,1,0,0,1,0,0,0,1,0,0,0
7760,4,1,1,1,1,0,0,0,0,1,0,1,0,0,0,1,0,0
28580,2,1,1,1,0,0,1,1,0,0,0,0,0,1,0,0,0,1
9620,4,0,0,1,0,0,1,0,0,1,1,0,0,0,1,0,0,0
4830,5,0,0,1,1,0,0,0,1,0,1,0,0,0,0,1,0,0
630,2,0,0,1,1,0,0,0,1,0,1,0,0,0,1,0,0,0
9650,2,0,0,1,1,0,0,0,0,1,0,1,0,0,0,0,1,0
14620,5,4,4,1,1,0,0,0,1,0,1,0,0,0,1,0,0,0
620,2,1,0,1,0,0,1,1,0,0,1,0,0,0,0,0,0,1
840,5,1,1,1,1,0,0,0,1,0,0,1,0,0,0,1,0,0
770,3,2,0,1,1,0,0,1,0,0,0,1,0,0,0,1,0,0
2680,4,3,1,1,1,0,0,1,0,0,0,1,0,0,0,1,0,0
760,3,2,2,1,1,0,0,0,1,0,0,0,1,0,0,0,1,0
4940,1,0,0,1,1,0,0,1,0,0,1,0,0,0,0,0,0,1
1550,1,0,0,1,1,0,0,0,1,0,1,0,0,0,0,0,1,0
6690,1,0,0,1,1,0,0,1,0,0,1,0,0,0,1,0,0,0
9180,5,0,0,1,1,0,0,0,0,1,1,0,0,0,1,0,0,0
600,1,0,0,1,1,0,0,1,0,0,0,0,1,0,0,0,1,0
670,4,1,0,1,1,0,0,0,1,0,1,0,0,0,1,0,0,0
2480,5,0,0,1,1,0,0,0,1,0,0,0,0,1,0,1,0,0
850,2,0,0,1,1,0,0,1,0,0,0,0,0,1,0,0,0,1
7720,2,1,0,1,1,0,0,1,0,0,1,0,0,0,0,1,0,0
5890,4,2,0,1,0,1,0,0,1,0,0,0,1,0,1,0,0,0
23800,3,0,0,1,0,0,1,0,1,0,1,0,0,0,0,1,0,0
700,1,0,0,1,1,0,0,1,0,0,0,0,0,1,0,0,0,1
2200,5,2,0,1,1,0,0,0,1,0,1,0,0,0,0,1,0,0
860,5,1,0,1,1,0,0,1,0,0,0,0,0,1,0,0,0,1
1290,4,0,0,1,0,0,1,0,1,0,0,0,0,1,0,0,1,0
7190,1,0,0,1,1,0,0,0,0,1,0,0,0,1,0,0,0,1
5800,5,4,3,1,1,0,0,1,0,0,0,1,0,0,0,0,1,0
1010,1,0,0,1,1,0,0,0,1,0,1,0,0,0,1,0,0,0
8100,4,1,0,1,1,0,0,1,0,0,1,0,0,0,1,0,0,0
610,3,1,0,1,0,1,0,1,0,0,1,0,0,0,1,0,0,0
3330,2,1,1,1,1,0,0,1,0,0,1,0,0,0,1,0,0,0
1130,5,2,0,1,1,0,0,1,0,0,0,1,0,0,0,1,0,0
1500,3,2,1,1,1,0,0,0,1,0,0,1,0,0,0,0,1,0
5120,2,1,0,1,0,1,0,1,0,0,1,0,0,0,1,0,0,0
5270,1,0,0,1,0,1,0,0,0,1,1,0,0,0,0,1,0,0
29890,4,3,2,1,1,0,0,1,0,0,1,0,0,0,0,0,0,1
15990,4,2,0,1,1,0,0,0,0,1,1,0,0,0,1,0,0,0
1220,2,1,0,1,1,0,0,0,1,0,1,0,0,0,0,0,0,1
19380,5,4,0,1,1,0,0,1,0,0,0,1,0,0,0,1,0,0
1560,3,0,0,1,1,0,0,1,0,0,1,0,0,0,0,0,0,1
1100,2,1,0,1,1,0,0,0,1,0,1,0,0,0,1,0,0,0
1230,5,0,0,1,1,0,0,0,0,1,1,0,0,0,0,0,0,1
650,4,0,0,1,1,0,0,0,0,1,1,0,0,0,1,0,0,0
2700,5,3,0,1,1,0,0,0,1,0,0,0,1,0,0,0,1,0
21060,3,1,1,1,1,0,0,1,0,0,1,0,0,0,1,0,0,0
760,3,1,0,1,1,0,0,0,0,1,0,1,0,0,0,0,0,1
6080,1,0,0,1,1,0,0,1,0,0,1,0,0,0,1,0,0,0
760,5,0,0,1,1,0,0,1,0,0,1,0,0,0,1,0,0,0
1710,1,0,0,1,0,1,0,0,1,0,1,0,0,0,1,0,0,0
25800,1,0,0,1,1,0,0,0,1,0,0,0,1,0,0,0,0,1
7800,1,0,0,1,1,0,0,1,0,0,0,1,0,0,1,0,0,0
3790,1,0,0,1,1,0,0,1,0,0,1,0,0,0,0,0,0,1
890,1,0,0,1,1,0,0,0,1,0,0,1,0,0,0,0,1,0
10880,5,2,1,1,1,0,0,1,0,0,0,0,1,0,0,1,0,0
800,2,1,0,1,1,0,0,1,0,0,0,1,0,0,0,1,0,0
10840,5,0,0,1,1,0,0,1,0,0,1,0,0,0,0,1,0,0
930,1,0,0,1,0,1,0,0,1,0,1,0,0,0,0,0,0,1
610,4,1,1,1,0,0,1,1,0,0,1,0,0,0,1,0,0,0
11370,2,0,0,1,1,0,0,0,1,0,1,0,0,0,0,0,0,1
1210,3,1,0,1,1,0,0,0,1,0,1,0,0,0,1,0,0,0
12050,1,0,0,1,1,0,0,1,0,0,0,1,0,0,1,0,0,0
2480,5,0,0,1,1,0,0,0,1,0,0,0,0,1,0,0,1,0
4870,4,3,2,1,0,1,0,0,1,0,1,0,0,0,1,0,0,0
580,4,0,0,1,1,0,0,0,1,0,1,0,0,0,1,0,0,0
39000,5,1,1,1,1,0,0,1,0,0,1,0,0,0,1,0,0,0
1450,4,0,0,1,1,0,0,1,0,0,0,1,0,0,0,1,0,0
2060,5,3,2,1,1,0,0,1,0,0,1,0,0,0,0,1,0,0
1010,1,0,0,1,1,0,0,1,0,0,1,0,0,0,1,0,0,0
610,4,2,0,1,0,1,0,0,1,0,1,0,0,0,1,0,0,0
1050,1,0,0,1,1,0,0,1,0,0,1,0,0,0,0,0,1,0
600,1,0,0,1,1,0,0,1,0,0,1,0,0,0,1,0,0,0
13960,1,0,0,1,1,0,0,1,0,0,1,0,0,0,0,1,0,0
870,2,0,0,1,0,1,0,1,0,0,1,0,0,0,1,0,0,0
19580,4,2,0,1,1,0,0,1,0,0,1,0,0,0,0,0,0,1
710,4,2,1,1,1,0,0,1,0,0,0,0,0,1,1,0,0,0
810,3,0,0,1,1,0,0,1,0,0,1,0,0,0,1,0,0,0
6510,4,3,2,1,1,0,0,1,0,0,0,0,1,0,0,0,1,0
960,2,1,0,1,0,1,0,0,1,0,1,0,0,0,1,0,0,0
960,5,4,4,1,0,0,1,1,0,0,0,1,0,0,1,0,0,0
2490,3,1,1,1,0,1,0,1,0,0,0,1,0,0,0,1,0,0
1660,3,2,2,1,1,0,0,0,0,1,0,0,1,0,0,0,1,0
920,5,4,3,1,0,0,1,0,1,0,1,0,0,0,0,1,0,0
27160,3,0,0,1,1,0,0,1,0,0,1,0,0,0,1,0,0,0
1640,4,1,1,1,1,0,0,0,0,1,1,0,0,0,0,1,0,0
4300,4,2,2,1,1,0,0,1,0,0,0,0,1,0,0,0,1,0
1040,2,1,0,1,0,0,1,0,1,0,1,0,0,0,0,1,0,0
710,3,2,1,1,1,0,0,1,0,0,1,0,0,0,0,0,1,0
3590,4,1,1,1,1,0,0,0,1,0,1,0,0,0,1,0,0,0
1700,3,1,1,1,0,1,0,1,0,0,0,1,0,0,0,1,0,0
29550,5,0,0,1,1,0,0,1,0,0,0,1,0,0,0,1,0,0
1050,5,1,1,1,1,0,0,0,1,0,1,0,0,0,1,0,0,0
12320,2,0,0,1,1,0,0,1,0,0,0,0,1,0,0,0,1,0
820,4,3,3,1,0,1,0,1,0,0,1,0,0,0,1,0,0,0
4590,4,1,1,1,1,0,0,0,1,0,0,1,0,0,0,1,0,0
1190,2,0,0,1,1,0,0,0,0,1,0,0,1,0,0,0,1,0
5160,5,4,0,1,1,0,0,0,0,1,0,0,0,1,0,1,0,0
630,4,2,2,1,0,1,0,1,0,0,0,1,0,0,0,1,0,0
21950,5,2,2,1,1,0,0,1,0,0,0,1,0,0,0,1,0,0
1150,2,0,0,1,1,0,0,1,0,0,1,0,0,0,1,0,0,0
3540,5,3,2,1,1,0,0,0,1,0,1,0,0,0,0,0,0,1
33410,1,0,0,1,1,0,0,1,0,0,1,0,0,0,1,0,0,0
2280,4,0,0,1,1,0,0,0,1,0,1,0,0,0,0,1,0,0
730,3,2,0,1,1,0,0,0,0,1,1,0,0,0,1,0,0,0
590,5,0,0,1,1,0,0,1,0,0,1,0,0,0,0,0,0,1
4200,3,1,1,1,1,0,0,0,1,0,1,0,0,0,1,0,0,0
1560,4,0,0,1,0,1,0,1,0,0,0,0,1,0,0,0,0,1
720,2,0,0,1,1,0,0,0,1,0,1,0,0,0,0,1,0,0
7360,5,4,2,1,1,0,0,0,1,0,1,0,0,0,1,0,0,0
680,4,0,0,1,1,0,0,0,0,1,1,0,0,0,1,0,0,0
21830,1,0,0,1,0,1,0,1,0,0,1,0,0,0,1,0,0,0
620,5,3,2,1,1,0,0,1,0,0,0,1,0,0,0,1,0,0
1110,1,0,0,1,1,0,0,1,0,0,1,0,0,0,0,1,0,0
600,1,0,0,1,1,0,0,0,0,1,1,0,0,0,1,0,0,0
4350,1,0,0,1,0,1,0,0,1,0,1,0,0,0,0,0,0,1
3450,3,1,0,1,1,0,0,0,1,0,1,0,0,0,0,1,0,0
920,1,0,0,1,1,0,0,1,0,0,1,0,0,0,0,0,0,1
980,4,2,2,1,1,0,0,1,0,0,0,1,0,0,0,0,0,1
2660,4,0,0,1,1,0,0,0,1,0,1,0,0,0,1,0,0,0
680,3,2,2,1,1,0,0,1,0,0,1,0,0,0,0,1,0,0
690,4,3,1,1,1,0,0,0,1,0,0,1,0,0,0,1,0,0
700,1,0,0,1,1,0,0,1,0,0,1,0,0,0,0,1,0,0
1450,1,0,0,1,0,1,0,1,0,0,0,1,0,0,0,1,0,0
1050,5,0,0,1,1,0,0,1,0,0,0,1,0,0,0,0,1,0
7410,2,1,1,1,1,0,0,0,1,0,1,0,0,0,0,1,0,0
670,2,0,0,1,1,0,0,0,0,1,1,0,0,0,1,0,0,0
840,1,0,0,1,0,1,0,1,0,0,0,0,1,0,1,0,0,0
2830,2,0,0,1,1,0,0,0,0,1,0,1,0,0,0,1,0,0
2620,2,0,0,1,1,0,0,0,1,0,1,0,0,0,1,0,0,0
12590,1,0,0,1,1,0,0,0,0,1,0,0,0,1,0,0,1,0
17940,5,1,1,1,1,0,0,1,0,0,1,0,0,0,1,0,0,0
3910,1,0,0,1,1,0,0,1,0,0,1,0,0,0,0,0,1,0
620,1,0,0,1,0,1,0,1,0,0,0,0,0,1,0,0,0,1
7780,2,1,0,1,1,0,0,0,1,0,1,0,0,0,0,1,0,0
4050,3,2,0,1,0,1,0,1,0,0,0,0,0,1,0,0,0,1
